                      :-) GROMACS - gmx mdrun, 2024.2 (-:

Copyright 1991-2024 The GROMACS Authors.
GROMACS is free software; you can redistribute it and/or modify it
under the terms of the GNU Lesser General Public License
as published by the Free Software Foundation; either version 2.1
of the License, or (at your option) any later version.

                         Current GROMACS contributors:
       Mark Abraham           Andrey Alekseenko           Vladimir Basov      
      Cathrine Bergh            Eliane Briand               Ania Brown        
      Mahesh Doijade            Giacomo Fiorin          Stefan Fleischmann    
      Sergey Gorelov         Gilles Gouaillardet            Alan Gray         
     M. Eric Irrgang         Farzaneh Jalalypour            Joe Jordan        
     Carsten Kutzner           Justin A. Lemkul          Magnus Lundborg      
       Pascal Merz              Vedran Miletic            Dmitry Morozov      
       Julien Nabet              Szilard Pall        Andrea Pasquadibisceglie 
    Michele Pellegrino          Hubert Santuz             Roland Schulz       
     Tatiana Shugaeva          Alexey Shvetsov            Philip Turner       
     Alessandra Villa      Sebastian Wingbermuehle  

                         Previous GROMACS contributors:
        Emile Apol             Rossen Apostolov           James Barnett       
        Paul Bauer          Herman J.C. Berendsen          Par Bjelkmar       
      Christian Blau          Viacheslav Bolnykh            Kevin Boyd        
    Aldert van Buuren          Carlo Camilloni           Rudi van Drunen      
      Anton Feenstra           Oliver Fleetwood            Vytas Gapsys       
       Gaurav Garg             Gerrit Groenhof            Bert de Groot       
      Anca Hamuraru           Vincent Hindriksen          Victor Holanda      
     Aleksei Iupinov          Christoph Junghans        Prashanth Kanduri     
   Dimitrios Karkoulis           Peter Kasson             Sebastian Kehl      
     Sebastian Keller             Jiri Kraus               Per Larsson        
      Viveca Lindahl            Erik Marklund           Pieter Meulenhoff     
      Teemu Murtola              Sander Pronk             Michael Shirts      
      Alfons Sijbers            Balint Soproni         David van der Spoel    
      Peter Tieleman            Carsten Uphoff             Jon Vincent        
     Teemu Virolainen         Christian Wennberg           Maarten Wolf       
      Artem Zhmurov       

                  Coordinated by the GROMACS project leaders:
                           Berk Hess and Erik Lindahl

GROMACS:      gmx mdrun, version 2024.2
Executable:   /usr/local/gromacs/bin/gmx
Data prefix:  /usr/local/gromacs
Working dir:  /home/ricardo/dropbox_local/protocolo_filmes/casting_md/example/chitosan/solvent_box
Process ID:   12993
Command line:
  gmx mdrun -deffnm npt -v

GROMACS version:     2024.2
Precision:           mixed
Memory model:        64 bit
MPI library:         thread_mpi
OpenMP support:      enabled (GMX_OPENMP_MAX_THREADS = 128)
GPU support:         CUDA
NBNxM GPU setup:     super-cluster 2x2x2 / cluster 8
SIMD instructions:   AVX2_256
CPU FFT library:     fftw-3.3.8-sse2-avx
GPU FFT library:     cuFFT
Multi-GPU FFT:       none
RDTSCP usage:        enabled
TNG support:         enabled
Hwloc support:       disabled
Tracing support:     disabled
C compiler:          /usr/bin/gcc-9 GNU 9.5.0
C compiler flags:    -fexcess-precision=fast -funroll-all-loops -mavx2 -mfma -Wno-missing-field-initializers -O3 -DNDEBUG
C++ compiler:        /usr/bin/c++ GNU 11.4.0
C++ compiler flags:  -fexcess-precision=fast -funroll-all-loops -mavx2 -mfma -Wno-missing-field-initializers -Wno-cast-function-type-strict -fopenmp -O3 -DNDEBUG
BLAS library:        External - detected on the system
LAPACK library:      External - detected on the system
CUDA compiler:       /usr/bin/nvcc nvcc: NVIDIA (R) Cuda compiler driver;Copyright (c) 2005-2021 NVIDIA Corporation;Built on Thu_Nov_18_09:45:30_PST_2021;Cuda compilation tools, release 11.5, V11.5.119;Build cuda_11.5.r11.5/compiler.30672275_0
CUDA compiler flags:-std=c++17;;-D_FORCE_INLINES;-Xcompiler;-fopenmp;-fexcess-precision=fast -funroll-all-loops -mavx2 -mfma -Wno-missing-field-initializers -Wno-cast-function-type-strict -fopenmp -O3 -DNDEBUG
CUDA driver:         12.70
CUDA runtime:        11.50


Running on 1 node with total 6 cores, 12 processing units, 1 compatible GPU
Hardware detected on host pop-os:
  CPU info:
    Vendor: Intel
    Brand:  11th Gen Intel(R) Core(TM) i5-11400H @ 2.70GHz
    Family: 6   Model: 141   Stepping: 1
    Features: aes apic avx avx2 avx512f avx512cd avx512bw avx512vl avx512secondFMA clfsh cmov cx8 cx16 f16c fma htt intel lahf mmx msr nonstop_tsc pcid pclmuldq pdcm pdpe1gb popcnt pse rdrnd rdtscp sha sse2 sse3 sse4.1 sse4.2 ssse3 tdt x2apic
    Number of AVX-512 FMA units: 1 (For Intel, AVX2 is faster w/o 2 AVX-512 FMA units)
  Hardware topology: Basic
    Packages, cores, and logical processors:
    [indices refer to OS logical processors]
      Package  0: [   0   6] [   1   7] [   2   8] [   3   9] [   4  10] [   5  11]
    CPU limit set by OS: -1   Recommended max number of threads: 12
  GPU info:
    Number of GPUs detected: 1
    #0: NVIDIA NVIDIA GeForce RTX 3050 Laptop GPU, compute cap.: 8.6, ECC:  no, stat: compatible


++++ PLEASE READ AND CITE THE FOLLOWING REFERENCE ++++
M. J. Abraham, T. Murtola, R. Schulz, S. Páll, J. C. Smith, B. Hess, E.
Lindahl
GROMACS: High performance molecular simulations through multi-level
parallelism from laptops to supercomputers
SoftwareX 1 (2015) pp. 19-25
-------- -------- --- Thank You --- -------- --------


++++ PLEASE READ AND CITE THE FOLLOWING REFERENCE ++++
S. Páll, M. J. Abraham, C. Kutzner, B. Hess, E. Lindahl
Tackling Exascale Software Challenges in Molecular Dynamics Simulations with
GROMACS
In S. Markidis & E. Laure (Eds.), Solving Software Challenges for Exascale 8759 (2015) pp. 3-27
-------- -------- --- Thank You --- -------- --------


++++ PLEASE READ AND CITE THE FOLLOWING REFERENCE ++++
S. Pronk, S. Páll, R. Schulz, P. Larsson, P. Bjelkmar, R. Apostolov, M. R.
Shirts, J. C. Smith, P. M. Kasson, D. van der Spoel, B. Hess, and E. Lindahl
GROMACS 4.5: a high-throughput and highly parallel open source molecular
simulation toolkit
Bioinformatics 29 (2013) pp. 845-54
-------- -------- --- Thank You --- -------- --------


++++ PLEASE READ AND CITE THE FOLLOWING REFERENCE ++++
B. Hess and C. Kutzner and D. van der Spoel and E. Lindahl
GROMACS 4: Algorithms for highly efficient, load-balanced, and scalable
molecular simulation
J. Chem. Theory Comput. 4 (2008) pp. 435-447
-------- -------- --- Thank You --- -------- --------


++++ PLEASE READ AND CITE THE FOLLOWING REFERENCE ++++
D. van der Spoel, E. Lindahl, B. Hess, G. Groenhof, A. E. Mark and H. J. C.
Berendsen
GROMACS: Fast, Flexible and Free
J. Comp. Chem. 26 (2005) pp. 1701-1719
-------- -------- --- Thank You --- -------- --------


++++ PLEASE READ AND CITE THE FOLLOWING REFERENCE ++++
E. Lindahl and B. Hess and D. van der Spoel
GROMACS 3.0: A package for molecular simulation and trajectory analysis
J. Mol. Mod. 7 (2001) pp. 306-317
-------- -------- --- Thank You --- -------- --------


++++ PLEASE READ AND CITE THE FOLLOWING REFERENCE ++++
H. J. C. Berendsen, D. van der Spoel and R. van Drunen
GROMACS: A message-passing parallel molecular dynamics implementation
Comp. Phys. Comm. 91 (1995) pp. 43-56
-------- -------- --- Thank You --- -------- --------


++++ PLEASE CITE THE DOI FOR THIS VERSION OF GROMACS ++++
https://doi.org/10.5281/zenodo.11148655
-------- -------- --- Thank You --- -------- --------

Input Parameters:
   integrator                     = md
   tinit                          = 0
   dt                             = 0.001
   nsteps                         = 5000000
   init-step                      = 0
   simulation-part                = 1
   mts                            = false
   mass-repartition-factor        = 1
   comm-mode                      = Linear
   nstcomm                        = 100
   bd-fric                        = 0
   ld-seed                        = -296525
   emtol                          = 10
   emstep                         = 0.01
   niter                          = 20
   fcstep                         = 0
   nstcgsteep                     = 1000
   nbfgscorr                      = 10
   rtpi                           = 0.05
   nstxout                        = 0
   nstvout                        = 0
   nstfout                        = 0
   nstlog                         = 5000
   nstcalcenergy                  = 100
   nstenergy                      = 5000
   nstxout-compressed             = 5000
   compressed-x-precision         = 1000
   cutoff-scheme                  = Verlet
   nstlist                        = 10
   pbc                            = xyz
   periodic-molecules             = false
   verlet-buffer-tolerance        = 0.005
   verlet-buffer-pressure-tolerance = 0.5
   rlist                          = 1.2
   coulombtype                    = PME
   coulomb-modifier               = Potential-shift
   rcoulomb-switch                = 0
   rcoulomb                       = 1.2
   epsilon-r                      = 1
   epsilon-rf                     = inf
   vdw-type                       = Cut-off
   vdw-modifier                   = Force-switch
   rvdw-switch                    = 1
   rvdw                           = 1.2
   DispCorr                       = No
   table-extension                = 1
   fourierspacing                 = 0.16
   fourier-nx                     = 16
   fourier-ny                     = 16
   fourier-nz                     = 16
   pme-order                      = 4
   ewald-rtol                     = 1e-05
   ewald-rtol-lj                  = 0.001
   lj-pme-comb-rule               = Geometric
   ewald-geometry                 = 3d
   epsilon-surface                = 0
   ensemble-temperature-setting   = constant
   ensemble-temperature           = 300
   tcoupl                         = V-rescale
   nsttcouple                     = 100
   nh-chain-length                = 0
   print-nose-hoover-chain-variables = false
   pcoupl                         = C-rescale
   pcoupltype                     = Isotropic
   nstpcouple                     = 100
   tau-p                          = 5
   compressibility (3x3):
      compressibility[    0]={ 4.50000e-05,  0.00000e+00,  0.00000e+00}
      compressibility[    1]={ 0.00000e+00,  4.50000e-05,  0.00000e+00}
      compressibility[    2]={ 0.00000e+00,  0.00000e+00,  4.50000e-05}
   ref-p (3x3):
      ref-p[    0]={ 1.00000e+00,  0.00000e+00,  0.00000e+00}
      ref-p[    1]={ 0.00000e+00,  1.00000e+00,  0.00000e+00}
      ref-p[    2]={ 0.00000e+00,  0.00000e+00,  1.00000e+00}
   refcoord-scaling               = COM
   posres-com (3):
      posres-com[0]= 0.00000e+00
      posres-com[1]= 0.00000e+00
      posres-com[2]= 0.00000e+00
   posres-comB (3):
      posres-comB[0]= 0.00000e+00
      posres-comB[1]= 0.00000e+00
      posres-comB[2]= 0.00000e+00
   QMMM                           = false
qm-opts:
   ngQM                           = 0
   constraint-algorithm           = Lincs
   continuation                   = true
   Shake-SOR                      = false
   shake-tol                      = 0.0001
   lincs-order                    = 4
   lincs-iter                     = 1
   lincs-warnangle                = 30
   nwall                          = 0
   wall-type                      = 9-3
   wall-r-linpot                  = -1
   wall-atomtype[0]               = -1
   wall-atomtype[1]               = -1
   wall-density[0]                = 0
   wall-density[1]                = 0
   wall-ewald-zfac                = 3
   pull                           = false
   awh                            = false
   rotation                       = false
   interactiveMD                  = false
   disre                          = No
   disre-weighting                = Conservative
   disre-mixed                    = false
   dr-fc                          = 1000
   dr-tau                         = 0
   nstdisreout                    = 100
   orire-fc                       = 0
   orire-tau                      = 0
   nstorireout                    = 100
   free-energy                    = no
   cos-acceleration               = 0
   deform (3x3):
      deform[    0]={ 0.00000e+00,  0.00000e+00,  0.00000e+00}
      deform[    1]={ 0.00000e+00,  0.00000e+00,  0.00000e+00}
      deform[    2]={ 0.00000e+00,  0.00000e+00,  0.00000e+00}
   simulated-tempering            = false
   swapcoords                     = no
   userint1                       = 0
   userint2                       = 0
   userint3                       = 0
   userint4                       = 0
   userreal1                      = 0
   userreal2                      = 0
   userreal3                      = 0
   userreal4                      = 0
   applied-forces:
     electric-field:
       x:
         E0                       = 0
         omega                    = 0
         t0                       = 0
         sigma                    = 0
       y:
         E0                       = 0
         omega                    = 0
         t0                       = 0
         sigma                    = 0
       z:
         E0                       = 0
         omega                    = 0
         t0                       = 0
         sigma                    = 0
     density-guided-simulation:
       active                     = false
       group                      = protein
       similarity-measure         = inner-product
       atom-spreading-weight      = unity
       force-constant             = 1e+09
       gaussian-transform-spreading-width = 0.2
       gaussian-transform-spreading-range-in-multiples-of-width = 4
       reference-density-filename = reference.mrc
       nst                        = 1
       normalize-densities        = true
       adaptive-force-scaling     = false
       adaptive-force-scaling-time-constant = 4
       shift-vector               = 
       transformation-matrix      = 
     qmmm-cp2k:
       active                     = false
       qmgroup                    = System
       qmmethod                   = PBE
       qmfilenames                = 
       qmcharge                   = 0
       qmmultiplicity             = 1
     colvars:
       active                     = false
       configfile                 = 
       seed                       = -1
grpopts:
   nrdf:        1253
   ref-t:         300
   tau-t:           1
annealing:          No
annealing-npoints:           0
   acc:	           0           0           0
   nfreeze:           N           N           N
   energygrp-flags[  0]: 0

Changing nstlist from 10 to 25, rlist from 1.2 to 1.2

When checking whether update groups are usable:
  Domain decomposition is not active, so there is no need for update groups
  The combination of rlist and box size prohibits the use of update groups
1 GPU selected for this run.
Mapping of GPU IDs to the 2 GPU tasks in the 1 rank on this node:
  PP:0,PME:0
PP tasks will do (non-perturbed) short-ranged interactions on the GPU
PP task will update and constrain coordinates on the GPU
PME tasks will do all aspects on the GPU
Using 1 MPI thread
Using 6 OpenMP threads 

System total charge: -0.000
Will do PME sum in reciprocal space for electrostatic interactions.

++++ PLEASE READ AND CITE THE FOLLOWING REFERENCE ++++
U. Essmann, L. Perera, M. L. Berkowitz, T. Darden, H. Lee and L. G. Pedersen 
A smooth particle mesh Ewald method
J. Chem. Phys. 103 (1995) pp. 8577-8592
-------- -------- --- Thank You --- -------- --------

Using a Gaussian width (1/beta) of 0.384195 nm for Ewald
Potential shift: LJ r^-12: -2.648e-01 r^-6: -5.349e-01, Ewald -8.333e-06
Initialized non-bonded Coulomb Ewald tables, spacing: 1.02e-03 size: 1176

Generated table with 1100 data points for 1-4 COUL.
Tabscale = 500 points/nm
Generated table with 1100 data points for 1-4 LJ6.
Tabscale = 500 points/nm
Generated table with 1100 data points for 1-4 LJ12.
Tabscale = 500 points/nm


Using GPU 8x8 nonbonded short-range kernels

Using a 8x8 pair-list setup:
  updated every 25 steps, buffer 0.000 nm, rlist 1.200 nm
At tolerance 0.005 kJ/mol/ps per atom, equivalent classical 1x1 list would be:
  updated every 25 steps, buffer 0.038 nm, rlist 1.238 nm

The average pressure is off by at most 0.00 bar due to missing LJ interactions

Pinning threads with an auto-selected logical cpu stride of 2

Initializing LINear Constraint Solver

++++ PLEASE READ AND CITE THE FOLLOWING REFERENCE ++++
B. Hess and H. Bekker and H. J. C. Berendsen and J. G. E. M. Fraaije
LINCS: A Linear Constraint Solver for molecular simulations
J. Comp. Chem. 18 (1997) pp. 1463-1472
-------- -------- --- Thank You --- -------- --------

The number of constraints is 16

++++ PLEASE READ AND CITE THE FOLLOWING REFERENCE ++++
S. Miyamoto and P. A. Kollman
SETTLE: An Analytical Version of the SHAKE and RATTLE Algorithms for Rigid
Water Models
J. Comp. Chem. 13 (1992) pp. 952-962
-------- -------- --- Thank You --- -------- --------


++++ PLEASE READ AND CITE THE FOLLOWING REFERENCE ++++
G. Bussi, D. Donadio and M. Parrinello
Canonical sampling through velocity rescaling
J. Chem. Phys. 126 (2007) pp. 014101
-------- -------- --- Thank You --- -------- --------


++++ PLEASE READ AND CITE THE FOLLOWING REFERENCE ++++
M. Bernetti, G. Bussi
Pressure control using stochastic cell rescaling
J. Chem. Phys. 153 (2020) pp. 114107
-------- -------- --- Thank You --- -------- --------

There are: 620 Atoms

Updating coordinates and applying constraints on the GPU.
Center of mass motion removal mode is Linear
We have the following groups for center of mass motion removal:
  0:  rest

Started mdrun on rank 0 Thu Aug 14 09:39:15 2025

           Step           Time
              0        0.00000

   Energies (kJ/mol)
        G96Bond       G96Angle    Proper Dih.  Improper Dih.          LJ-14
    7.33901e+00    5.16409e+01    1.22095e+01    1.19175e+01    3.10136e+01
     Coulomb-14        LJ (SR)   Coulomb (SR)   Coul. recip.      Potential
   -1.98989e+03    1.27802e+03   -8.68568e+03    5.92885e+01   -9.22414e+03
    Kinetic En.   Total Energy  Conserved En.    Temperature Pressure (bar)
    1.62730e+03   -7.59684e+03   -7.59994e+03    3.12401e+02   -4.53493e+02
   Constr. rmsd
    0.00000e+00

           Step           Time
           5000        5.00000

   Energies (kJ/mol)
        G96Bond       G96Angle    Proper Dih.  Improper Dih.          LJ-14
    1.67332e+01    3.57235e+01    7.99285e+00    1.00483e+01    2.74263e+01
     Coulomb-14        LJ (SR)   Coulomb (SR)   Coul. recip.      Potential
   -1.97939e+03    1.30486e+03   -8.67929e+03    5.93112e+01   -9.19658e+03
    Kinetic En.   Total Energy  Conserved En.    Temperature Pressure (bar)
    1.63377e+03   -7.56281e+03   -7.63014e+03    3.13642e+02   -6.11670e+02
   Constr. rmsd
    0.00000e+00

           Step           Time
          10000       10.00000

   Energies (kJ/mol)
        G96Bond       G96Angle    Proper Dih.  Improper Dih.          LJ-14
    2.46152e+01    4.14792e+01    1.20952e+01    1.65268e+01    4.01722e+01
     Coulomb-14        LJ (SR)   Coulomb (SR)   Coul. recip.      Potential
   -1.99836e+03    1.34587e+03   -8.69656e+03    6.46273e+01   -9.14954e+03
    Kinetic En.   Total Energy  Conserved En.    Temperature Pressure (bar)
    1.60308e+03   -7.54646e+03   -7.61232e+03    3.07751e+02   -9.56143e+01
   Constr. rmsd
    0.00000e+00

           Step           Time
          15000       15.00000

   Energies (kJ/mol)
        G96Bond       G96Angle    Proper Dih.  Improper Dih.          LJ-14
    1.58772e+01    4.88363e+01    1.20967e+01    2.18265e+00    3.33818e+01
     Coulomb-14        LJ (SR)   Coulomb (SR)   Coul. recip.      Potential
   -1.98207e+03    1.34398e+03   -8.80467e+03    6.29507e+01   -9.26743e+03
    Kinetic En.   Total Energy  Conserved En.    Temperature Pressure (bar)
    1.60651e+03   -7.66092e+03   -7.57357e+03    3.08409e+02   -4.30348e+02
   Constr. rmsd
    0.00000e+00

           Step           Time
          20000       20.00000

   Energies (kJ/mol)
        G96Bond       G96Angle    Proper Dih.  Improper Dih.          LJ-14
    2.18468e+01    3.21238e+01    7.50907e+00    1.35027e+01    3.34721e+01
     Coulomb-14        LJ (SR)   Coulomb (SR)   Coul. recip.      Potential
   -1.99051e+03    1.26453e+03   -8.61946e+03    6.82873e+01   -9.16870e+03
    Kinetic En.   Total Energy  Conserved En.    Temperature Pressure (bar)
    1.49221e+03   -7.67648e+03   -7.54748e+03    2.86468e+02   -4.19351e+02
   Constr. rmsd
    0.00000e+00

           Step           Time
          25000       25.00000

   Energies (kJ/mol)
        G96Bond       G96Angle    Proper Dih.  Improper Dih.          LJ-14
    1.46553e+01    4.64873e+01    1.51955e+01    1.15823e+01    3.20045e+01
     Coulomb-14        LJ (SR)   Coulomb (SR)   Coul. recip.      Potential
   -1.98550e+03    1.30956e+03   -8.66285e+03    5.41535e+01   -9.16471e+03
    Kinetic En.   Total Energy  Conserved En.    Temperature Pressure (bar)
    1.55863e+03   -7.60609e+03   -7.53440e+03    2.99218e+02   -4.49092e+02
   Constr. rmsd
    0.00000e+00

           Step           Time
          30000       30.00000

   Energies (kJ/mol)
        G96Bond       G96Angle    Proper Dih.  Improper Dih.          LJ-14
    1.30556e+01    4.64495e+01    6.43127e+00    3.28944e+00    2.59824e+01
     Coulomb-14        LJ (SR)   Coulomb (SR)   Coul. recip.      Potential
   -1.97014e+03    1.25911e+03   -8.56733e+03    5.82034e+01   -9.12495e+03
    Kinetic En.   Total Energy  Conserved En.    Temperature Pressure (bar)
    1.60123e+03   -7.52372e+03   -7.52511e+03    3.07396e+02   -3.69466e+02
   Constr. rmsd
    0.00000e+00

           Step           Time
          35000       35.00000

   Energies (kJ/mol)
        G96Bond       G96Angle    Proper Dih.  Improper Dih.          LJ-14
    7.27255e+00    4.07756e+01    5.92076e+00    6.55318e+00    3.28907e+01
     Coulomb-14        LJ (SR)   Coulomb (SR)   Coul. recip.      Potential
   -1.99306e+03    1.48189e+03   -8.98910e+03    5.57474e+01   -9.35111e+03
    Kinetic En.   Total Energy  Conserved En.    Temperature Pressure (bar)
    1.56680e+03   -7.78431e+03   -7.50974e+03    3.00787e+02    2.05861e+02
   Constr. rmsd
    0.00000e+00

           Step           Time
          40000       40.00000

   Energies (kJ/mol)
        G96Bond       G96Angle    Proper Dih.  Improper Dih.          LJ-14
    1.62021e+01    5.17708e+01    1.72701e+01    7.36358e+00    4.74952e+01
     Coulomb-14        LJ (SR)   Coulomb (SR)   Coul. recip.      Potential
   -2.02048e+03    1.18757e+03   -8.54122e+03    5.65683e+01   -9.17746e+03
    Kinetic En.   Total Energy  Conserved En.    Temperature Pressure (bar)
    1.57178e+03   -7.60568e+03   -7.50016e+03    3.01742e+02   -9.90920e+02
   Constr. rmsd
    0.00000e+00

           Step           Time
          45000       45.00000

   Energies (kJ/mol)
        G96Bond       G96Angle    Proper Dih.  Improper Dih.          LJ-14
    2.13729e+01    3.99235e+01    3.67504e+00    7.37218e-01    3.92020e+01
     Coulomb-14        LJ (SR)   Coulomb (SR)   Coul. recip.      Potential
   -1.99878e+03    1.33552e+03   -8.78352e+03    5.18510e+01   -9.29002e+03
    Kinetic En.   Total Energy  Conserved En.    Temperature Pressure (bar)
    1.54834e+03   -7.74168e+03   -7.47627e+03    2.97242e+02   -1.02790e+02
   Constr. rmsd
    0.00000e+00

           Step           Time
          50000       50.00000

   Energies (kJ/mol)
        G96Bond       G96Angle    Proper Dih.  Improper Dih.          LJ-14
    2.80535e+01    5.56593e+01    8.95196e+00    1.39473e+01    3.64139e+01
     Coulomb-14        LJ (SR)   Coulomb (SR)   Coul. recip.      Potential
   -2.00792e+03    1.21443e+03   -8.64437e+03    4.79460e+01   -9.24689e+03
    Kinetic En.   Total Energy  Conserved En.    Temperature Pressure (bar)
    1.56442e+03   -7.68247e+03   -7.43196e+03    3.00330e+02   -5.44973e+02
   Constr. rmsd
    0.00000e+00

           Step           Time
          55000       55.00000

   Energies (kJ/mol)
        G96Bond       G96Angle    Proper Dih.  Improper Dih.          LJ-14
    2.40154e+01    4.80075e+01    6.50691e+00    1.44788e+01    3.17965e+01
     Coulomb-14        LJ (SR)   Coulomb (SR)   Coul. recip.      Potential
   -1.97990e+03    1.28215e+03   -8.78542e+03    4.87146e+01   -9.30965e+03
    Kinetic En.   Total Energy  Conserved En.    Temperature Pressure (bar)
    1.55669e+03   -7.75296e+03   -7.39406e+03    2.98845e+02   -5.15142e+02
   Constr. rmsd
    0.00000e+00

           Step           Time
          60000       60.00000

   Energies (kJ/mol)
        G96Bond       G96Angle    Proper Dih.  Improper Dih.          LJ-14
    1.73472e+01    4.58330e+01    6.31095e+00    4.96491e+00    4.02725e+01
     Coulomb-14        LJ (SR)   Coulomb (SR)   Coul. recip.      Potential
   -2.00081e+03    1.36425e+03   -8.81067e+03    6.14989e+01   -9.27101e+03
    Kinetic En.   Total Energy  Conserved En.    Temperature Pressure (bar)
    1.59390e+03   -7.67710e+03   -7.35924e+03    3.05990e+02    2.11667e+01
   Constr. rmsd
    0.00000e+00

           Step           Time
          65000       65.00000

   Energies (kJ/mol)
        G96Bond       G96Angle    Proper Dih.  Improper Dih.          LJ-14
    1.04642e+01    4.31868e+01    6.77082e+00    1.06515e+01    3.15525e+01
     Coulomb-14        LJ (SR)   Coulomb (SR)   Coul. recip.      Potential
   -1.98438e+03    1.40699e+03   -8.82643e+03    6.59040e+01   -9.23529e+03
    Kinetic En.   Total Energy  Conserved En.    Temperature Pressure (bar)
    1.57756e+03   -7.65774e+03   -7.32920e+03    3.02852e+02    2.27637e+02
   Constr. rmsd
    0.00000e+00

           Step           Time
          70000       70.00000

   Energies (kJ/mol)
        G96Bond       G96Angle    Proper Dih.  Improper Dih.          LJ-14
    2.50158e+01    4.29935e+01    2.26213e+01    3.05131e+00    3.77357e+01
     Coulomb-14        LJ (SR)   Coulomb (SR)   Coul. recip.      Potential
   -1.99339e+03    1.39505e+03   -8.91907e+03    5.71952e+01   -9.32881e+03
    Kinetic En.   Total Energy  Conserved En.    Temperature Pressure (bar)
    1.46524e+03   -7.86356e+03   -7.30239e+03    2.81290e+02   -2.73873e+01
   Constr. rmsd
    0.00000e+00

           Step           Time
          75000       75.00000

   Energies (kJ/mol)
        G96Bond       G96Angle    Proper Dih.  Improper Dih.          LJ-14
    2.75512e+01    4.05411e+01    7.76663e+00    2.18110e+01    2.51154e+01
     Coulomb-14        LJ (SR)   Coulomb (SR)   Coul. recip.      Potential
   -1.98271e+03    1.36769e+03   -8.97202e+03    5.16761e+01   -9.41257e+03
    Kinetic En.   Total Energy  Conserved En.    Temperature Pressure (bar)
    1.52029e+03   -7.89228e+03   -7.26789e+03    2.91858e+02   -3.45037e+02
   Constr. rmsd
    0.00000e+00

           Step           Time
          80000       80.00000

   Energies (kJ/mol)
        G96Bond       G96Angle    Proper Dih.  Improper Dih.          LJ-14
    2.13815e+01    4.09606e+01    6.08499e+00    1.47196e+01    2.39967e+01
     Coulomb-14        LJ (SR)   Coulomb (SR)   Coul. recip.      Potential
   -1.98036e+03    1.34963e+03   -8.86932e+03    6.54333e+01   -9.32748e+03
    Kinetic En.   Total Energy  Conserved En.    Temperature Pressure (bar)
    1.47678e+03   -7.85070e+03   -7.23738e+03    2.83505e+02   -4.13002e+02
   Constr. rmsd
    0.00000e+00

           Step           Time
          85000       85.00000

   Energies (kJ/mol)
        G96Bond       G96Angle    Proper Dih.  Improper Dih.          LJ-14
    1.24292e+01    2.73162e+01    7.17986e+00    1.03371e+01    2.64083e+01
     Coulomb-14        LJ (SR)   Coulomb (SR)   Coul. recip.      Potential
   -1.96867e+03    1.22754e+03   -8.50412e+03    6.39399e+01   -9.09763e+03
    Kinetic En.   Total Energy  Conserved En.    Temperature Pressure (bar)
    1.59181e+03   -7.50582e+03   -7.21887e+03    3.05587e+02   -6.92363e+02
   Constr. rmsd
    0.00000e+00

           Step           Time
          90000       90.00000

   Energies (kJ/mol)
        G96Bond       G96Angle    Proper Dih.  Improper Dih.          LJ-14
    9.76512e+00    3.94787e+01    1.27572e+01    1.71508e+01    3.53772e+01
     Coulomb-14        LJ (SR)   Coulomb (SR)   Coul. recip.      Potential
   -1.99328e+03    1.26937e+03   -8.82650e+03    6.21258e+01   -9.37375e+03
    Kinetic En.   Total Energy  Conserved En.    Temperature Pressure (bar)
    1.60259e+03   -7.77117e+03   -7.19029e+03    3.07656e+02   -9.62323e+02
   Constr. rmsd
    0.00000e+00

           Step           Time
          95000       95.00000

   Energies (kJ/mol)
        G96Bond       G96Angle    Proper Dih.  Improper Dih.          LJ-14
    1.46533e+01    5.64141e+01    1.49693e+01    1.86185e+01    3.51137e+01
     Coulomb-14        LJ (SR)   Coulomb (SR)   Coul. recip.      Potential
   -2.00638e+03    1.38905e+03   -8.98470e+03    5.66647e+01   -9.40560e+03
    Kinetic En.   Total Energy  Conserved En.    Temperature Pressure (bar)
    1.53501e+03   -7.87059e+03   -7.11242e+03    2.94684e+02   -1.33624e+02
   Constr. rmsd
    0.00000e+00

step 95700: timed with pme grid 16 16 16, coulomb cutoff 1.200: 3.6 M-cycles
step 95700: the box size limits the PME load balancing to a coulomb cut-off of 1.200
              optimal pme grid 16 16 16, coulomb cutoff 1.200
           Step           Time
         100000      100.00000

   Energies (kJ/mol)
        G96Bond       G96Angle    Proper Dih.  Improper Dih.          LJ-14
    8.40965e+00    3.14052e+01    1.38925e+01    2.06236e+00    2.21078e+01
     Coulomb-14        LJ (SR)   Coulomb (SR)   Coul. recip.      Potential
   -1.96875e+03    1.48554e+03   -9.14391e+03    4.58621e+01   -9.50338e+03
    Kinetic En.   Total Energy  Conserved En.    Temperature Pressure (bar)
    1.61287e+03   -7.89051e+03   -7.06541e+03    3.09630e+02   -4.80104e+01
   Constr. rmsd
    0.00000e+00

           Step           Time
         105000      105.00000

   Energies (kJ/mol)
        G96Bond       G96Angle    Proper Dih.  Improper Dih.          LJ-14
    1.20726e+01    4.35630e+01    9.08457e+00    1.17469e+01    3.07067e+01
     Coulomb-14        LJ (SR)   Coulomb (SR)   Coul. recip.      Potential
   -1.97333e+03    1.33516e+03   -8.85345e+03    4.45226e+01   -9.33993e+03
    Kinetic En.   Total Energy  Conserved En.    Temperature Pressure (bar)
    1.58138e+03   -7.75855e+03   -7.04152e+03    3.03585e+02   -8.24589e+02
   Constr. rmsd
    0.00000e+00

           Step           Time
         110000      110.00000

   Energies (kJ/mol)
        G96Bond       G96Angle    Proper Dih.  Improper Dih.          LJ-14
    3.02131e+01    4.47632e+01    9.25165e+00    8.49424e-01    3.21161e+01
     Coulomb-14        LJ (SR)   Coulomb (SR)   Coul. recip.      Potential
   -1.99148e+03    1.28388e+03   -8.77253e+03    3.71708e+01   -9.32576e+03
    Kinetic En.   Total Energy  Conserved En.    Temperature Pressure (bar)
    1.63988e+03   -7.68588e+03   -6.96033e+03    3.14816e+02   -7.87139e+02
   Constr. rmsd
    0.00000e+00

           Step           Time
         115000      115.00000

   Energies (kJ/mol)
        G96Bond       G96Angle    Proper Dih.  Improper Dih.          LJ-14
    1.01839e+01    3.75491e+01    8.99242e+00    4.97352e+00    3.80484e+01
     Coulomb-14        LJ (SR)   Coulomb (SR)   Coul. recip.      Potential
   -2.00052e+03    1.22109e+03   -8.50975e+03    4.20731e+01   -9.14735e+03
    Kinetic En.   Total Energy  Conserved En.    Temperature Pressure (bar)
    1.53985e+03   -7.60750e+03   -6.92052e+03    2.95612e+02   -7.16795e+02
   Constr. rmsd
    0.00000e+00

           Step           Time
         120000      120.00000

   Energies (kJ/mol)
        G96Bond       G96Angle    Proper Dih.  Improper Dih.          LJ-14
    1.35812e+01    4.03059e+01    1.24154e+01    1.80237e+01    2.84961e+01
     Coulomb-14        LJ (SR)   Coulomb (SR)   Coul. recip.      Potential
   -1.98018e+03    1.11741e+03   -8.61666e+03    4.09057e+01   -9.32570e+03
    Kinetic En.   Total Energy  Conserved En.    Temperature Pressure (bar)
    1.61575e+03   -7.70995e+03   -6.83365e+03    3.10184e+02   -2.41597e+03
   Constr. rmsd
    0.00000e+00

           Step           Time
         125000      125.00000

   Energies (kJ/mol)
        G96Bond       G96Angle    Proper Dih.  Improper Dih.          LJ-14
    1.46066e+01    3.96400e+01    5.77633e+00    1.80553e+01    3.74852e+01
     Coulomb-14        LJ (SR)   Coulomb (SR)   Coul. recip.      Potential
   -1.98769e+03    1.47989e+03   -9.14817e+03    3.94628e+01   -9.50094e+03
    Kinetic En.   Total Energy  Conserved En.    Temperature Pressure (bar)
    1.48023e+03   -8.02071e+03   -6.78074e+03    2.84167e+02    4.19255e+01
   Constr. rmsd
    0.00000e+00

           Step           Time
         130000      130.00000

   Energies (kJ/mol)
        G96Bond       G96Angle    Proper Dih.  Improper Dih.          LJ-14
    2.88303e+01    6.26102e+01    6.77247e+00    7.67510e+00    3.26208e+01
     Coulomb-14        LJ (SR)   Coulomb (SR)   Coul. recip.      Potential
   -1.98928e+03    1.22427e+03   -8.96223e+03    3.83538e+01   -9.55038e+03
    Kinetic En.   Total Energy  Conserved En.    Temperature Pressure (bar)
    1.49382e+03   -8.05657e+03   -6.71751e+03    2.86776e+02   -2.01239e+03
   Constr. rmsd
    0.00000e+00

           Step           Time
         135000      135.00000

   Energies (kJ/mol)
        G96Bond       G96Angle    Proper Dih.  Improper Dih.          LJ-14
    3.41416e+01    5.78662e+01    6.21875e+00    1.10596e+01    2.52675e+01
     Coulomb-14        LJ (SR)   Coulomb (SR)   Coul. recip.      Potential
   -1.98155e+03    1.29726e+03   -9.15342e+03    2.51732e+01   -9.67799e+03
    Kinetic En.   Total Energy  Conserved En.    Temperature Pressure (bar)
    1.61236e+03   -8.06563e+03   -6.65373e+03    3.09532e+02   -8.33788e+02
   Constr. rmsd
    0.00000e+00

           Step           Time
         140000      140.00000

   Energies (kJ/mol)
        G96Bond       G96Angle    Proper Dih.  Improper Dih.          LJ-14
    2.77646e+01    5.64110e+01    1.91710e+01    5.05865e+00    5.29057e+01
     Coulomb-14        LJ (SR)   Coulomb (SR)   Coul. recip.      Potential
   -2.01869e+03    1.38134e+03   -9.21481e+03    3.03267e+01   -9.66051e+03
    Kinetic En.   Total Energy  Conserved En.    Temperature Pressure (bar)
    1.53245e+03   -8.12806e+03   -6.58517e+03    2.94193e+02    5.76577e+01
   Constr. rmsd
    0.00000e+00

           Step           Time
         145000      145.00000

   Energies (kJ/mol)
        G96Bond       G96Angle    Proper Dih.  Improper Dih.          LJ-14
    3.61802e+01    6.87509e+01    6.48249e+00    7.32470e+00    3.25349e+01
     Coulomb-14        LJ (SR)   Coulomb (SR)   Coul. recip.      Potential
   -1.98041e+03    1.55754e+03   -9.53743e+03    2.24030e+01   -9.78662e+03
    Kinetic En.   Total Energy  Conserved En.    Temperature Pressure (bar)
    1.60593e+03   -8.18069e+03   -6.54337e+03    3.08298e+02    5.97107e+02
   Constr. rmsd
    0.00000e+00

           Step           Time
         150000      150.00000

   Energies (kJ/mol)
        G96Bond       G96Angle    Proper Dih.  Improper Dih.          LJ-14
    1.97162e+01    4.53677e+01    4.90038e+00    1.23269e+01    3.07405e+01
     Coulomb-14        LJ (SR)   Coulomb (SR)   Coul. recip.      Potential
   -1.98513e+03    1.43968e+03   -9.41519e+03    2.41675e+01   -9.82342e+03
    Kinetic En.   Total Energy  Conserved En.    Temperature Pressure (bar)
    1.57310e+03   -8.25032e+03   -6.49532e+03    3.01997e+02    1.12405e+03
   Constr. rmsd
    0.00000e+00

           Step           Time
         155000      155.00000

   Energies (kJ/mol)
        G96Bond       G96Angle    Proper Dih.  Improper Dih.          LJ-14
    8.03466e+00    5.87743e+01    6.19687e+00    1.21298e+01    4.11359e+01
     Coulomb-14        LJ (SR)   Coulomb (SR)   Coul. recip.      Potential
   -1.99573e+03    1.29626e+03   -9.22736e+03    2.74821e+01   -9.77308e+03
    Kinetic En.   Total Energy  Conserved En.    Temperature Pressure (bar)
    1.69243e+03   -8.08064e+03   -6.48969e+03    3.24905e+02   -3.72817e+02
   Constr. rmsd
    0.00000e+00

           Step           Time
         160000      160.00000

   Energies (kJ/mol)
        G96Bond       G96Angle    Proper Dih.  Improper Dih.          LJ-14
    2.31123e+01    4.09271e+01    8.73309e+00    8.23287e+00    3.33285e+01
     Coulomb-14        LJ (SR)   Coulomb (SR)   Coul. recip.      Potential
   -2.00174e+03    1.39272e+03   -9.47251e+03    3.46632e+01   -9.93254e+03
    Kinetic En.   Total Energy  Conserved En.    Temperature Pressure (bar)
    1.57374e+03   -8.35880e+03   -6.47109e+03    3.02119e+02    6.20264e+02
   Constr. rmsd
    0.00000e+00

           Step           Time
         165000      165.00000

   Energies (kJ/mol)
        G96Bond       G96Angle    Proper Dih.  Improper Dih.          LJ-14
    8.89164e+00    3.87370e+01    5.12542e+00    2.40097e+01    3.86079e+01
     Coulomb-14        LJ (SR)   Coulomb (SR)   Coul. recip.      Potential
   -1.99453e+03    1.36211e+03   -9.44060e+03    2.89551e+01   -9.92870e+03
    Kinetic En.   Total Energy  Conserved En.    Temperature Pressure (bar)
    1.54820e+03   -8.38050e+03   -6.45011e+03    2.97215e+02   -1.10697e+02
   Constr. rmsd
    0.00000e+00

           Step           Time
         170000      170.00000

   Energies (kJ/mol)
        G96Bond       G96Angle    Proper Dih.  Improper Dih.          LJ-14
    2.13016e+01    3.92808e+01    1.48083e+01    1.30868e+01    3.35592e+01
     Coulomb-14        LJ (SR)   Coulomb (SR)   Coul. recip.      Potential
   -1.98825e+03    1.18205e+03   -9.12384e+03    4.06185e+01   -9.76738e+03
    Kinetic En.   Total Energy  Conserved En.    Temperature Pressure (bar)
    1.61461e+03   -8.15276e+03   -6.44370e+03    3.09965e+02   -1.37304e+03
   Constr. rmsd
    0.00000e+00

           Step           Time
         175000      175.00000

   Energies (kJ/mol)
        G96Bond       G96Angle    Proper Dih.  Improper Dih.          LJ-14
    9.30560e+00    4.25707e+01    1.21744e+01    7.64755e+00    2.85023e+01
     Coulomb-14        LJ (SR)   Coulomb (SR)   Coul. recip.      Potential
   -1.98730e+03    1.27976e+03   -9.23103e+03    3.10459e+01   -9.80732e+03
    Kinetic En.   Total Energy  Conserved En.    Temperature Pressure (bar)
    1.62275e+03   -8.18457e+03   -6.45590e+03    3.11528e+02   -1.01521e+03
   Constr. rmsd
    0.00000e+00

           Step           Time
         180000      180.00000

   Energies (kJ/mol)
        G96Bond       G96Angle    Proper Dih.  Improper Dih.          LJ-14
    1.47891e+01    4.41375e+01    2.67788e+01    6.56072e+00    3.74247e+01
     Coulomb-14        LJ (SR)   Coulomb (SR)   Coul. recip.      Potential
   -2.00349e+03    1.40360e+03   -9.40193e+03    2.13699e+01   -9.85077e+03
    Kinetic En.   Total Energy  Conserved En.    Temperature Pressure (bar)
    1.62349e+03   -8.22728e+03   -6.39170e+03    3.11669e+02    1.12142e+03
   Constr. rmsd
    0.00000e+00

           Step           Time
         185000      185.00000

   Energies (kJ/mol)
        G96Bond       G96Angle    Proper Dih.  Improper Dih.          LJ-14
    1.33647e+01    6.68475e+01    8.42344e+00    3.66167e+00    3.06534e+01
     Coulomb-14        LJ (SR)   Coulomb (SR)   Coul. recip.      Potential
   -1.98694e+03    1.37479e+03   -9.42520e+03    2.89956e+01   -9.88540e+03
    Kinetic En.   Total Energy  Conserved En.    Temperature Pressure (bar)
    1.63386e+03   -8.25154e+03   -6.33615e+03    3.13660e+02    5.10430e+02
   Constr. rmsd
    0.00000e+00

           Step           Time
         190000      190.00000

   Energies (kJ/mol)
        G96Bond       G96Angle    Proper Dih.  Improper Dih.          LJ-14
    1.50476e+01    3.80797e+01    1.07161e+01    2.27681e+00    3.19265e+01
     Coulomb-14        LJ (SR)   Coulomb (SR)   Coul. recip.      Potential
   -1.98024e+03    1.54400e+03   -9.59514e+03    3.02722e+01   -9.90306e+03
    Kinetic En.   Total Energy  Conserved En.    Temperature Pressure (bar)
    1.53402e+03   -8.36904e+03   -6.33802e+03    2.94493e+02    1.29548e+03
   Constr. rmsd
    0.00000e+00

           Step           Time
         195000      195.00000

   Energies (kJ/mol)
        G96Bond       G96Angle    Proper Dih.  Improper Dih.          LJ-14
    1.83978e+01    4.59991e+01    8.79425e+00    9.26197e+00    3.08656e+01
     Coulomb-14        LJ (SR)   Coulomb (SR)   Coul. recip.      Potential
   -1.98366e+03    1.36860e+03   -9.39738e+03    2.07430e+01   -9.87837e+03
    Kinetic En.   Total Energy  Conserved En.    Temperature Pressure (bar)
    1.43769e+03   -8.44068e+03   -6.33670e+03    2.76000e+02    8.42936e+01
   Constr. rmsd
    0.00000e+00

           Step           Time
         200000      200.00000

   Energies (kJ/mol)
        G96Bond       G96Angle    Proper Dih.  Improper Dih.          LJ-14
    1.00079e+01    7.99029e+01    5.71094e+00    1.37881e+00    3.18208e+01
     Coulomb-14        LJ (SR)   Coulomb (SR)   Coul. recip.      Potential
   -1.98232e+03    1.53568e+03   -9.55497e+03    1.88311e+01   -9.85396e+03
    Kinetic En.   Total Energy  Conserved En.    Temperature Pressure (bar)
    1.47804e+03   -8.37592e+03   -6.31026e+03    2.83747e+02    1.41261e+03
   Constr. rmsd
    0.00000e+00

           Step           Time
         205000      205.00000

   Energies (kJ/mol)
        G96Bond       G96Angle    Proper Dih.  Improper Dih.          LJ-14
    1.22863e+01    4.13199e+01    2.03037e+01    8.61737e+00    3.11822e+01
     Coulomb-14        LJ (SR)   Coulomb (SR)   Coul. recip.      Potential
   -1.99238e+03    1.44003e+03   -9.40925e+03    2.88954e+01   -9.81899e+03
    Kinetic En.   Total Energy  Conserved En.    Temperature Pressure (bar)
    1.59016e+03   -8.22883e+03   -6.29204e+03    3.05271e+02    9.42376e+02
   Constr. rmsd
    0.00000e+00

           Step           Time
         210000      210.00000

   Energies (kJ/mol)
        G96Bond       G96Angle    Proper Dih.  Improper Dih.          LJ-14
    1.83912e+01    2.61101e+01    1.20634e+01    9.99237e+00    2.78907e+01
     Coulomb-14        LJ (SR)   Coulomb (SR)   Coul. recip.      Potential
   -1.98855e+03    1.40451e+03   -9.50101e+03    2.69399e+01   -9.96367e+03
    Kinetic En.   Total Energy  Conserved En.    Temperature Pressure (bar)
    1.62390e+03   -8.33977e+03   -6.29543e+03    3.11747e+02    5.53247e+02
   Constr. rmsd
    0.00000e+00

           Step           Time
         215000      215.00000

   Energies (kJ/mol)
        G96Bond       G96Angle    Proper Dih.  Improper Dih.          LJ-14
    1.36048e+01    3.82947e+01    3.50900e+00    4.71698e+00    3.97021e+01
     Coulomb-14        LJ (SR)   Coulomb (SR)   Coul. recip.      Potential
   -1.99464e+03    1.10388e+03   -8.91702e+03    3.29867e+01   -9.67497e+03
    Kinetic En.   Total Energy  Conserved En.    Temperature Pressure (bar)
    1.45756e+03   -8.21742e+03   -6.26193e+03    2.79814e+02   -1.79984e+03
   Constr. rmsd
    0.00000e+00

           Step           Time
         220000      220.00000

   Energies (kJ/mol)
        G96Bond       G96Angle    Proper Dih.  Improper Dih.          LJ-14
    1.38893e+01    4.98284e+01    1.37394e+01    1.01595e+01    3.60783e+01
     Coulomb-14        LJ (SR)   Coulomb (SR)   Coul. recip.      Potential
   -1.99808e+03    1.42587e+03   -9.42948e+03    2.34824e+01   -9.85451e+03
    Kinetic En.   Total Energy  Conserved En.    Temperature Pressure (bar)
    1.59924e+03   -8.25527e+03   -6.24624e+03    3.07014e+02    8.97864e+02
   Constr. rmsd
    0.00000e+00

           Step           Time
         225000      225.00000

   Energies (kJ/mol)
        G96Bond       G96Angle    Proper Dih.  Improper Dih.          LJ-14
    1.48020e+01    5.99048e+01    1.26038e+01    1.22528e+01    3.69847e+01
     Coulomb-14        LJ (SR)   Coulomb (SR)   Coul. recip.      Potential
   -2.00079e+03    1.30959e+03   -9.35398e+03    3.72622e+01   -9.87138e+03
    Kinetic En.   Total Energy  Conserved En.    Temperature Pressure (bar)
    1.58003e+03   -8.29135e+03   -6.28249e+03    3.03326e+02   -1.09913e+03
   Constr. rmsd
    0.00000e+00

           Step           Time
         230000      230.00000

   Energies (kJ/mol)
        G96Bond       G96Angle    Proper Dih.  Improper Dih.          LJ-14
    2.15374e+01    3.39908e+01    6.57847e+00    1.21466e+01    3.09793e+01
     Coulomb-14        LJ (SR)   Coulomb (SR)   Coul. recip.      Potential
   -1.98949e+03    1.49644e+03   -9.67939e+03    2.77682e+01   -1.00394e+04
    Kinetic En.   Total Energy  Conserved En.    Temperature Pressure (bar)
    1.49638e+03   -8.54305e+03   -6.26562e+03    2.87268e+02   -5.11900e+02
   Constr. rmsd
    0.00000e+00

           Step           Time
         235000      235.00000

   Energies (kJ/mol)
        G96Bond       G96Angle    Proper Dih.  Improper Dih.          LJ-14
    1.74947e+01    2.04273e+01    4.46541e+00    1.41753e+01    2.45868e+01
     Coulomb-14        LJ (SR)   Coulomb (SR)   Coul. recip.      Potential
   -1.97646e+03    1.19263e+03   -9.27539e+03    2.26535e+01   -9.95543e+03
    Kinetic En.   Total Energy  Conserved En.    Temperature Pressure (bar)
    1.50806e+03   -8.44737e+03   -6.21229e+03    2.89510e+02   -1.64111e+03
   Constr. rmsd
    0.00000e+00

           Step           Time
         240000      240.00000

   Energies (kJ/mol)
        G96Bond       G96Angle    Proper Dih.  Improper Dih.          LJ-14
    1.93799e+01    4.24398e+01    1.08942e+01    3.11593e+00    2.65322e+01
     Coulomb-14        LJ (SR)   Coulomb (SR)   Coul. recip.      Potential
   -1.97858e+03    1.42027e+03   -9.49367e+03    2.34508e+01   -9.92617e+03
    Kinetic En.   Total Energy  Conserved En.    Temperature Pressure (bar)
    1.50107e+03   -8.42509e+03   -6.20511e+03    2.88169e+02   -2.85421e+01
   Constr. rmsd
    0.00000e+00

           Step           Time
         245000      245.00000

   Energies (kJ/mol)
        G96Bond       G96Angle    Proper Dih.  Improper Dih.          LJ-14
    4.38637e+00    4.66449e+01    2.18419e+01    8.03349e+00    3.63255e+01
     Coulomb-14        LJ (SR)   Coulomb (SR)   Coul. recip.      Potential
   -1.99164e+03    1.24642e+03   -9.37287e+03    2.73522e+01   -9.97350e+03
    Kinetic En.   Total Energy  Conserved En.    Temperature Pressure (bar)
    1.37937e+03   -8.59413e+03   -6.18572e+03    2.64805e+02   -1.22203e+03
   Constr. rmsd
    0.00000e+00

           Step           Time
         250000      250.00000

   Energies (kJ/mol)
        G96Bond       G96Angle    Proper Dih.  Improper Dih.          LJ-14
    2.04778e+01    3.41434e+01    8.47678e+00    2.27831e+00    3.20197e+01
     Coulomb-14        LJ (SR)   Coulomb (SR)   Coul. recip.      Potential
   -1.99612e+03    1.38887e+03   -9.38033e+03    3.72175e+01   -9.85296e+03
    Kinetic En.   Total Energy  Conserved En.    Temperature Pressure (bar)
    1.47824e+03   -8.37472e+03   -6.14913e+03    2.83785e+02    1.33796e+03
   Constr. rmsd
    0.00000e+00

           Step           Time
         255000      255.00000

   Energies (kJ/mol)
        G96Bond       G96Angle    Proper Dih.  Improper Dih.          LJ-14
    9.14510e+00    4.89916e+01    7.82929e+00    2.18516e+00    3.28019e+01
     Coulomb-14        LJ (SR)   Coulomb (SR)   Coul. recip.      Potential
   -1.98870e+03    1.29859e+03   -9.37335e+03    1.73615e+01   -9.94515e+03
    Kinetic En.   Total Energy  Conserved En.    Temperature Pressure (bar)
    1.55535e+03   -8.38980e+03   -6.15067e+03    2.98589e+02   -4.25080e+02
   Constr. rmsd
    0.00000e+00

           Step           Time
         260000      260.00000

   Energies (kJ/mol)
        G96Bond       G96Angle    Proper Dih.  Improper Dih.          LJ-14
    3.82566e+01    3.60990e+01    9.33095e+00    8.54320e+00    3.62756e+01
     Coulomb-14        LJ (SR)   Coulomb (SR)   Coul. recip.      Potential
   -1.98991e+03    1.36494e+03   -9.45716e+03    2.61449e+01   -9.92748e+03
    Kinetic En.   Total Energy  Conserved En.    Temperature Pressure (bar)
    1.55718e+03   -8.37031e+03   -6.14435e+03    2.98939e+02    8.49276e+02
   Constr. rmsd
    0.00000e+00

           Step           Time
         265000      265.00000

   Energies (kJ/mol)
        G96Bond       G96Angle    Proper Dih.  Improper Dih.          LJ-14
    3.49704e+01    4.89036e+01    7.80971e+00    6.11100e+00    3.50400e+01
     Coulomb-14        LJ (SR)   Coulomb (SR)   Coul. recip.      Potential
   -1.99882e+03    1.37049e+03   -9.35188e+03    2.18723e+01   -9.82550e+03
    Kinetic En.   Total Energy  Conserved En.    Temperature Pressure (bar)
    1.52723e+03   -8.29828e+03   -6.11226e+03    2.93190e+02    7.11189e+01
   Constr. rmsd
    0.00000e+00

           Step           Time
         270000      270.00000

   Energies (kJ/mol)
        G96Bond       G96Angle    Proper Dih.  Improper Dih.          LJ-14
    2.01335e+01    4.38340e+01    1.70064e+01    3.64842e+00    3.77817e+01
     Coulomb-14        LJ (SR)   Coulomb (SR)   Coul. recip.      Potential
   -2.00089e+03    1.53296e+03   -9.66216e+03    2.80918e+01   -9.97960e+03
    Kinetic En.   Total Energy  Conserved En.    Temperature Pressure (bar)
    1.46841e+03   -8.51120e+03   -6.08603e+03    2.81897e+02    9.67114e+02
   Constr. rmsd
    0.00000e+00

           Step           Time
         275000      275.00000

   Energies (kJ/mol)
        G96Bond       G96Angle    Proper Dih.  Improper Dih.          LJ-14
    1.22671e+01    4.63131e+01    1.06286e+01    3.60713e+00    2.89986e+01
     Coulomb-14        LJ (SR)   Coulomb (SR)   Coul. recip.      Potential
   -1.98158e+03    1.35191e+03   -9.42895e+03    2.67200e+01   -9.93009e+03
    Kinetic En.   Total Energy  Conserved En.    Temperature Pressure (bar)
    1.49247e+03   -8.43762e+03   -6.10551e+03    2.86518e+02   -8.87028e+02
   Constr. rmsd
    0.00000e+00

           Step           Time
         280000      280.00000

   Energies (kJ/mol)
        G96Bond       G96Angle    Proper Dih.  Improper Dih.          LJ-14
    2.77844e+01    4.36736e+01    1.72332e+01    2.19700e+01    4.01689e+01
     Coulomb-14        LJ (SR)   Coulomb (SR)   Coul. recip.      Potential
   -2.00985e+03    1.27230e+03   -9.34489e+03    2.84450e+01   -9.90317e+03
    Kinetic En.   Total Energy  Conserved En.    Temperature Pressure (bar)
    1.65543e+03   -8.24774e+03   -6.07810e+03    3.17801e+02   -5.66954e+02
   Constr. rmsd
    0.00000e+00

           Step           Time
         285000      285.00000

   Energies (kJ/mol)
        G96Bond       G96Angle    Proper Dih.  Improper Dih.          LJ-14
    1.55657e+01    5.21248e+01    5.00085e+00    1.21990e+01    2.55605e+01
     Coulomb-14        LJ (SR)   Coulomb (SR)   Coul. recip.      Potential
   -1.97713e+03    1.46661e+03   -9.48884e+03    2.19361e+01   -9.86697e+03
    Kinetic En.   Total Energy  Conserved En.    Temperature Pressure (bar)
    1.59141e+03   -8.27556e+03   -6.01943e+03    3.05511e+02    2.97104e+02
   Constr. rmsd
    0.00000e+00

           Step           Time
         290000      290.00000

   Energies (kJ/mol)
        G96Bond       G96Angle    Proper Dih.  Improper Dih.          LJ-14
    1.31738e+01    3.67698e+01    4.75731e+00    2.98338e+00    3.67448e+01
     Coulomb-14        LJ (SR)   Coulomb (SR)   Coul. recip.      Potential
   -1.98438e+03    1.41887e+03   -9.52017e+03    2.74064e+01   -9.96385e+03
    Kinetic En.   Total Energy  Conserved En.    Temperature Pressure (bar)
    1.51330e+03   -8.45055e+03   -6.01315e+03    2.90516e+02    2.70197e+02
   Constr. rmsd
    0.00000e+00

           Step           Time
         295000      295.00000

   Energies (kJ/mol)
        G96Bond       G96Angle    Proper Dih.  Improper Dih.          LJ-14
    1.10682e+01    2.90143e+01    6.40849e+00    2.29182e+00    4.02996e+01
     Coulomb-14        LJ (SR)   Coulomb (SR)   Coul. recip.      Potential
   -1.98959e+03    1.32848e+03   -9.38109e+03    2.87359e+01   -9.92439e+03
    Kinetic En.   Total Energy  Conserved En.    Temperature Pressure (bar)
    1.56360e+03   -8.36078e+03   -6.02535e+03    3.00173e+02   -9.68716e+02
   Constr. rmsd
    0.00000e+00

           Step           Time
         300000      300.00000

   Energies (kJ/mol)
        G96Bond       G96Angle    Proper Dih.  Improper Dih.          LJ-14
    2.99462e+01    2.98700e+01    7.33595e+00    3.67979e+00    3.82065e+01
     Coulomb-14        LJ (SR)   Coulomb (SR)   Coul. recip.      Potential
   -1.98641e+03    1.17179e+03   -9.23178e+03    2.89413e+01   -9.90843e+03
    Kinetic En.   Total Energy  Conserved En.    Temperature Pressure (bar)
    1.56366e+03   -8.34477e+03   -6.03541e+03    3.00183e+02   -1.64140e+03
   Constr. rmsd
    0.00000e+00

           Step           Time
         305000      305.00000

   Energies (kJ/mol)
        G96Bond       G96Angle    Proper Dih.  Improper Dih.          LJ-14
    1.69712e+01    4.12395e+01    1.04966e+01    1.22536e+01    3.28022e+01
     Coulomb-14        LJ (SR)   Coulomb (SR)   Coul. recip.      Potential
   -1.99156e+03    1.39625e+03   -9.33221e+03    2.52676e+01   -9.78849e+03
    Kinetic En.   Total Energy  Conserved En.    Temperature Pressure (bar)
    1.52330e+03   -8.26519e+03   -5.97292e+03    2.92436e+02    7.18826e+02
   Constr. rmsd
    0.00000e+00

           Step           Time
         310000      310.00000

   Energies (kJ/mol)
        G96Bond       G96Angle    Proper Dih.  Improper Dih.          LJ-14
    2.66027e+01    3.90077e+01    2.64889e+00    1.51243e+01    2.86501e+01
     Coulomb-14        LJ (SR)   Coulomb (SR)   Coul. recip.      Potential
   -1.96989e+03    1.42557e+03   -9.49557e+03    2.15126e+01   -9.90634e+03
    Kinetic En.   Total Energy  Conserved En.    Temperature Pressure (bar)
    1.53535e+03   -8.37099e+03   -5.91360e+03    2.94749e+02   -2.26918e+02
   Constr. rmsd
    0.00000e+00

           Step           Time
         315000      315.00000

   Energies (kJ/mol)
        G96Bond       G96Angle    Proper Dih.  Improper Dih.          LJ-14
    1.96541e+01    4.31229e+01    5.00072e+00    9.05648e+00    3.74011e+01
     Coulomb-14        LJ (SR)   Coulomb (SR)   Coul. recip.      Potential
   -1.99021e+03    1.42593e+03   -9.62363e+03    2.66579e+01   -1.00470e+04
    Kinetic En.   Total Energy  Conserved En.    Temperature Pressure (bar)
    1.57060e+03   -8.47641e+03   -5.91136e+03    3.01517e+02    3.63708e+02
   Constr. rmsd
    0.00000e+00

           Step           Time
         320000      320.00000

   Energies (kJ/mol)
        G96Bond       G96Angle    Proper Dih.  Improper Dih.          LJ-14
    2.79535e+01    3.48804e+01    1.46762e+01    4.70006e+00    3.77062e+01
     Coulomb-14        LJ (SR)   Coulomb (SR)   Coul. recip.      Potential
   -1.99971e+03    1.33615e+03   -9.42928e+03    2.91691e+01   -9.94375e+03
    Kinetic En.   Total Energy  Conserved En.    Temperature Pressure (bar)
    1.54157e+03   -8.40218e+03   -5.91881e+03    2.95942e+02   -2.74625e+01
   Constr. rmsd
    0.00000e+00

           Step           Time
         325000      325.00000

   Energies (kJ/mol)
        G96Bond       G96Angle    Proper Dih.  Improper Dih.          LJ-14
    1.88403e+01    3.92120e+01    9.84019e+00    3.75602e+00    3.40699e+01
     Coulomb-14        LJ (SR)   Coulomb (SR)   Coul. recip.      Potential
   -1.99349e+03    1.31125e+03   -9.34821e+03    2.51049e+01   -9.89963e+03
    Kinetic En.   Total Energy  Conserved En.    Temperature Pressure (bar)
    1.64067e+03   -8.25895e+03   -5.91077e+03    3.14968e+02   -5.71298e+02
   Constr. rmsd
    0.00000e+00

           Step           Time
         330000      330.00000

   Energies (kJ/mol)
        G96Bond       G96Angle    Proper Dih.  Improper Dih.          LJ-14
    2.64240e+01    4.49557e+01    2.08089e+01    7.88169e+00    4.06188e+01
     Coulomb-14        LJ (SR)   Coulomb (SR)   Coul. recip.      Potential
   -2.00842e+03    1.29533e+03   -9.28398e+03    2.43745e+01   -9.83200e+03
    Kinetic En.   Total Energy  Conserved En.    Temperature Pressure (bar)
    1.61138e+03   -8.22063e+03   -5.90457e+03    3.09344e+02   -2.02218e+02
   Constr. rmsd
    0.00000e+00

           Step           Time
         335000      335.00000

   Energies (kJ/mol)
        G96Bond       G96Angle    Proper Dih.  Improper Dih.          LJ-14
    7.16258e+00    3.90123e+01    8.13818e+00    1.02404e+01    3.10786e+01
     Coulomb-14        LJ (SR)   Coulomb (SR)   Coul. recip.      Potential
   -1.97693e+03    1.49379e+03   -9.41929e+03    3.75515e+01   -9.76924e+03
    Kinetic En.   Total Energy  Conserved En.    Temperature Pressure (bar)
    1.53127e+03   -8.23798e+03   -5.89099e+03    2.93965e+02    5.18497e+02
   Constr. rmsd
    0.00000e+00

           Step           Time
         340000      340.00000

   Energies (kJ/mol)
        G96Bond       G96Angle    Proper Dih.  Improper Dih.          LJ-14
    1.31198e+01    5.16984e+01    9.27839e+00    1.03128e+01    4.41721e+01
     Coulomb-14        LJ (SR)   Coulomb (SR)   Coul. recip.      Potential
   -2.01178e+03    1.25482e+03   -9.22537e+03    2.74101e+01   -9.82634e+03
    Kinetic En.   Total Energy  Conserved En.    Temperature Pressure (bar)
    1.65869e+03   -8.16765e+03   -5.85721e+03    3.18426e+02   -1.49932e+02
   Constr. rmsd
    0.00000e+00

           Step           Time
         345000      345.00000

   Energies (kJ/mol)
        G96Bond       G96Angle    Proper Dih.  Improper Dih.          LJ-14
    6.60591e+00    4.85988e+01    1.16534e+01    1.77658e+01    3.31905e+01
     Coulomb-14        LJ (SR)   Coulomb (SR)   Coul. recip.      Potential
   -1.99065e+03    1.36702e+03   -9.43412e+03    3.20330e+01   -9.90790e+03
    Kinetic En.   Total Energy  Conserved En.    Temperature Pressure (bar)
    1.42814e+03   -8.47976e+03   -5.85292e+03    2.74167e+02   -4.17249e+02
   Constr. rmsd
    0.00000e+00

           Step           Time
         350000      350.00000

   Energies (kJ/mol)
        G96Bond       G96Angle    Proper Dih.  Improper Dih.          LJ-14
    1.89438e+01    4.53091e+01    8.05405e+00    1.17254e+01    3.83314e+01
     Coulomb-14        LJ (SR)   Coulomb (SR)   Coul. recip.      Potential
   -2.00293e+03    1.28214e+03   -9.24415e+03    2.59469e+01   -9.81662e+03
    Kinetic En.   Total Energy  Conserved En.    Temperature Pressure (bar)
    1.56299e+03   -8.25363e+03   -5.81376e+03    3.00056e+02    9.41690e+01
   Constr. rmsd
    0.00000e+00

           Step           Time
         355000      355.00000

   Energies (kJ/mol)
        G96Bond       G96Angle    Proper Dih.  Improper Dih.          LJ-14
    1.46123e+01    6.41811e+01    7.36123e+00    1.81856e+01    3.46637e+01
     Coulomb-14        LJ (SR)   Coulomb (SR)   Coul. recip.      Potential
   -1.99562e+03    1.49266e+03   -9.59797e+03    2.50001e+01   -9.93693e+03
    Kinetic En.   Total Energy  Conserved En.    Temperature Pressure (bar)
    1.52463e+03   -8.41229e+03   -5.76576e+03    2.92691e+02    1.01874e+03
   Constr. rmsd
    0.00000e+00

           Step           Time
         360000      360.00000

   Energies (kJ/mol)
        G96Bond       G96Angle    Proper Dih.  Improper Dih.          LJ-14
    4.29957e+01    5.55283e+01    6.21865e+00    5.77574e+00    5.14002e+01
     Coulomb-14        LJ (SR)   Coulomb (SR)   Coul. recip.      Potential
   -2.02500e+03    1.36817e+03   -9.48367e+03    2.51672e+01   -9.95341e+03
    Kinetic En.   Total Energy  Conserved En.    Temperature Pressure (bar)
    1.65939e+03   -8.29402e+03   -5.77513e+03    3.18561e+02    1.12147e+03
   Constr. rmsd
    0.00000e+00

           Step           Time
         365000      365.00000

   Energies (kJ/mol)
        G96Bond       G96Angle    Proper Dih.  Improper Dih.          LJ-14
    2.32776e+01    4.12493e+01    9.39980e+00    4.14630e+00    2.79705e+01
     Coulomb-14        LJ (SR)   Coulomb (SR)   Coul. recip.      Potential
   -1.98707e+03    1.43081e+03   -9.60362e+03    3.01187e+01   -1.00237e+04
    Kinetic En.   Total Energy  Conserved En.    Temperature Pressure (bar)
    1.66501e+03   -8.35870e+03   -5.74370e+03    3.19641e+02    6.50514e+02
   Constr. rmsd
    0.00000e+00

           Step           Time
         370000      370.00000

   Energies (kJ/mol)
        G96Bond       G96Angle    Proper Dih.  Improper Dih.          LJ-14
    1.92031e+01    4.09212e+01    5.69595e+00    8.57803e+00    3.50808e+01
     Coulomb-14        LJ (SR)   Coulomb (SR)   Coul. recip.      Potential
   -1.97123e+03    1.37728e+03   -9.36824e+03    3.24948e+01   -9.82021e+03
    Kinetic En.   Total Energy  Conserved En.    Temperature Pressure (bar)
    1.48580e+03   -8.33441e+03   -5.74140e+03    2.85236e+02   -3.95266e+02
   Constr. rmsd
    0.00000e+00

           Step           Time
         375000      375.00000

   Energies (kJ/mol)
        G96Bond       G96Angle    Proper Dih.  Improper Dih.          LJ-14
    3.40330e+01    3.57209e+01    5.27240e+00    7.04009e+00    3.25376e+01
     Coulomb-14        LJ (SR)   Coulomb (SR)   Coul. recip.      Potential
   -1.99116e+03    1.47967e+03   -9.51256e+03    2.84959e+01   -9.88095e+03
    Kinetic En.   Total Energy  Conserved En.    Temperature Pressure (bar)
    1.63376e+03   -8.24720e+03   -5.67380e+03    3.13641e+02    2.43126e+03
   Constr. rmsd
    0.00000e+00

           Step           Time
         380000      380.00000

   Energies (kJ/mol)
        G96Bond       G96Angle    Proper Dih.  Improper Dih.          LJ-14
    4.10073e+01    5.83228e+01    3.67926e+00    6.65057e+00    4.17428e+01
     Coulomb-14        LJ (SR)   Coulomb (SR)   Coul. recip.      Potential
   -2.00954e+03    1.25636e+03   -9.32758e+03    3.19752e+01   -9.89739e+03
    Kinetic En.   Total Energy  Conserved En.    Temperature Pressure (bar)
    1.52600e+03   -8.37139e+03   -5.65227e+03    2.92953e+02   -3.95555e+02
   Constr. rmsd
    0.00000e+00

           Step           Time
         385000      385.00000

   Energies (kJ/mol)
        G96Bond       G96Angle    Proper Dih.  Improper Dih.          LJ-14
    2.64251e+01    4.08970e+01    9.25317e+00    1.70000e+01    4.31002e+01
     Coulomb-14        LJ (SR)   Coulomb (SR)   Coul. recip.      Potential
   -2.00683e+03    1.21447e+03   -9.25635e+03    2.85223e+01   -9.88351e+03
    Kinetic En.   Total Energy  Conserved En.    Temperature Pressure (bar)
    1.51764e+03   -8.36587e+03   -5.67869e+03    2.91350e+02   -1.29965e+03
   Constr. rmsd
    0.00000e+00

           Step           Time
         390000      390.00000

   Energies (kJ/mol)
        G96Bond       G96Angle    Proper Dih.  Improper Dih.          LJ-14
    2.06364e+01    3.83880e+01    8.59124e+00    3.02059e+00    2.98193e+01
     Coulomb-14        LJ (SR)   Coulomb (SR)   Coul. recip.      Potential
   -1.98398e+03    1.50293e+03   -9.47538e+03    3.45899e+01   -9.82138e+03
    Kinetic En.   Total Energy  Conserved En.    Temperature Pressure (bar)
    1.48555e+03   -8.33583e+03   -5.67039e+03    2.85188e+02    1.64037e+03
   Constr. rmsd
    0.00000e+00

           Step           Time
         395000      395.00000

   Energies (kJ/mol)
        G96Bond       G96Angle    Proper Dih.  Improper Dih.          LJ-14
    2.27445e+01    5.79588e+01    2.78091e+01    1.64187e+00    3.75259e+01
     Coulomb-14        LJ (SR)   Coulomb (SR)   Coul. recip.      Potential
   -1.99970e+03    1.39199e+03   -9.33782e+03    2.33868e+01   -9.77446e+03
    Kinetic En.   Total Energy  Conserved En.    Temperature Pressure (bar)
    1.51383e+03   -8.26062e+03   -5.63625e+03    2.90618e+02    9.26869e+02
   Constr. rmsd
    0.00000e+00

           Step           Time
         400000      400.00000

   Energies (kJ/mol)
        G96Bond       G96Angle    Proper Dih.  Improper Dih.          LJ-14
    3.45635e+01    5.57877e+01    1.54983e+01    4.18741e+00    4.63392e+01
     Coulomb-14        LJ (SR)   Coulomb (SR)   Coul. recip.      Potential
   -2.02120e+03    1.37985e+03   -9.56029e+03    2.47140e+01   -1.00206e+04
    Kinetic En.   Total Energy  Conserved En.    Temperature Pressure (bar)
    1.46178e+03   -8.55877e+03   -5.61824e+03    2.80626e+02   -1.88699e+02
   Constr. rmsd
    0.00000e+00

           Step           Time
         405000      405.00000

   Energies (kJ/mol)
        G96Bond       G96Angle    Proper Dih.  Improper Dih.          LJ-14
    5.73516e+00    6.25516e+01    7.07921e+00    3.73154e+00    2.53183e+01
     Coulomb-14        LJ (SR)   Coulomb (SR)   Coul. recip.      Potential
   -1.96424e+03    1.47496e+03   -9.61134e+03    2.08539e+01   -9.97535e+03
    Kinetic En.   Total Energy  Conserved En.    Temperature Pressure (bar)
    1.64009e+03   -8.33526e+03   -5.59337e+03    3.14857e+02    6.93814e+01
   Constr. rmsd
    0.00000e+00

           Step           Time
         410000      410.00000

   Energies (kJ/mol)
        G96Bond       G96Angle    Proper Dih.  Improper Dih.          LJ-14
    3.49459e+01    6.31424e+01    8.56103e+00    9.48810e+00    3.89069e+01
     Coulomb-14        LJ (SR)   Coulomb (SR)   Coul. recip.      Potential
   -2.00928e+03    1.16457e+03   -9.14902e+03    2.53308e+01   -9.81336e+03
    Kinetic En.   Total Energy  Conserved En.    Temperature Pressure (bar)
    1.56500e+03   -8.24836e+03   -5.60548e+03    3.00441e+02   -1.40983e+03
   Constr. rmsd
    0.00000e+00

           Step           Time
         415000      415.00000

   Energies (kJ/mol)
        G96Bond       G96Angle    Proper Dih.  Improper Dih.          LJ-14
    2.51080e+01    5.26462e+01    1.13317e+01    1.16161e+01    3.98786e+01
     Coulomb-14        LJ (SR)   Coulomb (SR)   Coul. recip.      Potential
   -1.99285e+03    1.21320e+03   -9.27747e+03    2.94540e+01   -9.88708e+03
    Kinetic En.   Total Energy  Conserved En.    Temperature Pressure (bar)
    1.53408e+03   -8.35301e+03   -5.57583e+03    2.94504e+02   -8.24649e+02
   Constr. rmsd
    0.00000e+00

           Step           Time
         420000      420.00000

   Energies (kJ/mol)
        G96Bond       G96Angle    Proper Dih.  Improper Dih.          LJ-14
    1.56900e+01    5.21498e+01    9.48704e+00    4.77513e+00    2.87581e+01
     Coulomb-14        LJ (SR)   Coulomb (SR)   Coul. recip.      Potential
   -1.98417e+03    1.46629e+03   -9.40683e+03    2.31728e+01   -9.79068e+03
    Kinetic En.   Total Energy  Conserved En.    Temperature Pressure (bar)
    1.61957e+03   -8.17111e+03   -5.56508e+03    3.10917e+02    9.03310e+02
   Constr. rmsd
    0.00000e+00

           Step           Time
         425000      425.00000

   Energies (kJ/mol)
        G96Bond       G96Angle    Proper Dih.  Improper Dih.          LJ-14
    1.27509e+01    4.36740e+01    6.34185e+00    8.90437e+00    4.21783e+01
     Coulomb-14        LJ (SR)   Coulomb (SR)   Coul. recip.      Potential
   -1.99111e+03    1.35834e+03   -9.47981e+03    2.74947e+01   -9.97123e+03
    Kinetic En.   Total Energy  Conserved En.    Temperature Pressure (bar)
    1.59481e+03   -8.37642e+03   -5.54715e+03    3.06164e+02   -2.65438e+02
   Constr. rmsd
    0.00000e+00

           Step           Time
         430000      430.00000

   Energies (kJ/mol)
        G96Bond       G96Angle    Proper Dih.  Improper Dih.          LJ-14
    2.34998e+01    4.59185e+01    6.74802e+00    5.47064e+00    3.24116e+01
     Coulomb-14        LJ (SR)   Coulomb (SR)   Coul. recip.      Potential
   -1.97806e+03    1.46556e+03   -9.67855e+03    2.95528e+01   -1.00474e+04
    Kinetic En.   Total Energy  Conserved En.    Temperature Pressure (bar)
    1.62918e+03   -8.41827e+03   -5.51475e+03    3.12761e+02   -3.48883e+02
   Constr. rmsd
    0.00000e+00

           Step           Time
         435000      435.00000

   Energies (kJ/mol)
        G96Bond       G96Angle    Proper Dih.  Improper Dih.          LJ-14
    3.70838e+01    3.77324e+01    1.09605e+01    1.44984e+01    4.13342e+01
     Coulomb-14        LJ (SR)   Coulomb (SR)   Coul. recip.      Potential
   -2.01275e+03    1.47179e+03   -9.54552e+03    2.96577e+01   -9.91522e+03
    Kinetic En.   Total Energy  Conserved En.    Temperature Pressure (bar)
    1.52578e+03   -8.38943e+03   -5.46305e+03    2.92913e+02    2.48299e+03
   Constr. rmsd
    0.00000e+00

           Step           Time
         440000      440.00000

   Energies (kJ/mol)
        G96Bond       G96Angle    Proper Dih.  Improper Dih.          LJ-14
    2.11656e+01    3.89746e+01    5.23439e+00    5.41055e+00    3.42680e+01
     Coulomb-14        LJ (SR)   Coulomb (SR)   Coul. recip.      Potential
   -1.97277e+03    1.33771e+03   -9.31115e+03    1.99829e+01   -9.82117e+03
    Kinetic En.   Total Energy  Conserved En.    Temperature Pressure (bar)
    1.57027e+03   -8.25090e+03   -5.51003e+03    3.01453e+02   -9.33692e+02
   Constr. rmsd
    0.00000e+00

           Step           Time
         445000      445.00000

   Energies (kJ/mol)
        G96Bond       G96Angle    Proper Dih.  Improper Dih.          LJ-14
    3.31605e+01    6.65152e+01    3.16179e+00    3.47012e+00    4.08017e+01
     Coulomb-14        LJ (SR)   Coulomb (SR)   Coul. recip.      Potential
   -2.00267e+03    1.22747e+03   -9.20472e+03    2.36598e+01   -9.80915e+03
    Kinetic En.   Total Energy  Conserved En.    Temperature Pressure (bar)
    1.64569e+03   -8.16346e+03   -5.46430e+03    3.15932e+02    6.19682e+02
   Constr. rmsd
    0.00000e+00

           Step           Time
         450000      450.00000

   Energies (kJ/mol)
        G96Bond       G96Angle    Proper Dih.  Improper Dih.          LJ-14
    4.44773e+01    4.94591e+01    6.12441e+00    2.24255e+01    3.92198e+01
     Coulomb-14        LJ (SR)   Coulomb (SR)   Coul. recip.      Potential
   -2.00303e+03    1.23388e+03   -9.20131e+03    3.07541e+01   -9.77799e+03
    Kinetic En.   Total Energy  Conserved En.    Temperature Pressure (bar)
    1.51834e+03   -8.25965e+03   -5.44007e+03    2.91484e+02   -4.80990e+02
   Constr. rmsd
    0.00000e+00

           Step           Time
         455000      455.00000

   Energies (kJ/mol)
        G96Bond       G96Angle    Proper Dih.  Improper Dih.          LJ-14
    2.75934e+01    5.75712e+01    5.45028e+00    3.81340e+00    3.07661e+01
     Coulomb-14        LJ (SR)   Coulomb (SR)   Coul. recip.      Potential
   -1.99277e+03    1.30794e+03   -9.22059e+03    2.62691e+01   -9.75396e+03
    Kinetic En.   Total Energy  Conserved En.    Temperature Pressure (bar)
    1.55915e+03   -8.19481e+03   -5.45292e+03    2.99318e+02   -2.94351e+02
   Constr. rmsd
    0.00000e+00

           Step           Time
         460000      460.00000

   Energies (kJ/mol)
        G96Bond       G96Angle    Proper Dih.  Improper Dih.          LJ-14
    2.34265e+01    6.58446e+01    1.28071e+01    2.71344e+01    4.23177e+01
     Coulomb-14        LJ (SR)   Coulomb (SR)   Coul. recip.      Potential
   -2.01670e+03    1.28597e+03   -9.34604e+03    2.89200e+01   -9.87632e+03
    Kinetic En.   Total Energy  Conserved En.    Temperature Pressure (bar)
    1.59169e+03   -8.28463e+03   -5.42846e+03    3.05564e+02    8.68862e+01
   Constr. rmsd
    0.00000e+00

           Step           Time
         465000      465.00000

   Energies (kJ/mol)
        G96Bond       G96Angle    Proper Dih.  Improper Dih.          LJ-14
    1.38437e+01    6.63539e+01    1.06209e+01    2.80078e+00    3.04480e+01
     Coulomb-14        LJ (SR)   Coulomb (SR)   Coul. recip.      Potential
   -1.98205e+03    1.44168e+03   -9.42284e+03    2.45377e+01   -9.81461e+03
    Kinetic En.   Total Energy  Conserved En.    Temperature Pressure (bar)
    1.47953e+03   -8.33507e+03   -5.38373e+03    2.84033e+02    6.67771e+02
   Constr. rmsd
    0.00000e+00

           Step           Time
         470000      470.00000

   Energies (kJ/mol)
        G96Bond       G96Angle    Proper Dih.  Improper Dih.          LJ-14
    2.05108e+01    3.98682e+01    9.90478e+00    9.27190e+00    3.24190e+01
     Coulomb-14        LJ (SR)   Coulomb (SR)   Coul. recip.      Potential
   -1.98821e+03    1.39804e+03   -9.53069e+03    2.68139e+01   -9.98208e+03
    Kinetic En.   Total Energy  Conserved En.    Temperature Pressure (bar)
    1.48164e+03   -8.50044e+03   -5.36681e+03    2.84437e+02    6.13883e+02
   Constr. rmsd
    0.00000e+00

           Step           Time
         475000      475.00000

   Energies (kJ/mol)
        G96Bond       G96Angle    Proper Dih.  Improper Dih.          LJ-14
    3.30273e+01    6.69340e+01    9.29423e+00    4.73266e+00    4.37025e+01
     Coulomb-14        LJ (SR)   Coulomb (SR)   Coul. recip.      Potential
   -2.02134e+03    1.27618e+03   -9.36747e+03    2.36098e+01   -9.93133e+03
    Kinetic En.   Total Energy  Conserved En.    Temperature Pressure (bar)
    1.46972e+03   -8.46161e+03   -5.36685e+03    2.82150e+02   -5.76931e+02
   Constr. rmsd
    0.00000e+00

           Step           Time
         480000      480.00000

   Energies (kJ/mol)
        G96Bond       G96Angle    Proper Dih.  Improper Dih.          LJ-14
    2.22846e+01    4.71827e+01    7.79045e+00    1.35572e+01    3.94732e+01
     Coulomb-14        LJ (SR)   Coulomb (SR)   Coul. recip.      Potential
   -1.99060e+03    1.45000e+03   -9.49281e+03    3.42787e+01   -9.86885e+03
    Kinetic En.   Total Energy  Conserved En.    Temperature Pressure (bar)
    1.50687e+03   -8.36198e+03   -5.33150e+03    2.89282e+02    1.87223e+03
   Constr. rmsd
    0.00000e+00

           Step           Time
         485000      485.00000

   Energies (kJ/mol)
        G96Bond       G96Angle    Proper Dih.  Improper Dih.          LJ-14
    1.13468e+01    2.94519e+01    2.04772e+01    9.46786e+00    2.05617e+01
     Coulomb-14        LJ (SR)   Coulomb (SR)   Coul. recip.      Potential
   -1.96768e+03    1.43023e+03   -9.37243e+03    2.69941e+01   -9.79158e+03
    Kinetic En.   Total Energy  Conserved En.    Temperature Pressure (bar)
    1.49310e+03   -8.29849e+03   -5.36360e+03    2.86637e+02    3.18140e+02
   Constr. rmsd
    0.00000e+00

           Step           Time
         490000      490.00000

   Energies (kJ/mol)
        G96Bond       G96Angle    Proper Dih.  Improper Dih.          LJ-14
    1.81631e+01    3.75626e+01    1.13221e+01    1.63791e+00    2.51681e+01
     Coulomb-14        LJ (SR)   Coulomb (SR)   Coul. recip.      Potential
   -1.97364e+03    1.29932e+03   -9.35313e+03    2.58806e+01   -9.90772e+03
    Kinetic En.   Total Energy  Conserved En.    Temperature Pressure (bar)
    1.60851e+03   -8.29921e+03   -5.30684e+03    3.08793e+02   -1.12320e+03
   Constr. rmsd
    0.00000e+00

           Step           Time
         495000      495.00000

   Energies (kJ/mol)
        G96Bond       G96Angle    Proper Dih.  Improper Dih.          LJ-14
    3.00584e+01    4.55365e+01    7.45773e+00    6.65081e+00    2.95693e+01
     Coulomb-14        LJ (SR)   Coulomb (SR)   Coul. recip.      Potential
   -1.99392e+03    1.40352e+03   -9.45574e+03    3.00954e+01   -9.89677e+03
    Kinetic En.   Total Energy  Conserved En.    Temperature Pressure (bar)
    1.61874e+03   -8.27803e+03   -5.29480e+03    3.10758e+02    3.56370e+02
   Constr. rmsd
    0.00000e+00

           Step           Time
         500000      500.00000

   Energies (kJ/mol)
        G96Bond       G96Angle    Proper Dih.  Improper Dih.          LJ-14
    2.81459e+01    4.86906e+01    8.78707e+00    4.68920e+00    4.05387e+01
     Coulomb-14        LJ (SR)   Coulomb (SR)   Coul. recip.      Potential
   -2.00772e+03    1.55192e+03   -9.57823e+03    3.43510e+01   -9.86883e+03
    Kinetic En.   Total Energy  Conserved En.    Temperature Pressure (bar)
    1.49865e+03   -8.37019e+03   -5.25849e+03    2.87703e+02    2.26430e+03
   Constr. rmsd
    0.00000e+00

           Step           Time
         505000      505.00000

   Energies (kJ/mol)
        G96Bond       G96Angle    Proper Dih.  Improper Dih.          LJ-14
    8.14158e+00    6.44156e+01    1.31832e+01    1.87859e+01    2.93200e+01
     Coulomb-14        LJ (SR)   Coulomb (SR)   Coul. recip.      Potential
   -1.97952e+03    1.50287e+03   -9.60422e+03    3.18570e+01   -9.91516e+03
    Kinetic En.   Total Energy  Conserved En.    Temperature Pressure (bar)
    1.45885e+03   -8.45631e+03   -5.27540e+03    2.80064e+02    2.36313e+02
   Constr. rmsd
    0.00000e+00

           Step           Time
         510000      510.00000

   Energies (kJ/mol)
        G96Bond       G96Angle    Proper Dih.  Improper Dih.          LJ-14
    3.71526e+01    4.31894e+01    9.42675e+00    1.97282e+01    2.69993e+01
     Coulomb-14        LJ (SR)   Coulomb (SR)   Coul. recip.      Potential
   -1.98099e+03    1.43534e+03   -9.54298e+03    2.73519e+01   -9.92479e+03
    Kinetic En.   Total Energy  Conserved En.    Temperature Pressure (bar)
    1.51090e+03   -8.41389e+03   -5.23935e+03    2.90054e+02    3.25000e+02
   Constr. rmsd
    0.00000e+00

           Step           Time
         515000      515.00000

   Energies (kJ/mol)
        G96Bond       G96Angle    Proper Dih.  Improper Dih.          LJ-14
    4.70415e+01    5.48371e+01    8.32946e+00    7.39673e+00    3.63156e+01
     Coulomb-14        LJ (SR)   Coulomb (SR)   Coul. recip.      Potential
   -1.99477e+03    1.41523e+03   -9.49487e+03    2.85948e+01   -9.89190e+03
    Kinetic En.   Total Energy  Conserved En.    Temperature Pressure (bar)
    1.52221e+03   -8.36969e+03   -5.23293e+03    2.92226e+02    4.31943e+02
   Constr. rmsd
    0.00000e+00

           Step           Time
         520000      520.00000

   Energies (kJ/mol)
        G96Bond       G96Angle    Proper Dih.  Improper Dih.          LJ-14
    3.57001e+01    4.59252e+01    7.05190e+00    1.06373e+01    2.61282e+01
     Coulomb-14        LJ (SR)   Coulomb (SR)   Coul. recip.      Potential
   -1.97591e+03    1.39211e+03   -9.35669e+03    2.87516e+01   -9.78629e+03
    Kinetic En.   Total Energy  Conserved En.    Temperature Pressure (bar)
    1.42532e+03   -8.36097e+03   -5.19180e+03    2.73626e+02    2.74740e+02
   Constr. rmsd
    0.00000e+00

           Step           Time
         525000      525.00000

   Energies (kJ/mol)
        G96Bond       G96Angle    Proper Dih.  Improper Dih.          LJ-14
    2.68667e+01    6.51246e+01    1.31346e+01    6.15208e+00    3.67648e+01
     Coulomb-14        LJ (SR)   Coulomb (SR)   Coul. recip.      Potential
   -1.98064e+03    1.35615e+03   -9.33987e+03    2.57485e+01   -9.79057e+03
    Kinetic En.   Total Energy  Conserved En.    Temperature Pressure (bar)
    1.55329e+03   -8.23728e+03   -5.18554e+03    2.98192e+02    6.37158e+02
   Constr. rmsd
    0.00000e+00

           Step           Time
         530000      530.00000

   Energies (kJ/mol)
        G96Bond       G96Angle    Proper Dih.  Improper Dih.          LJ-14
    2.13909e+01    5.36024e+01    1.65270e+01    3.00742e+00    3.54195e+01
     Coulomb-14        LJ (SR)   Coulomb (SR)   Coul. recip.      Potential
   -1.99014e+03    1.38919e+03   -9.39342e+03    3.12961e+01   -9.83313e+03
    Kinetic En.   Total Energy  Conserved En.    Temperature Pressure (bar)
    1.61480e+03   -8.21833e+03   -5.18854e+03    3.10000e+02    4.65490e+02
   Constr. rmsd
    0.00000e+00

           Step           Time
         535000      535.00000

   Energies (kJ/mol)
        G96Bond       G96Angle    Proper Dih.  Improper Dih.          LJ-14
    2.02621e+01    4.70720e+01    7.05086e+00    1.00359e+01    3.91351e+01
     Coulomb-14        LJ (SR)   Coulomb (SR)   Coul. recip.      Potential
   -1.99818e+03    1.40476e+03   -9.35369e+03    3.15744e+01   -9.79199e+03
    Kinetic En.   Total Energy  Conserved En.    Temperature Pressure (bar)
    1.48200e+03   -8.30999e+03   -5.14793e+03    2.84507e+02    6.66890e+00
   Constr. rmsd
    0.00000e+00

           Step           Time
         540000      540.00000

   Energies (kJ/mol)
        G96Bond       G96Angle    Proper Dih.  Improper Dih.          LJ-14
    9.60340e+00    4.60521e+01    6.45924e+00    3.08572e+00    2.80325e+01
     Coulomb-14        LJ (SR)   Coulomb (SR)   Coul. recip.      Potential
   -1.96806e+03    1.41935e+03   -9.32406e+03    2.75087e+01   -9.75203e+03
    Kinetic En.   Total Energy  Conserved En.    Temperature Pressure (bar)
    1.53440e+03   -8.21763e+03   -5.13480e+03    2.94567e+02    6.88181e+02
   Constr. rmsd
    0.00000e+00

           Step           Time
         545000      545.00000

   Energies (kJ/mol)
        G96Bond       G96Angle    Proper Dih.  Improper Dih.          LJ-14
    2.44489e+01    4.23642e+01    2.92940e+00    1.27391e+01    3.58677e+01
     Coulomb-14        LJ (SR)   Coulomb (SR)   Coul. recip.      Potential
   -1.99482e+03    1.51853e+03   -9.48848e+03    2.81457e+01   -9.81828e+03
    Kinetic En.   Total Energy  Conserved En.    Temperature Pressure (bar)
    1.42325e+03   -8.39503e+03   -5.10628e+03    2.73229e+02    2.40176e+03
   Constr. rmsd
    0.00000e+00

           Step           Time
         550000      550.00000

   Energies (kJ/mol)
        G96Bond       G96Angle    Proper Dih.  Improper Dih.          LJ-14
    1.87714e+01    4.68710e+01    1.59583e+01    1.00820e+01    2.35483e+01
     Coulomb-14        LJ (SR)   Coulomb (SR)   Coul. recip.      Potential
   -1.96728e+03    1.38544e+03   -9.41528e+03    3.08259e+01   -9.85107e+03
    Kinetic En.   Total Energy  Conserved En.    Temperature Pressure (bar)
    1.56429e+03   -8.28678e+03   -5.09915e+03    3.00304e+02   -7.07694e+02
   Constr. rmsd
    0.00000e+00

           Step           Time
         555000      555.00000

   Energies (kJ/mol)
        G96Bond       G96Angle    Proper Dih.  Improper Dih.          LJ-14
    3.71479e+01    3.95118e+01    8.46923e+00    6.98858e+00    3.17591e+01
     Coulomb-14        LJ (SR)   Coulomb (SR)   Coul. recip.      Potential
   -1.98975e+03    1.29564e+03   -9.26507e+03    2.43867e+01   -9.81091e+03
    Kinetic En.   Total Energy  Conserved En.    Temperature Pressure (bar)
    1.49424e+03   -8.31667e+03   -5.08040e+03    2.86857e+02    2.36459e+02
   Constr. rmsd
    0.00000e+00

           Step           Time
         560000      560.00000

   Energies (kJ/mol)
        G96Bond       G96Angle    Proper Dih.  Improper Dih.          LJ-14
    1.00383e+01    3.13890e+01    7.85476e+00    5.48769e+00    2.47515e+01
     Coulomb-14        LJ (SR)   Coulomb (SR)   Coul. recip.      Potential
   -1.96717e+03    1.36697e+03   -9.40166e+03    2.83909e+01   -9.89394e+03
    Kinetic En.   Total Energy  Conserved En.    Temperature Pressure (bar)
    1.44031e+03   -8.45363e+03   -5.08457e+03    2.76504e+02   -5.61997e+02
   Constr. rmsd
    0.00000e+00

           Step           Time
         565000      565.00000

   Energies (kJ/mol)
        G96Bond       G96Angle    Proper Dih.  Improper Dih.          LJ-14
    1.50362e+01    3.50160e+01    3.94724e+00    6.06505e+00    2.78954e+01
     Coulomb-14        LJ (SR)   Coulomb (SR)   Coul. recip.      Potential
   -1.97457e+03    1.35916e+03   -9.43012e+03    2.40103e+01   -9.93355e+03
    Kinetic En.   Total Energy  Conserved En.    Temperature Pressure (bar)
    1.57898e+03   -8.35458e+03   -5.06823e+03    3.03124e+02   -6.22772e+02
   Constr. rmsd
    0.00000e+00

           Step           Time
         570000      570.00000

   Energies (kJ/mol)
        G96Bond       G96Angle    Proper Dih.  Improper Dih.          LJ-14
    2.50413e+01    4.17207e+01    1.33628e+01    1.01452e+01    2.69551e+01
     Coulomb-14        LJ (SR)   Coulomb (SR)   Coul. recip.      Potential
   -1.98545e+03    1.35358e+03   -9.41932e+03    2.53198e+01   -9.90864e+03
    Kinetic En.   Total Energy  Conserved En.    Temperature Pressure (bar)
    1.56377e+03   -8.34487e+03   -5.04444e+03    3.00205e+02    6.38689e+02
   Constr. rmsd
    0.00000e+00

           Step           Time
         575000      575.00000

   Energies (kJ/mol)
        G96Bond       G96Angle    Proper Dih.  Improper Dih.          LJ-14
    1.20637e+01    4.79656e+01    1.01879e+01    6.81450e+00    3.11825e+01
     Coulomb-14        LJ (SR)   Coulomb (SR)   Coul. recip.      Potential
   -1.98042e+03    1.48634e+03   -9.47649e+03    2.98851e+01   -9.83247e+03
    Kinetic En.   Total Energy  Conserved En.    Temperature Pressure (bar)
    1.59316e+03   -8.23931e+03   -4.99423e+03    3.05847e+02    1.41067e+03
   Constr. rmsd
    0.00000e+00

           Step           Time
         580000      580.00000

   Energies (kJ/mol)
        G96Bond       G96Angle    Proper Dih.  Improper Dih.          LJ-14
    2.67874e+01    3.67823e+01    4.33148e+00    1.08868e+01    3.12279e+01
     Coulomb-14        LJ (SR)   Coulomb (SR)   Coul. recip.      Potential
   -1.99627e+03    1.43008e+03   -9.45864e+03    2.54234e+01   -9.88939e+03
    Kinetic En.   Total Energy  Conserved En.    Temperature Pressure (bar)
    1.48863e+03   -8.40076e+03   -4.99277e+03    2.85780e+02    1.29259e+03
   Constr. rmsd
    0.00000e+00

           Step           Time
         585000      585.00000

   Energies (kJ/mol)
        G96Bond       G96Angle    Proper Dih.  Improper Dih.          LJ-14
    2.27788e+01    3.86531e+01    1.51642e+01    5.04459e+00    2.78904e+01
     Coulomb-14        LJ (SR)   Coulomb (SR)   Coul. recip.      Potential
   -1.98256e+03    1.27023e+03   -9.29359e+03    2.61820e+01   -9.87020e+03
    Kinetic En.   Total Energy  Conserved En.    Temperature Pressure (bar)
    1.51207e+03   -8.35813e+03   -4.97082e+03    2.90280e+02   -2.48107e+02
   Constr. rmsd
    0.00000e+00

           Step           Time
         590000      590.00000

   Energies (kJ/mol)
        G96Bond       G96Angle    Proper Dih.  Improper Dih.          LJ-14
    2.55712e+01    5.41584e+01    3.45405e+00    1.21977e+01    3.58073e+01
     Coulomb-14        LJ (SR)   Coulomb (SR)   Coul. recip.      Potential
   -1.99310e+03    1.38917e+03   -9.43413e+03    3.38922e+01   -9.87298e+03
    Kinetic En.   Total Energy  Conserved En.    Temperature Pressure (bar)
    1.54386e+03   -8.32912e+03   -4.96275e+03    2.96383e+02    4.84820e+02
   Constr. rmsd
    0.00000e+00

           Step           Time
         595000      595.00000

   Energies (kJ/mol)
        G96Bond       G96Angle    Proper Dih.  Improper Dih.          LJ-14
    2.08798e+01    4.50371e+01    1.97258e+01    9.76136e+00    3.41925e+01
     Coulomb-14        LJ (SR)   Coulomb (SR)   Coul. recip.      Potential
   -1.99767e+03    1.38499e+03   -9.50869e+03    1.92630e+01   -9.97251e+03
    Kinetic En.   Total Energy  Conserved En.    Temperature Pressure (bar)
    1.65308e+03   -8.31943e+03   -4.94864e+03    3.17350e+02    3.99196e+02
   Constr. rmsd
    0.00000e+00

           Step           Time
         600000      600.00000

   Energies (kJ/mol)
        G96Bond       G96Angle    Proper Dih.  Improper Dih.          LJ-14
    1.20624e+01    3.13197e+01    1.42320e+01    7.41587e+00    2.76754e+01
     Coulomb-14        LJ (SR)   Coulomb (SR)   Coul. recip.      Potential
   -1.97912e+03    1.41016e+03   -9.48941e+03    2.50731e+01   -9.94059e+03
    Kinetic En.   Total Energy  Conserved En.    Temperature Pressure (bar)
    1.44423e+03   -8.49635e+03   -4.94050e+03    2.77257e+02    2.66261e+02
   Constr. rmsd
    0.00000e+00

           Step           Time
         605000      605.00000

   Energies (kJ/mol)
        G96Bond       G96Angle    Proper Dih.  Improper Dih.          LJ-14
    3.13200e+01    3.18680e+01    1.65141e+01    7.76065e+00    3.21737e+01
     Coulomb-14        LJ (SR)   Coulomb (SR)   Coul. recip.      Potential
   -2.00126e+03    1.56400e+03   -9.69590e+03    2.20201e+01   -9.99150e+03
    Kinetic En.   Total Energy  Conserved En.    Temperature Pressure (bar)
    1.56662e+03   -8.42489e+03   -4.93835e+03    3.00751e+02    1.89885e+03
   Constr. rmsd
    0.00000e+00

           Step           Time
         610000      610.00000

   Energies (kJ/mol)
        G96Bond       G96Angle    Proper Dih.  Improper Dih.          LJ-14
    1.34185e+01    3.50607e+01    8.58689e+00    3.76718e+00    3.36159e+01
     Coulomb-14        LJ (SR)   Coulomb (SR)   Coul. recip.      Potential
   -1.99350e+03    1.39527e+03   -9.48679e+03    3.29633e+01   -9.95761e+03
    Kinetic En.   Total Energy  Conserved En.    Temperature Pressure (bar)
    1.60085e+03   -8.35676e+03   -4.91291e+03    3.07323e+02   -4.00119e+01
   Constr. rmsd
    0.00000e+00

           Step           Time
         615000      615.00000

   Energies (kJ/mol)
        G96Bond       G96Angle    Proper Dih.  Improper Dih.          LJ-14
    1.56428e+01    5.09459e+01    7.07790e+00    9.57759e+00    3.39414e+01
     Coulomb-14        LJ (SR)   Coulomb (SR)   Coul. recip.      Potential
   -1.98585e+03    1.46007e+03   -9.56355e+03    3.39374e+01   -9.93820e+03
    Kinetic En.   Total Energy  Conserved En.    Temperature Pressure (bar)
    1.51562e+03   -8.42259e+03   -4.89362e+03    2.90960e+02    9.25667e+02
   Constr. rmsd
    0.00000e+00

           Step           Time
         620000      620.00000

   Energies (kJ/mol)
        G96Bond       G96Angle    Proper Dih.  Improper Dih.          LJ-14
    1.48603e+01    5.22060e+01    7.80311e+00    1.44714e+01    3.13508e+01
     Coulomb-14        LJ (SR)   Coulomb (SR)   Coul. recip.      Potential
   -1.98699e+03    1.38269e+03   -9.39700e+03    2.84972e+01   -9.85212e+03
    Kinetic En.   Total Energy  Conserved En.    Temperature Pressure (bar)
    1.55752e+03   -8.29460e+03   -4.88868e+03    2.99005e+02   -2.80381e+02
   Constr. rmsd
    0.00000e+00

           Step           Time
         625000      625.00000

   Energies (kJ/mol)
        G96Bond       G96Angle    Proper Dih.  Improper Dih.          LJ-14
    8.83182e+00    4.03985e+01    1.24775e+01    5.75816e+00    3.07693e+01
     Coulomb-14        LJ (SR)   Coulomb (SR)   Coul. recip.      Potential
   -1.98685e+03    1.42658e+03   -9.54012e+03    2.84864e+01   -9.97367e+03
    Kinetic En.   Total Energy  Conserved En.    Temperature Pressure (bar)
    1.61718e+03   -8.35649e+03   -4.81331e+03    3.10459e+02    3.36542e+02
   Constr. rmsd
    0.00000e+00

           Step           Time
         630000      630.00000

   Energies (kJ/mol)
        G96Bond       G96Angle    Proper Dih.  Improper Dih.          LJ-14
    3.56887e+01    5.29559e+01    9.38761e+00    1.01251e+01    3.54795e+01
     Coulomb-14        LJ (SR)   Coulomb (SR)   Coul. recip.      Potential
   -2.00698e+03    1.36424e+03   -9.55229e+03    2.05462e+01   -1.00309e+04
    Kinetic En.   Total Energy  Conserved En.    Temperature Pressure (bar)
    1.64729e+03   -8.38357e+03   -4.82735e+03    3.16238e+02    5.31618e+02
   Constr. rmsd
    0.00000e+00

           Step           Time
         635000      635.00000

   Energies (kJ/mol)
        G96Bond       G96Angle    Proper Dih.  Improper Dih.          LJ-14
    2.55788e+01    6.31115e+01    1.49147e+01    1.01867e+01    3.01067e+01
     Coulomb-14        LJ (SR)   Coulomb (SR)   Coul. recip.      Potential
   -1.97460e+03    1.56294e+03   -9.77729e+03    2.43406e+01   -1.00207e+04
    Kinetic En.   Total Energy  Conserved En.    Temperature Pressure (bar)
    1.45777e+03   -8.56294e+03   -4.82373e+03    2.79856e+02    9.00096e+02
   Constr. rmsd
    0.00000e+00

           Step           Time
         640000      640.00000

   Energies (kJ/mol)
        G96Bond       G96Angle    Proper Dih.  Improper Dih.          LJ-14
    1.00627e+01    4.81642e+01    9.39210e+00    2.61611e+00    3.13355e+01
     Coulomb-14        LJ (SR)   Coulomb (SR)   Coul. recip.      Potential
   -1.97742e+03    1.32415e+03   -9.37726e+03    2.71363e+01   -9.90183e+03
    Kinetic En.   Total Energy  Conserved En.    Temperature Pressure (bar)
    1.48858e+03   -8.41324e+03   -4.81375e+03    2.85771e+02   -1.08848e+03
   Constr. rmsd
    0.00000e+00

           Step           Time
         645000      645.00000

   Energies (kJ/mol)
        G96Bond       G96Angle    Proper Dih.  Improper Dih.          LJ-14
    2.36401e+01    4.34907e+01    1.05428e+01    1.03803e+01    2.95564e+01
     Coulomb-14        LJ (SR)   Coulomb (SR)   Coul. recip.      Potential
   -1.99011e+03    1.47195e+03   -9.45296e+03    2.85942e+01   -9.82491e+03
    Kinetic En.   Total Energy  Conserved En.    Temperature Pressure (bar)
    1.52304e+03   -8.30187e+03   -4.80023e+03    2.92386e+02    1.31445e+03
   Constr. rmsd
    0.00000e+00

           Step           Time
         650000      650.00000

   Energies (kJ/mol)
        G96Bond       G96Angle    Proper Dih.  Improper Dih.          LJ-14
    2.51534e+01    3.77253e+01    9.35317e+00    2.07214e+00    3.62715e+01
     Coulomb-14        LJ (SR)   Coulomb (SR)   Coul. recip.      Potential
   -1.99055e+03    1.25969e+03   -9.37795e+03    2.63034e+01   -9.97192e+03
    Kinetic En.   Total Energy  Conserved En.    Temperature Pressure (bar)
    1.50565e+03   -8.46628e+03   -4.77317e+03    2.89046e+02   -7.08114e+02
   Constr. rmsd
    0.00000e+00

           Step           Time
         655000      655.00000

   Energies (kJ/mol)
        G96Bond       G96Angle    Proper Dih.  Improper Dih.          LJ-14
    9.31623e+00    5.33272e+01    1.09491e+01    1.05538e+01    2.20971e+01
     Coulomb-14        LJ (SR)   Coulomb (SR)   Coul. recip.      Potential
   -1.97137e+03    1.31302e+03   -9.39098e+03    2.76808e+01   -9.91541e+03
    Kinetic En.   Total Energy  Conserved En.    Temperature Pressure (bar)
    1.60802e+03   -8.30739e+03   -4.76365e+03    3.08699e+02   -8.66503e+02
   Constr. rmsd
    0.00000e+00

           Step           Time
         660000      660.00000

   Energies (kJ/mol)
        G96Bond       G96Angle    Proper Dih.  Improper Dih.          LJ-14
    8.75709e+00    6.85292e+01    1.45559e+01    6.60272e+00    3.50918e+01
     Coulomb-14        LJ (SR)   Coulomb (SR)   Coul. recip.      Potential
   -1.99272e+03    1.46056e+03   -9.57998e+03    2.26492e+01   -9.95595e+03
    Kinetic En.   Total Energy  Conserved En.    Temperature Pressure (bar)
    1.45410e+03   -8.50185e+03   -4.73310e+03    2.79151e+02    1.13368e+03
   Constr. rmsd
    0.00000e+00

           Step           Time
         665000      665.00000

   Energies (kJ/mol)
        G96Bond       G96Angle    Proper Dih.  Improper Dih.          LJ-14
    1.67506e+01    4.36119e+01    1.82374e+01    1.97115e+00    2.75756e+01
     Coulomb-14        LJ (SR)   Coulomb (SR)   Coul. recip.      Potential
   -1.97007e+03    1.47741e+03   -9.42822e+03    2.61578e+01   -9.78658e+03
    Kinetic En.   Total Energy  Conserved En.    Temperature Pressure (bar)
    1.61970e+03   -8.16688e+03   -4.70821e+03    3.10942e+02    1.89464e+03
   Constr. rmsd
    0.00000e+00

           Step           Time
         670000      670.00000

   Energies (kJ/mol)
        G96Bond       G96Angle    Proper Dih.  Improper Dih.          LJ-14
    2.09755e+01    5.47300e+01    1.35642e+01    3.16050e+00    3.78266e+01
     Coulomb-14        LJ (SR)   Coulomb (SR)   Coul. recip.      Potential
   -2.01404e+03    1.35210e+03   -9.46961e+03    2.31028e+01   -9.97820e+03
    Kinetic En.   Total Energy  Conserved En.    Temperature Pressure (bar)
    1.51877e+03   -8.45943e+03   -4.70911e+03    2.91565e+02   -2.96270e+02
   Constr. rmsd
    0.00000e+00

           Step           Time
         675000      675.00000

   Energies (kJ/mol)
        G96Bond       G96Angle    Proper Dih.  Improper Dih.          LJ-14
    2.39752e+01    4.30194e+01    8.56934e+00    1.85153e+01    2.82258e+01
     Coulomb-14        LJ (SR)   Coulomb (SR)   Coul. recip.      Potential
   -1.98404e+03    1.53636e+03   -9.70754e+03    2.43006e+01   -1.00086e+04
    Kinetic En.   Total Energy  Conserved En.    Temperature Pressure (bar)
    1.61142e+03   -8.39719e+03   -4.68379e+03    3.09352e+02    1.54657e+03
   Constr. rmsd
    0.00000e+00

           Step           Time
         680000      680.00000

   Energies (kJ/mol)
        G96Bond       G96Angle    Proper Dih.  Improper Dih.          LJ-14
    2.23502e+01    4.26266e+01    7.66739e+00    1.14972e+01    2.19438e+01
     Coulomb-14        LJ (SR)   Coulomb (SR)   Coul. recip.      Potential
   -1.96859e+03    1.38065e+03   -9.40960e+03    2.37829e+01   -9.86767e+03
    Kinetic En.   Total Energy  Conserved En.    Temperature Pressure (bar)
    1.50837e+03   -8.35930e+03   -4.64118e+03    2.89569e+02    6.81461e+02
   Constr. rmsd
    0.00000e+00

           Step           Time
         685000      685.00000

   Energies (kJ/mol)
        G96Bond       G96Angle    Proper Dih.  Improper Dih.          LJ-14
    2.77700e+01    4.18076e+01    7.61396e+00    1.01949e+01    4.07027e+01
     Coulomb-14        LJ (SR)   Coulomb (SR)   Coul. recip.      Potential
   -2.00206e+03    1.16407e+03   -9.33430e+03    2.63018e+01   -1.00179e+04
    Kinetic En.   Total Energy  Conserved En.    Temperature Pressure (bar)
    1.59895e+03   -8.41895e+03   -4.63868e+03    3.06959e+02   -1.69830e+03
   Constr. rmsd
    0.00000e+00

           Step           Time
         690000      690.00000

   Energies (kJ/mol)
        G96Bond       G96Angle    Proper Dih.  Improper Dih.          LJ-14
    3.85398e+01    3.73490e+01    1.05939e+01    1.11360e+01    3.13027e+01
     Coulomb-14        LJ (SR)   Coulomb (SR)   Coul. recip.      Potential
   -1.99389e+03    1.18018e+03   -9.31307e+03    2.61531e+01   -9.97171e+03
    Kinetic En.   Total Energy  Conserved En.    Temperature Pressure (bar)
    1.54386e+03   -8.42785e+03   -4.64305e+03    2.96382e+02   -2.27217e+03
   Constr. rmsd
    0.00000e+00

           Step           Time
         695000      695.00000

   Energies (kJ/mol)
        G96Bond       G96Angle    Proper Dih.  Improper Dih.          LJ-14
    1.72143e+01    3.74359e+01    1.72766e+00    6.58314e+00    3.11889e+01
     Coulomb-14        LJ (SR)   Coulomb (SR)   Coul. recip.      Potential
   -1.98009e+03    1.42147e+03   -9.40908e+03    2.79466e+01   -9.84560e+03
    Kinetic En.   Total Energy  Conserved En.    Temperature Pressure (bar)
    1.66881e+03   -8.17679e+03   -4.62258e+03    3.20370e+02    8.74041e+02
   Constr. rmsd
    0.00000e+00

           Step           Time
         700000      700.00000

   Energies (kJ/mol)
        G96Bond       G96Angle    Proper Dih.  Improper Dih.          LJ-14
    3.65793e+01    3.80986e+01    1.44119e+01    4.88713e+00    3.17702e+01
     Coulomb-14        LJ (SR)   Coulomb (SR)   Coul. recip.      Potential
   -1.98657e+03    1.34132e+03   -9.34632e+03    3.43099e+01   -9.83152e+03
    Kinetic En.   Total Energy  Conserved En.    Temperature Pressure (bar)
    1.59575e+03   -8.23577e+03   -4.62178e+03    3.06345e+02   -3.24309e+02
   Constr. rmsd
    0.00000e+00

           Step           Time
         705000      705.00000

   Energies (kJ/mol)
        G96Bond       G96Angle    Proper Dih.  Improper Dih.          LJ-14
    2.63630e+01    4.82013e+01    7.05551e+00    3.23934e+00    4.00147e+01
     Coulomb-14        LJ (SR)   Coulomb (SR)   Coul. recip.      Potential
   -2.00489e+03    1.15171e+03   -9.14359e+03    1.91841e+01   -9.85271e+03
    Kinetic En.   Total Energy  Conserved En.    Temperature Pressure (bar)
    1.64509e+03   -8.20762e+03   -4.59805e+03    3.15816e+02   -1.65669e+03
   Constr. rmsd
    0.00000e+00

           Step           Time
         710000      710.00000

   Energies (kJ/mol)
        G96Bond       G96Angle    Proper Dih.  Improper Dih.          LJ-14
    1.33641e+01    4.60615e+01    1.30863e+01    6.03669e+00    4.29286e+01
     Coulomb-14        LJ (SR)   Coulomb (SR)   Coul. recip.      Potential
   -2.01377e+03    1.45517e+03   -9.51490e+03    2.88937e+01   -9.92312e+03
    Kinetic En.   Total Energy  Conserved En.    Temperature Pressure (bar)
    1.59308e+03   -8.33004e+03   -4.61201e+03    3.05831e+02    6.85604e+02
   Constr. rmsd
    0.00000e+00

           Step           Time
         715000      715.00000

   Energies (kJ/mol)
        G96Bond       G96Angle    Proper Dih.  Improper Dih.          LJ-14
    1.87326e+01    3.65797e+01    1.50017e+01    1.55791e+01    2.74580e+01
     Coulomb-14        LJ (SR)   Coulomb (SR)   Coul. recip.      Potential
   -1.97739e+03    1.61250e+03   -9.70238e+03    3.76377e+01   -9.91628e+03
    Kinetic En.   Total Energy  Conserved En.    Temperature Pressure (bar)
    1.45385e+03   -8.46243e+03   -4.55614e+03    2.79103e+02    8.35382e+02
   Constr. rmsd
    0.00000e+00

           Step           Time
         720000      720.00000

   Energies (kJ/mol)
        G96Bond       G96Angle    Proper Dih.  Improper Dih.          LJ-14
    7.67670e+00    3.09320e+01    9.92226e+00    4.02153e+00    3.30363e+01
     Coulomb-14        LJ (SR)   Coulomb (SR)   Coul. recip.      Potential
   -1.99420e+03    1.26754e+03   -9.37615e+03    3.80121e+01   -9.97920e+03
    Kinetic En.   Total Energy  Conserved En.    Temperature Pressure (bar)
    1.57255e+03   -8.40665e+03   -4.51836e+03    3.01891e+02   -1.15324e+03
   Constr. rmsd
    0.00000e+00

           Step           Time
         725000      725.00000

   Energies (kJ/mol)
        G96Bond       G96Angle    Proper Dih.  Improper Dih.          LJ-14
    1.43378e+01    2.94321e+01    5.45043e+00    1.13713e+01    3.40676e+01
     Coulomb-14        LJ (SR)   Coulomb (SR)   Coul. recip.      Potential
   -1.99031e+03    1.47904e+03   -9.44242e+03    2.32495e+01   -9.83578e+03
    Kinetic En.   Total Energy  Conserved En.    Temperature Pressure (bar)
    1.57989e+03   -8.25590e+03   -4.53006e+03    3.03299e+02    1.13749e+03
   Constr. rmsd
    0.00000e+00

           Step           Time
         730000      730.00000

   Energies (kJ/mol)
        G96Bond       G96Angle    Proper Dih.  Improper Dih.          LJ-14
    6.99893e+00    3.10501e+01    6.60194e+00    9.74571e+00    2.12518e+01
     Coulomb-14        LJ (SR)   Coulomb (SR)   Coul. recip.      Potential
   -1.97293e+03    1.43631e+03   -9.41322e+03    2.63724e+01   -9.84781e+03
    Kinetic En.   Total Energy  Conserved En.    Temperature Pressure (bar)
    1.55654e+03   -8.29128e+03   -4.48664e+03    2.98816e+02    1.00478e+03
   Constr. rmsd
    0.00000e+00

           Step           Time
         735000      735.00000

   Energies (kJ/mol)
        G96Bond       G96Angle    Proper Dih.  Improper Dih.          LJ-14
    4.86701e+00    5.42421e+01    3.95049e+00    2.28754e+00    3.30176e+01
     Coulomb-14        LJ (SR)   Coulomb (SR)   Coul. recip.      Potential
   -1.98220e+03    1.36159e+03   -9.31582e+03    2.60479e+01   -9.81202e+03
    Kinetic En.   Total Energy  Conserved En.    Temperature Pressure (bar)
    1.58273e+03   -8.22929e+03   -4.47133e+03    3.03845e+02    2.87416e+02
   Constr. rmsd
    0.00000e+00

           Step           Time
         740000      740.00000

   Energies (kJ/mol)
        G96Bond       G96Angle    Proper Dih.  Improper Dih.          LJ-14
    2.46394e+01    4.80825e+01    5.58658e+00    1.18608e+01    3.14773e+01
     Coulomb-14        LJ (SR)   Coulomb (SR)   Coul. recip.      Potential
   -1.99046e+03    1.48557e+03   -9.60955e+03    2.91738e+01   -9.96362e+03
    Kinetic En.   Total Energy  Conserved En.    Temperature Pressure (bar)
    1.49323e+03   -8.47039e+03   -4.47203e+03    2.86663e+02    1.33494e+03
   Constr. rmsd
    0.00000e+00

           Step           Time
         745000      745.00000

   Energies (kJ/mol)
        G96Bond       G96Angle    Proper Dih.  Improper Dih.          LJ-14
    2.42918e+01    5.56653e+01    6.13045e+00    1.66190e+01    2.90223e+01
     Coulomb-14        LJ (SR)   Coulomb (SR)   Coul. recip.      Potential
   -1.98730e+03    1.26014e+03   -9.38417e+03    2.67717e+01   -9.95284e+03
    Kinetic En.   Total Energy  Conserved En.    Temperature Pressure (bar)
    1.57456e+03   -8.37827e+03   -4.45505e+03    3.02277e+02   -8.66801e+02
   Constr. rmsd
    0.00000e+00

           Step           Time
         750000      750.00000

   Energies (kJ/mol)
        G96Bond       G96Angle    Proper Dih.  Improper Dih.          LJ-14
    1.65859e+01    4.37352e+01    7.10418e+00    1.25470e+01    4.05891e+01
     Coulomb-14        LJ (SR)   Coulomb (SR)   Coul. recip.      Potential
   -2.00280e+03    1.54315e+03   -9.55332e+03    2.03301e+01   -9.87208e+03
    Kinetic En.   Total Energy  Conserved En.    Temperature Pressure (bar)
    1.62372e+03   -8.24837e+03   -4.40213e+03    3.11713e+02    1.87384e+03
   Constr. rmsd
    0.00000e+00

           Step           Time
         755000      755.00000

   Energies (kJ/mol)
        G96Bond       G96Angle    Proper Dih.  Improper Dih.          LJ-14
    3.71910e+01    4.35625e+01    1.92034e+00    8.76862e+00    4.00956e+01
     Coulomb-14        LJ (SR)   Coulomb (SR)   Coul. recip.      Potential
   -2.00953e+03    1.24442e+03   -9.21861e+03    2.48668e+01   -9.82732e+03
    Kinetic En.   Total Energy  Conserved En.    Temperature Pressure (bar)
    1.55871e+03   -8.26861e+03   -4.39819e+03    2.99233e+02   -5.35054e+02
   Constr. rmsd
    0.00000e+00

           Step           Time
         760000      760.00000

   Energies (kJ/mol)
        G96Bond       G96Angle    Proper Dih.  Improper Dih.          LJ-14
    7.46505e+00    3.77600e+01    1.02556e+01    1.41861e+01    3.35019e+01
     Coulomb-14        LJ (SR)   Coulomb (SR)   Coul. recip.      Potential
   -1.98275e+03    1.35980e+03   -9.48140e+03    2.62745e+01   -9.97490e+03
    Kinetic En.   Total Energy  Conserved En.    Temperature Pressure (bar)
    1.60375e+03   -8.37116e+03   -4.40288e+03    3.07879e+02   -6.14425e+02
   Constr. rmsd
    0.00000e+00

           Step           Time
         765000      765.00000

   Energies (kJ/mol)
        G96Bond       G96Angle    Proper Dih.  Improper Dih.          LJ-14
    7.21453e+00    4.03167e+01    1.16796e+01    7.56831e+00    4.03191e+01
     Coulomb-14        LJ (SR)   Coulomb (SR)   Coul. recip.      Potential
   -1.99722e+03    1.34502e+03   -9.36372e+03    2.14365e+01   -9.88739e+03
    Kinetic En.   Total Energy  Conserved En.    Temperature Pressure (bar)
    1.51745e+03   -8.36993e+03   -4.38842e+03    2.91313e+02   -3.83904e+02
   Constr. rmsd
    0.00000e+00

           Step           Time
         770000      770.00000

   Energies (kJ/mol)
        G96Bond       G96Angle    Proper Dih.  Improper Dih.          LJ-14
    1.15961e+01    4.99394e+01    1.50255e+01    3.62747e+00    2.62352e+01
     Coulomb-14        LJ (SR)   Coulomb (SR)   Coul. recip.      Potential
   -1.97452e+03    1.49490e+03   -9.57991e+03    2.36780e+01   -9.92943e+03
    Kinetic En.   Total Energy  Conserved En.    Temperature Pressure (bar)
    1.56322e+03   -8.36621e+03   -4.35931e+03    3.00099e+02    1.51019e+03
   Constr. rmsd
    0.00000e+00

           Step           Time
         775000      775.00000

   Energies (kJ/mol)
        G96Bond       G96Angle    Proper Dih.  Improper Dih.          LJ-14
    2.08343e+01    4.99332e+01    2.96453e+00    1.58462e+01    4.38391e+01
     Coulomb-14        LJ (SR)   Coulomb (SR)   Coul. recip.      Potential
   -1.98886e+03    1.41849e+03   -9.32747e+03    2.68853e+01   -9.73754e+03
    Kinetic En.   Total Energy  Conserved En.    Temperature Pressure (bar)
    1.54514e+03   -8.19240e+03   -4.34028e+03    2.96629e+02    1.03899e+03
   Constr. rmsd
    0.00000e+00

           Step           Time
         780000      780.00000

   Energies (kJ/mol)
        G96Bond       G96Angle    Proper Dih.  Improper Dih.          LJ-14
    1.10425e+01    3.96003e+01    1.12321e+01    9.88884e+00    3.12025e+01
     Coulomb-14        LJ (SR)   Coulomb (SR)   Coul. recip.      Potential
   -1.98678e+03    1.34049e+03   -9.55226e+03    2.28512e+01   -1.00727e+04
    Kinetic En.   Total Energy  Conserved En.    Temperature Pressure (bar)
    1.64648e+03   -8.42626e+03   -4.30656e+03    3.16082e+02   -1.71492e+02
   Constr. rmsd
    0.00000e+00

           Step           Time
         785000      785.00000

   Energies (kJ/mol)
        G96Bond       G96Angle    Proper Dih.  Improper Dih.          LJ-14
    1.41773e+01    5.43555e+01    3.49803e+00    8.55201e+00    3.50930e+01
     Coulomb-14        LJ (SR)   Coulomb (SR)   Coul. recip.      Potential
   -1.99648e+03    1.38697e+03   -9.36818e+03    3.42630e+01   -9.82775e+03
    Kinetic En.   Total Energy  Conserved En.    Temperature Pressure (bar)
    1.46777e+03   -8.35998e+03   -4.29114e+03    2.81776e+02    1.03230e+03
   Constr. rmsd
    0.00000e+00

           Step           Time
         790000      790.00000

   Energies (kJ/mol)
        G96Bond       G96Angle    Proper Dih.  Improper Dih.          LJ-14
    1.52952e+01    3.71147e+01    5.43785e+00    4.74052e+00    3.63776e+01
     Coulomb-14        LJ (SR)   Coulomb (SR)   Coul. recip.      Potential
   -1.99947e+03    1.28870e+03   -9.36539e+03    2.94360e+01   -9.94776e+03
    Kinetic En.   Total Energy  Conserved En.    Temperature Pressure (bar)
    1.57267e+03   -8.37509e+03   -4.27782e+03    3.01913e+02   -6.48739e+01
   Constr. rmsd
    0.00000e+00

           Step           Time
         795000      795.00000

   Energies (kJ/mol)
        G96Bond       G96Angle    Proper Dih.  Improper Dih.          LJ-14
    8.74895e+00    3.09710e+01    3.15869e+00    2.92803e+00    3.56809e+01
     Coulomb-14        LJ (SR)   Coulomb (SR)   Coul. recip.      Potential
   -1.99289e+03    1.31012e+03   -9.37197e+03    2.26682e+01   -9.95060e+03
    Kinetic En.   Total Energy  Conserved En.    Temperature Pressure (bar)
    1.56862e+03   -8.38198e+03   -4.25474e+03    3.01136e+02    1.41640e+02
   Constr. rmsd
    0.00000e+00

           Step           Time
         800000      800.00000

   Energies (kJ/mol)
        G96Bond       G96Angle    Proper Dih.  Improper Dih.          LJ-14
    1.51875e+01    2.43350e+01    1.64728e+01    1.25489e+01    2.35026e+01
     Coulomb-14        LJ (SR)   Coulomb (SR)   Coul. recip.      Potential
   -1.97034e+03    1.26946e+03   -9.20040e+03    3.53724e+01   -9.77387e+03
    Kinetic En.   Total Energy  Conserved En.    Temperature Pressure (bar)
    1.52301e+03   -8.25086e+03   -4.23884e+03    2.92379e+02   -8.92346e+01
   Constr. rmsd
    0.00000e+00

           Step           Time
         805000      805.00000

   Energies (kJ/mol)
        G96Bond       G96Angle    Proper Dih.  Improper Dih.          LJ-14
    1.31624e+01    3.89538e+01    1.06627e+01    1.42492e+01    4.06202e+01
     Coulomb-14        LJ (SR)   Coulomb (SR)   Coul. recip.      Potential
   -1.98383e+03    1.38671e+03   -9.37697e+03    2.27521e+01   -9.83369e+03
    Kinetic En.   Total Energy  Conserved En.    Temperature Pressure (bar)
    1.58327e+03   -8.25042e+03   -4.22487e+03    3.03949e+02    4.42064e+02
   Constr. rmsd
    0.00000e+00

           Step           Time
         810000      810.00000

   Energies (kJ/mol)
        G96Bond       G96Angle    Proper Dih.  Improper Dih.          LJ-14
    1.78671e+01    4.07505e+01    8.23972e+00    2.86036e+00    3.32759e+01
     Coulomb-14        LJ (SR)   Coulomb (SR)   Coul. recip.      Potential
   -1.99076e+03    1.29239e+03   -9.22347e+03    3.56104e+01   -9.78324e+03
    Kinetic En.   Total Energy  Conserved En.    Temperature Pressure (bar)
    1.64387e+03   -8.13937e+03   -4.21947e+03    3.15583e+02   -9.39312e+02
   Constr. rmsd
    0.00000e+00

           Step           Time
         815000      815.00000

   Energies (kJ/mol)
        G96Bond       G96Angle    Proper Dih.  Improper Dih.          LJ-14
    2.05949e+01    5.52341e+01    5.09822e+00    5.16351e+00    3.52982e+01
     Coulomb-14        LJ (SR)   Coulomb (SR)   Coul. recip.      Potential
   -1.99621e+03    1.23374e+03   -9.03449e+03    2.92747e+01   -9.64630e+03
    Kinetic En.   Total Energy  Conserved En.    Temperature Pressure (bar)
    1.60973e+03   -8.03657e+03   -4.23993e+03    3.09028e+02   -1.48561e+02
   Constr. rmsd
    0.00000e+00

           Step           Time
         820000      820.00000

   Energies (kJ/mol)
        G96Bond       G96Angle    Proper Dih.  Improper Dih.          LJ-14
    2.57995e+01    4.45750e+01    1.38988e+01    1.42705e+01    3.19968e+01
     Coulomb-14        LJ (SR)   Coulomb (SR)   Coul. recip.      Potential
   -1.97931e+03    1.33314e+03   -9.31340e+03    3.30925e+01   -9.79593e+03
    Kinetic En.   Total Energy  Conserved En.    Temperature Pressure (bar)
    1.61855e+03   -8.17738e+03   -4.18724e+03    3.10721e+02   -2.34542e+02
   Constr. rmsd
    0.00000e+00

           Step           Time
         825000      825.00000

   Energies (kJ/mol)
        G96Bond       G96Angle    Proper Dih.  Improper Dih.          LJ-14
    2.07355e+01    5.27373e+01    3.95308e+00    3.88518e+00    3.87512e+01
     Coulomb-14        LJ (SR)   Coulomb (SR)   Coul. recip.      Potential
   -1.99633e+03    1.34827e+03   -9.23665e+03    2.93505e+01   -9.73530e+03
    Kinetic En.   Total Energy  Conserved En.    Temperature Pressure (bar)
    1.55389e+03   -8.18142e+03   -4.18981e+03    2.98307e+02   -1.77644e+02
   Constr. rmsd
    0.00000e+00

           Step           Time
         830000      830.00000

   Energies (kJ/mol)
        G96Bond       G96Angle    Proper Dih.  Improper Dih.          LJ-14
    1.89246e+01    4.36042e+01    1.78206e+01    2.06796e+01    2.97427e+01
     Coulomb-14        LJ (SR)   Coulomb (SR)   Coul. recip.      Potential
   -1.99063e+03    1.36672e+03   -9.40711e+03    3.10602e+01   -9.86920e+03
    Kinetic En.   Total Energy  Conserved En.    Temperature Pressure (bar)
    1.67904e+03   -8.19016e+03   -4.21178e+03    3.22334e+02   -2.79700e+02
   Constr. rmsd
    0.00000e+00

           Step           Time
         835000      835.00000

   Energies (kJ/mol)
        G96Bond       G96Angle    Proper Dih.  Improper Dih.          LJ-14
    1.96685e+01    5.04702e+01    1.08287e+01    6.40928e+00    2.46777e+01
     Coulomb-14        LJ (SR)   Coulomb (SR)   Coul. recip.      Potential
   -1.97926e+03    1.44656e+03   -9.60660e+03    2.91307e+01   -9.99811e+03
    Kinetic En.   Total Energy  Conserved En.    Temperature Pressure (bar)
    1.58118e+03   -8.41693e+03   -4.16780e+03    3.03547e+02   -5.49647e+02
   Constr. rmsd
    0.00000e+00

           Step           Time
         840000      840.00000

   Energies (kJ/mol)
        G96Bond       G96Angle    Proper Dih.  Improper Dih.          LJ-14
    2.00690e+01    3.13628e+01    2.01041e+00    7.23602e+00    2.64162e+01
     Coulomb-14        LJ (SR)   Coulomb (SR)   Coul. recip.      Potential
   -1.97417e+03    1.27585e+03   -9.22750e+03    3.43944e+01   -9.80434e+03
    Kinetic En.   Total Energy  Conserved En.    Temperature Pressure (bar)
    1.48247e+03   -8.32187e+03   -4.16275e+03    2.84597e+02   -7.52243e+02
   Constr. rmsd
    0.00000e+00

           Step           Time
         845000      845.00000

   Energies (kJ/mol)
        G96Bond       G96Angle    Proper Dih.  Improper Dih.          LJ-14
    1.67054e+01    3.88292e+01    6.64822e+00    1.14141e+01    4.69970e+01
     Coulomb-14        LJ (SR)   Coulomb (SR)   Coul. recip.      Potential
   -2.00258e+03    1.27196e+03   -9.20626e+03    3.05787e+01   -9.78571e+03
    Kinetic En.   Total Energy  Conserved En.    Temperature Pressure (bar)
    1.60381e+03   -8.18190e+03   -4.14912e+03    3.07892e+02   -3.00187e+02
   Constr. rmsd
    0.00000e+00

           Step           Time
         850000      850.00000

   Energies (kJ/mol)
        G96Bond       G96Angle    Proper Dih.  Improper Dih.          LJ-14
    1.10527e+01    3.12903e+01    1.56956e+01    1.00101e+01    2.79801e+01
     Coulomb-14        LJ (SR)   Coulomb (SR)   Coul. recip.      Potential
   -1.97085e+03    1.45251e+03   -9.43965e+03    3.39406e+01   -9.82801e+03
    Kinetic En.   Total Energy  Conserved En.    Temperature Pressure (bar)
    1.55072e+03   -8.27729e+03   -4.11122e+03    2.97700e+02    5.92735e+02
   Constr. rmsd
    0.00000e+00

           Step           Time
         855000      855.00000

   Energies (kJ/mol)
        G96Bond       G96Angle    Proper Dih.  Improper Dih.          LJ-14
    2.14589e+01    5.14748e+01    5.03783e+00    9.11391e+00    3.74489e+01
     Coulomb-14        LJ (SR)   Coulomb (SR)   Coul. recip.      Potential
   -2.01191e+03    1.31032e+03   -9.19708e+03    2.61614e+01   -9.74797e+03
    Kinetic En.   Total Energy  Conserved En.    Temperature Pressure (bar)
    1.56211e+03   -8.18586e+03   -4.09811e+03    2.99885e+02    3.80394e+02
   Constr. rmsd
    0.00000e+00

           Step           Time
         860000      860.00000

   Energies (kJ/mol)
        G96Bond       G96Angle    Proper Dih.  Improper Dih.          LJ-14
    3.36466e+01    3.13280e+01    6.98145e+00    8.07963e+00    3.23575e+01
     Coulomb-14        LJ (SR)   Coulomb (SR)   Coul. recip.      Potential
   -1.99535e+03    1.42683e+03   -9.47489e+03    2.59664e+01   -9.90505e+03
    Kinetic En.   Total Energy  Conserved En.    Temperature Pressure (bar)
    1.49348e+03   -8.41157e+03   -4.08205e+03    2.86710e+02    8.19815e+01
   Constr. rmsd
    0.00000e+00

           Step           Time
         865000      865.00000

   Energies (kJ/mol)
        G96Bond       G96Angle    Proper Dih.  Improper Dih.          LJ-14
    1.22353e+01    5.64837e+01    7.62679e+00    1.17803e+01    3.23859e+01
     Coulomb-14        LJ (SR)   Coulomb (SR)   Coul. recip.      Potential
   -1.97736e+03    1.35720e+03   -9.50183e+03    2.68102e+01   -9.97467e+03
    Kinetic En.   Total Energy  Conserved En.    Temperature Pressure (bar)
    1.60275e+03   -8.37192e+03   -3.99956e+03    3.07688e+02    1.43297e+02
   Constr. rmsd
    0.00000e+00

           Step           Time
         870000      870.00000

   Energies (kJ/mol)
        G96Bond       G96Angle    Proper Dih.  Improper Dih.          LJ-14
    3.11321e+01    5.52296e+01    1.37741e+01    8.91602e+00    4.25583e+01
     Coulomb-14        LJ (SR)   Coulomb (SR)   Coul. recip.      Potential
   -2.00789e+03    1.30386e+03   -9.33147e+03    2.56546e+01   -9.85823e+03
    Kinetic En.   Total Energy  Conserved En.    Temperature Pressure (bar)
    1.45660e+03   -8.40163e+03   -4.00724e+03    2.79631e+02    5.47002e+02
   Constr. rmsd
    0.00000e+00

           Step           Time
         875000      875.00000

   Energies (kJ/mol)
        G96Bond       G96Angle    Proper Dih.  Improper Dih.          LJ-14
    1.57045e+01    4.37105e+01    1.60400e+01    4.77127e+00    3.63305e+01
     Coulomb-14        LJ (SR)   Coulomb (SR)   Coul. recip.      Potential
   -1.98616e+03    1.36993e+03   -9.20177e+03    2.95657e+01   -9.67188e+03
    Kinetic En.   Total Energy  Conserved En.    Temperature Pressure (bar)
    1.57685e+03   -8.09503e+03   -4.01481e+03    3.02715e+02    6.57106e+02
   Constr. rmsd
    0.00000e+00

           Step           Time
         880000      880.00000

   Energies (kJ/mol)
        G96Bond       G96Angle    Proper Dih.  Improper Dih.          LJ-14
    1.62958e+01    3.03023e+01    9.78660e+00    3.32867e+00    3.32243e+01
     Coulomb-14        LJ (SR)   Coulomb (SR)   Coul. recip.      Potential
   -1.99272e+03    1.40012e+03   -9.47781e+03    3.12879e+01   -9.94618e+03
    Kinetic En.   Total Energy  Conserved En.    Temperature Pressure (bar)
    1.69733e+03   -8.24885e+03   -4.01411e+03    3.25846e+02    3.81250e+02
   Constr. rmsd
    0.00000e+00

           Step           Time
         885000      885.00000

   Energies (kJ/mol)
        G96Bond       G96Angle    Proper Dih.  Improper Dih.          LJ-14
    1.75404e+01    4.40109e+01    1.20185e+01    2.81978e+00    3.38103e+01
     Coulomb-14        LJ (SR)   Coulomb (SR)   Coul. recip.      Potential
   -1.99740e+03    1.12724e+03   -8.87932e+03    3.65053e+01   -9.60278e+03
    Kinetic En.   Total Energy  Conserved En.    Temperature Pressure (bar)
    1.63682e+03   -7.96595e+03   -4.02636e+03    3.14229e+02   -1.08320e+03
   Constr. rmsd
    0.00000e+00

           Step           Time
         890000      890.00000

   Energies (kJ/mol)
        G96Bond       G96Angle    Proper Dih.  Improper Dih.          LJ-14
    2.25476e+01    3.40589e+01    9.32171e+00    8.46515e+00    3.18761e+01
     Coulomb-14        LJ (SR)   Coulomb (SR)   Coul. recip.      Potential
   -1.98162e+03    1.24996e+03   -9.04156e+03    3.00694e+01   -9.63688e+03
    Kinetic En.   Total Energy  Conserved En.    Temperature Pressure (bar)
    1.54169e+03   -8.09519e+03   -3.98725e+03    2.95966e+02   -5.02514e+02
   Constr. rmsd
    0.00000e+00

           Step           Time
         895000      895.00000

   Energies (kJ/mol)
        G96Bond       G96Angle    Proper Dih.  Improper Dih.          LJ-14
    2.03429e+01    5.39694e+01    6.38678e+00    5.87719e+00    4.19140e+01
     Coulomb-14        LJ (SR)   Coulomb (SR)   Coul. recip.      Potential
   -2.00457e+03    1.22011e+03   -8.97443e+03    3.43353e+01   -9.59607e+03
    Kinetic En.   Total Energy  Conserved En.    Temperature Pressure (bar)
    1.58093e+03   -8.01514e+03   -3.93707e+03    3.03499e+02    1.31897e+02
   Constr. rmsd
    0.00000e+00

           Step           Time
         900000      900.00000

   Energies (kJ/mol)
        G96Bond       G96Angle    Proper Dih.  Improper Dih.          LJ-14
    2.03385e+01    5.33463e+01    7.79965e+00    8.47645e+00    4.16590e+01
     Coulomb-14        LJ (SR)   Coulomb (SR)   Coul. recip.      Potential
   -2.00425e+03    1.33296e+03   -9.32701e+03    3.17511e+01   -9.83492e+03
    Kinetic En.   Total Energy  Conserved En.    Temperature Pressure (bar)
    1.57655e+03   -8.25837e+03   -3.92481e+03    3.02658e+02    5.34865e+02
   Constr. rmsd
    0.00000e+00

           Step           Time
         905000      905.00000

   Energies (kJ/mol)
        G96Bond       G96Angle    Proper Dih.  Improper Dih.          LJ-14
    3.50473e+01    3.54479e+01    9.50433e+00    9.28320e+00    3.63153e+01
     Coulomb-14        LJ (SR)   Coulomb (SR)   Coul. recip.      Potential
   -1.99911e+03    1.50934e+03   -9.56482e+03    3.02850e+01   -9.89872e+03
    Kinetic En.   Total Energy  Conserved En.    Temperature Pressure (bar)
    1.59772e+03   -8.30099e+03   -3.90461e+03    3.06723e+02    1.70378e+03
   Constr. rmsd
    0.00000e+00

           Step           Time
         910000      910.00000

   Energies (kJ/mol)
        G96Bond       G96Angle    Proper Dih.  Improper Dih.          LJ-14
    1.63544e+01    4.29799e+01    1.10103e+01    1.68386e+01    2.52551e+01
     Coulomb-14        LJ (SR)   Coulomb (SR)   Coul. recip.      Potential
   -1.97258e+03    1.41591e+03   -9.28456e+03    2.97782e+01   -9.69901e+03
    Kinetic En.   Total Energy  Conserved En.    Temperature Pressure (bar)
    1.47128e+03   -8.22773e+03   -3.92148e+03    2.82448e+02    5.66777e+02
   Constr. rmsd
    0.00000e+00

           Step           Time
         915000      915.00000

   Energies (kJ/mol)
        G96Bond       G96Angle    Proper Dih.  Improper Dih.          LJ-14
    1.86441e+01    3.31344e+01    6.06591e+00    1.90126e+00    3.64828e+01
     Coulomb-14        LJ (SR)   Coulomb (SR)   Coul. recip.      Potential
   -1.99867e+03    1.40599e+03   -9.56013e+03    3.36700e+01   -1.00229e+04
    Kinetic En.   Total Energy  Conserved En.    Temperature Pressure (bar)
    1.60026e+03   -8.42266e+03   -3.89973e+03    3.07210e+02   -9.71302e+01
   Constr. rmsd
    0.00000e+00

           Step           Time
         920000      920.00000

   Energies (kJ/mol)
        G96Bond       G96Angle    Proper Dih.  Improper Dih.          LJ-14
    2.26284e+01    5.10511e+01    1.02454e+01    7.12729e+00    3.47564e+01
     Coulomb-14        LJ (SR)   Coulomb (SR)   Coul. recip.      Potential
   -1.99480e+03    1.38375e+03   -9.47535e+03    2.58134e+01   -9.93478e+03
    Kinetic En.   Total Energy  Conserved En.    Temperature Pressure (bar)
    1.48158e+03   -8.45320e+03   -3.87031e+03    2.84427e+02   -2.59062e+02
   Constr. rmsd
    0.00000e+00

           Step           Time
         925000      925.00000

   Energies (kJ/mol)
        G96Bond       G96Angle    Proper Dih.  Improper Dih.          LJ-14
    2.08219e+01    6.24217e+01    1.17269e+01    1.57320e+01    3.21458e+01
     Coulomb-14        LJ (SR)   Coulomb (SR)   Coul. recip.      Potential
   -1.97601e+03    1.46933e+03   -9.63328e+03    2.75809e+01   -9.96953e+03
    Kinetic En.   Total Energy  Conserved En.    Temperature Pressure (bar)
    1.53965e+03   -8.42988e+03   -3.82572e+03    2.95574e+02    9.94850e+02
   Constr. rmsd
    0.00000e+00

           Step           Time
         930000      930.00000

   Energies (kJ/mol)
        G96Bond       G96Angle    Proper Dih.  Improper Dih.          LJ-14
    3.00029e+01    4.51070e+01    1.74109e+01    1.70491e+01    3.76157e+01
     Coulomb-14        LJ (SR)   Coulomb (SR)   Coul. recip.      Potential
   -1.99945e+03    1.37478e+03   -9.35836e+03    2.31823e+01   -9.81266e+03
    Kinetic En.   Total Energy  Conserved En.    Temperature Pressure (bar)
    1.54648e+03   -8.26618e+03   -3.83498e+03    2.96885e+02    1.57591e+02
   Constr. rmsd
    0.00000e+00

           Step           Time
         935000      935.00000

   Energies (kJ/mol)
        G96Bond       G96Angle    Proper Dih.  Improper Dih.          LJ-14
    1.81565e+01    4.77460e+01    7.62799e+00    5.73680e+00    3.04153e+01
     Coulomb-14        LJ (SR)   Coulomb (SR)   Coul. recip.      Potential
   -1.98509e+03    1.47720e+03   -9.55950e+03    1.83811e+01   -9.93932e+03
    Kinetic En.   Total Energy  Conserved En.    Temperature Pressure (bar)
    1.47108e+03   -8.46824e+03   -3.81734e+03    2.82411e+02    6.75353e+02
   Constr. rmsd
    0.00000e+00

           Step           Time
         940000      940.00000

   Energies (kJ/mol)
        G96Bond       G96Angle    Proper Dih.  Improper Dih.          LJ-14
    1.76203e+01    5.12978e+01    9.51776e+00    5.20029e+00    3.26868e+01
     Coulomb-14        LJ (SR)   Coulomb (SR)   Coul. recip.      Potential
   -1.97672e+03    1.31311e+03   -9.32716e+03    2.52610e+01   -9.84919e+03
    Kinetic En.   Total Energy  Conserved En.    Temperature Pressure (bar)
    1.57222e+03   -8.27697e+03   -3.75253e+03    3.01827e+02   -1.27567e+03
   Constr. rmsd
    0.00000e+00

           Step           Time
         945000      945.00000

   Energies (kJ/mol)
        G96Bond       G96Angle    Proper Dih.  Improper Dih.          LJ-14
    2.28225e+01    4.11841e+01    1.31319e+01    7.81113e+00    4.32548e+01
     Coulomb-14        LJ (SR)   Coulomb (SR)   Coul. recip.      Potential
   -2.00432e+03    1.17112e+03   -9.22042e+03    2.10312e+01   -9.90438e+03
    Kinetic En.   Total Energy  Conserved En.    Temperature Pressure (bar)
    1.55949e+03   -8.34489e+03   -3.77677e+03    2.99384e+02   -2.06695e+03
   Constr. rmsd
    0.00000e+00

           Step           Time
         950000      950.00000

   Energies (kJ/mol)
        G96Bond       G96Angle    Proper Dih.  Improper Dih.          LJ-14
    3.02606e+01    3.95377e+01    9.74736e+00    9.64423e+00    3.48201e+01
     Coulomb-14        LJ (SR)   Coulomb (SR)   Coul. recip.      Potential
   -2.00668e+03    1.25883e+03   -9.21344e+03    2.95278e+01   -9.80775e+03
    Kinetic En.   Total Energy  Conserved En.    Temperature Pressure (bar)
    1.52577e+03   -8.28197e+03   -3.75477e+03    2.92911e+02   -3.61520e+02
   Constr. rmsd
    0.00000e+00

           Step           Time
         955000      955.00000

   Energies (kJ/mol)
        G96Bond       G96Angle    Proper Dih.  Improper Dih.          LJ-14
    3.54273e+01    3.19963e+01    1.12164e+01    2.94860e+00    3.26152e+01
     Coulomb-14        LJ (SR)   Coulomb (SR)   Coul. recip.      Potential
   -1.99787e+03    1.53021e+03   -9.66663e+03    2.04523e+01   -9.99963e+03
    Kinetic En.   Total Energy  Conserved En.    Temperature Pressure (bar)
    1.49079e+03   -8.50884e+03   -3.73673e+03    2.86195e+02    1.89821e+03
   Constr. rmsd
    0.00000e+00

           Step           Time
         960000      960.00000

   Energies (kJ/mol)
        G96Bond       G96Angle    Proper Dih.  Improper Dih.          LJ-14
    1.58751e+01    3.91418e+01    9.25528e+00    6.69954e+00    3.96668e+01
     Coulomb-14        LJ (SR)   Coulomb (SR)   Coul. recip.      Potential
   -1.98858e+03    1.44888e+03   -9.41094e+03    2.91490e+01   -9.81086e+03
    Kinetic En.   Total Energy  Conserved En.    Temperature Pressure (bar)
    1.53671e+03   -8.27414e+03   -3.72416e+03    2.95010e+02    1.40335e+03
   Constr. rmsd
    0.00000e+00

           Step           Time
         965000      965.00000

   Energies (kJ/mol)
        G96Bond       G96Angle    Proper Dih.  Improper Dih.          LJ-14
    4.50101e+01    2.99095e+01    4.86897e+00    1.10279e+01    3.33632e+01
     Coulomb-14        LJ (SR)   Coulomb (SR)   Coul. recip.      Potential
   -2.00163e+03    1.26960e+03   -9.20578e+03    3.35511e+01   -9.78007e+03
    Kinetic En.   Total Energy  Conserved En.    Temperature Pressure (bar)
    1.53750e+03   -8.24258e+03   -3.74459e+03    2.95161e+02   -2.33490e+02
   Constr. rmsd
    0.00000e+00

           Step           Time
         970000      970.00000

   Energies (kJ/mol)
        G96Bond       G96Angle    Proper Dih.  Improper Dih.          LJ-14
    1.54114e+01    3.96654e+01    1.23167e+01    6.81626e+00    3.14146e+01
     Coulomb-14        LJ (SR)   Coulomb (SR)   Coul. recip.      Potential
   -1.96770e+03    1.24225e+03   -9.14456e+03    3.43077e+01   -9.73008e+03
    Kinetic En.   Total Energy  Conserved En.    Temperature Pressure (bar)
    1.63794e+03   -8.09214e+03   -3.71259e+03    3.14444e+02   -6.49834e+02
   Constr. rmsd
    0.00000e+00

           Step           Time
         975000      975.00000

   Energies (kJ/mol)
        G96Bond       G96Angle    Proper Dih.  Improper Dih.          LJ-14
    1.44531e+01    3.90579e+01    1.74124e+01    6.65751e+00    2.75559e+01
     Coulomb-14        LJ (SR)   Coulomb (SR)   Coul. recip.      Potential
   -1.97921e+03    1.24772e+03   -9.19759e+03    2.67020e+01   -9.79724e+03
    Kinetic En.   Total Energy  Conserved En.    Temperature Pressure (bar)
    1.65375e+03   -8.14349e+03   -3.67299e+03    3.17479e+02   -1.29209e+03
   Constr. rmsd
    0.00000e+00

           Step           Time
         980000      980.00000

   Energies (kJ/mol)
        G96Bond       G96Angle    Proper Dih.  Improper Dih.          LJ-14
    1.95456e+01    4.28803e+01    1.29748e+01    5.10498e+00    3.27359e+01
     Coulomb-14        LJ (SR)   Coulomb (SR)   Coul. recip.      Potential
   -1.99702e+03    1.42590e+03   -9.28879e+03    2.89954e+01   -9.71767e+03
    Kinetic En.   Total Energy  Conserved En.    Temperature Pressure (bar)
    1.56063e+03   -8.15704e+03   -3.64855e+03    2.99601e+02    1.47397e+03
   Constr. rmsd
    0.00000e+00

           Step           Time
         985000      985.00000

   Energies (kJ/mol)
        G96Bond       G96Angle    Proper Dih.  Improper Dih.          LJ-14
    1.79034e+01    2.30812e+01    1.17118e+01    1.49713e+01    3.31032e+01
     Coulomb-14        LJ (SR)   Coulomb (SR)   Coul. recip.      Potential
   -1.98829e+03    1.36193e+03   -9.30525e+03    2.74985e+01   -9.80333e+03
    Kinetic En.   Total Energy  Conserved En.    Temperature Pressure (bar)
    1.61495e+03   -8.18838e+03   -3.62896e+03    3.10031e+02    6.06708e+02
   Constr. rmsd
    0.00000e+00

           Step           Time
         990000      990.00000

   Energies (kJ/mol)
        G96Bond       G96Angle    Proper Dih.  Improper Dih.          LJ-14
    1.75416e+01    3.15594e+01    3.30567e+00    1.04391e+01    3.17648e+01
     Coulomb-14        LJ (SR)   Coulomb (SR)   Coul. recip.      Potential
   -1.98529e+03    1.26517e+03   -9.25482e+03    2.84834e+01   -9.85184e+03
    Kinetic En.   Total Energy  Conserved En.    Temperature Pressure (bar)
    1.56966e+03   -8.28218e+03   -3.60641e+03    3.01336e+02   -4.91355e+02
   Constr. rmsd
    0.00000e+00

           Step           Time
         995000      995.00000

   Energies (kJ/mol)
        G96Bond       G96Angle    Proper Dih.  Improper Dih.          LJ-14
    2.55724e+01    4.63389e+01    6.57434e+00    8.64717e+00    4.43173e+01
     Coulomb-14        LJ (SR)   Coulomb (SR)   Coul. recip.      Potential
   -2.01583e+03    1.31623e+03   -9.37010e+03    3.18532e+01   -9.90640e+03
    Kinetic En.   Total Energy  Conserved En.    Temperature Pressure (bar)
    1.54272e+03   -8.36367e+03   -3.61323e+03    2.96165e+02   -4.38423e+02
   Constr. rmsd
    0.00000e+00

           Step           Time
        1000000     1000.00000

   Energies (kJ/mol)
        G96Bond       G96Angle    Proper Dih.  Improper Dih.          LJ-14
    3.27685e+01    3.97307e+01    8.02607e+00    1.14017e+01    3.89868e+01
     Coulomb-14        LJ (SR)   Coulomb (SR)   Coul. recip.      Potential
   -2.00270e+03    1.23495e+03   -9.30462e+03    3.09410e+01   -9.91051e+03
    Kinetic En.   Total Energy  Conserved En.    Temperature Pressure (bar)
    1.54137e+03   -8.36913e+03   -3.58074e+03    2.95905e+02   -1.11586e+03
   Constr. rmsd
    0.00000e+00

           Step           Time
        1005000     1005.00000

   Energies (kJ/mol)
        G96Bond       G96Angle    Proper Dih.  Improper Dih.          LJ-14
    1.49661e+01    3.35169e+01    6.91737e+00    5.07710e+00    3.41891e+01
     Coulomb-14        LJ (SR)   Coulomb (SR)   Coul. recip.      Potential
   -1.99127e+03    1.38408e+03   -9.27566e+03    2.85948e+01   -9.75959e+03
    Kinetic En.   Total Energy  Conserved En.    Temperature Pressure (bar)
    1.66390e+03   -8.09569e+03   -3.57198e+03    3.19427e+02    1.13950e+03
   Constr. rmsd
    0.00000e+00

           Step           Time
        1010000     1010.00000

   Energies (kJ/mol)
        G96Bond       G96Angle    Proper Dih.  Improper Dih.          LJ-14
    2.32640e+01    3.04165e+01    5.34464e+00    1.06071e+01    3.85991e+01
     Coulomb-14        LJ (SR)   Coulomb (SR)   Coul. recip.      Potential
   -2.00247e+03    1.23106e+03   -9.18861e+03    2.66621e+01   -9.82513e+03
    Kinetic En.   Total Energy  Conserved En.    Temperature Pressure (bar)
    1.44811e+03   -8.37702e+03   -3.58434e+03    2.78001e+02   -7.82708e+02
   Constr. rmsd
    0.00000e+00

           Step           Time
        1015000     1015.00000

   Energies (kJ/mol)
        G96Bond       G96Angle    Proper Dih.  Improper Dih.          LJ-14
    2.00573e+01    4.96703e+01    1.07633e+01    2.09769e+00    3.24981e+01
     Coulomb-14        LJ (SR)   Coulomb (SR)   Coul. recip.      Potential
   -1.99335e+03    1.29112e+03   -9.32966e+03    3.07792e+01   -9.88603e+03
    Kinetic En.   Total Energy  Conserved En.    Temperature Pressure (bar)
    1.70964e+03   -8.17639e+03   -3.54456e+03    3.28209e+02   -7.07367e-01
   Constr. rmsd
    0.00000e+00

           Step           Time
        1020000     1020.00000

   Energies (kJ/mol)
        G96Bond       G96Angle    Proper Dih.  Improper Dih.          LJ-14
    1.67078e+01    4.61062e+01    4.66367e+00    9.63203e+00    2.51146e+01
     Coulomb-14        LJ (SR)   Coulomb (SR)   Coul. recip.      Potential
   -1.97541e+03    1.46278e+03   -9.65294e+03    2.28935e+01   -1.00404e+04
    Kinetic En.   Total Energy  Conserved En.    Temperature Pressure (bar)
    1.63394e+03   -8.40650e+03   -3.48547e+03    3.13676e+02    1.09784e+03
   Constr. rmsd
    0.00000e+00

           Step           Time
        1025000     1025.00000

   Energies (kJ/mol)
        G96Bond       G96Angle    Proper Dih.  Improper Dih.          LJ-14
    2.64596e+01    6.38010e+01    8.82037e+00    2.58287e+01    3.33921e+01
     Coulomb-14        LJ (SR)   Coulomb (SR)   Coul. recip.      Potential
   -1.99746e+03    1.37076e+03   -9.40059e+03    3.46028e+01   -9.83439e+03
    Kinetic En.   Total Energy  Conserved En.    Temperature Pressure (bar)
    1.43701e+03   -8.39738e+03   -3.46074e+03    2.75869e+02    1.38541e+01
   Constr. rmsd
    0.00000e+00

           Step           Time
        1030000     1030.00000

   Energies (kJ/mol)
        G96Bond       G96Angle    Proper Dih.  Improper Dih.          LJ-14
    1.59602e+01    4.44559e+01    4.96423e+00    1.78226e+01    3.52574e+01
     Coulomb-14        LJ (SR)   Coulomb (SR)   Coul. recip.      Potential
   -1.99743e+03    1.36799e+03   -9.40961e+03    3.29906e+01   -9.88760e+03
    Kinetic En.   Total Energy  Conserved En.    Temperature Pressure (bar)
    1.57094e+03   -8.31666e+03   -3.44707e+03    3.01581e+02    6.62197e+02
   Constr. rmsd
    0.00000e+00

           Step           Time
        1035000     1035.00000

   Energies (kJ/mol)
        G96Bond       G96Angle    Proper Dih.  Improper Dih.          LJ-14
    1.49688e+01    3.90567e+01    6.34390e+00    4.13827e+00    3.42858e+01
     Coulomb-14        LJ (SR)   Coulomb (SR)   Coul. recip.      Potential
   -1.98677e+03    1.26348e+03   -9.43362e+03    2.44900e+01   -1.00336e+04
    Kinetic En.   Total Energy  Conserved En.    Temperature Pressure (bar)
    1.56465e+03   -8.46898e+03   -3.48235e+03    3.00373e+02   -1.70482e+03
   Constr. rmsd
    0.00000e+00

           Step           Time
        1040000     1040.00000

   Energies (kJ/mol)
        G96Bond       G96Angle    Proper Dih.  Improper Dih.          LJ-14
    2.75569e+01    4.75606e+01    1.94678e+01    6.88539e+00    4.04797e+01
     Coulomb-14        LJ (SR)   Coulomb (SR)   Coul. recip.      Potential
   -1.99138e+03    1.41782e+03   -9.50672e+03    3.33610e+01   -9.90496e+03
    Kinetic En.   Total Energy  Conserved En.    Temperature Pressure (bar)
    1.67097e+03   -8.23399e+03   -3.43936e+03    3.20785e+02    4.76217e+02
   Constr. rmsd
    0.00000e+00

           Step           Time
        1045000     1045.00000

   Energies (kJ/mol)
        G96Bond       G96Angle    Proper Dih.  Improper Dih.          LJ-14
    2.44445e+01    4.79078e+01    6.43963e+00    2.10392e+01    3.37666e+01
     Coulomb-14        LJ (SR)   Coulomb (SR)   Coul. recip.      Potential
   -1.99538e+03    1.52381e+03   -9.57644e+03    2.11316e+01   -9.89328e+03
    Kinetic En.   Total Energy  Conserved En.    Temperature Pressure (bar)
    1.59876e+03   -8.29453e+03   -3.41280e+03    3.06921e+02    1.46840e+03
   Constr. rmsd
    0.00000e+00

           Step           Time
        1050000     1050.00000

   Energies (kJ/mol)
        G96Bond       G96Angle    Proper Dih.  Improper Dih.          LJ-14
    1.48307e+01    3.41841e+01    1.00328e+01    1.43536e+01    2.35564e+01
     Coulomb-14        LJ (SR)   Coulomb (SR)   Coul. recip.      Potential
   -1.96589e+03    1.41106e+03   -9.56325e+03    2.90477e+01   -9.99208e+03
    Kinetic En.   Total Energy  Conserved En.    Temperature Pressure (bar)
    1.44078e+03   -8.55130e+03   -3.39998e+03    2.76594e+02   -5.12676e+02
   Constr. rmsd
    0.00000e+00

           Step           Time
        1055000     1055.00000

   Energies (kJ/mol)
        G96Bond       G96Angle    Proper Dih.  Improper Dih.          LJ-14
    7.14616e+00    5.04592e+01    5.85576e+00    1.01724e+01    4.30213e+01
     Coulomb-14        LJ (SR)   Coulomb (SR)   Coul. recip.      Potential
   -1.99474e+03    1.42523e+03   -9.44828e+03    2.63462e+01   -9.87479e+03
    Kinetic En.   Total Energy  Conserved En.    Temperature Pressure (bar)
    1.45869e+03   -8.41610e+03   -3.40059e+03    2.80032e+02    1.17379e+02
   Constr. rmsd
    0.00000e+00

           Step           Time
        1060000     1060.00000

   Energies (kJ/mol)
        G96Bond       G96Angle    Proper Dih.  Improper Dih.          LJ-14
    1.33461e+01    5.39263e+01    6.23243e+00    6.41572e-01    2.51125e+01
     Coulomb-14        LJ (SR)   Coulomb (SR)   Coul. recip.      Potential
   -1.96858e+03    1.42167e+03   -9.48607e+03    2.13208e+01   -9.91240e+03
    Kinetic En.   Total Energy  Conserved En.    Temperature Pressure (bar)
    1.53113e+03   -8.38128e+03   -3.37263e+03    2.93938e+02   -1.12831e+02
   Constr. rmsd
    0.00000e+00

           Step           Time
        1065000     1065.00000

   Energies (kJ/mol)
        G96Bond       G96Angle    Proper Dih.  Improper Dih.          LJ-14
    2.43673e+01    3.77943e+01    5.31572e+00    4.78813e+00    3.40508e+01
     Coulomb-14        LJ (SR)   Coulomb (SR)   Coul. recip.      Potential
   -1.99024e+03    1.29334e+03   -9.42940e+03    2.37869e+01   -9.99619e+03
    Kinetic En.   Total Energy  Conserved En.    Temperature Pressure (bar)
    1.53120e+03   -8.46500e+03   -3.33107e+03    2.93952e+02   -5.09375e+02
   Constr. rmsd
    0.00000e+00

           Step           Time
        1070000     1070.00000

   Energies (kJ/mol)
        G96Bond       G96Angle    Proper Dih.  Improper Dih.          LJ-14
    2.01055e+01    4.05292e+01    8.37479e+00    3.03431e+00    5.16698e+01
     Coulomb-14        LJ (SR)   Coulomb (SR)   Coul. recip.      Potential
   -2.02033e+03    1.28302e+03   -9.28267e+03    3.01783e+01   -9.86609e+03
    Kinetic En.   Total Energy  Conserved En.    Temperature Pressure (bar)
    1.57484e+03   -8.29125e+03   -3.34062e+03    3.02329e+02   -1.60214e+02
   Constr. rmsd
    0.00000e+00

           Step           Time
        1075000     1075.00000

   Energies (kJ/mol)
        G96Bond       G96Angle    Proper Dih.  Improper Dih.          LJ-14
    1.98001e+01    2.13890e+01    1.95608e+01    6.20180e+00    3.58121e+01
     Coulomb-14        LJ (SR)   Coulomb (SR)   Coul. recip.      Potential
   -1.99197e+03    1.54641e+03   -9.70440e+03    2.57276e+01   -1.00215e+04
    Kinetic En.   Total Energy  Conserved En.    Temperature Pressure (bar)
    1.63845e+03   -8.38300e+03   -3.32309e+03    3.14542e+02    1.20355e+03
   Constr. rmsd
    0.00000e+00

           Step           Time
        1080000     1080.00000

   Energies (kJ/mol)
        G96Bond       G96Angle    Proper Dih.  Improper Dih.          LJ-14
    2.76481e+01    3.21732e+01    7.51973e+00    5.98163e+00    3.33677e+01
     Coulomb-14        LJ (SR)   Coulomb (SR)   Coul. recip.      Potential
   -1.99459e+03    1.41401e+03   -9.38507e+03    1.96216e+01   -9.83933e+03
    Kinetic En.   Total Energy  Conserved En.    Temperature Pressure (bar)
    1.50976e+03   -8.32957e+03   -3.31783e+03    2.89836e+02    8.92513e+02
   Constr. rmsd
    0.00000e+00

           Step           Time
        1085000     1085.00000

   Energies (kJ/mol)
        G96Bond       G96Angle    Proper Dih.  Improper Dih.          LJ-14
    1.54576e+01    4.89209e+01    8.13342e+00    1.05684e+01    2.79973e+01
     Coulomb-14        LJ (SR)   Coulomb (SR)   Coul. recip.      Potential
   -1.97122e+03    1.38993e+03   -9.41933e+03    2.84547e+01   -9.86109e+03
    Kinetic En.   Total Energy  Conserved En.    Temperature Pressure (bar)
    1.70115e+03   -8.15993e+03   -3.28077e+03    3.26579e+02    7.59580e+02
   Constr. rmsd
    0.00000e+00

           Step           Time
        1090000     1090.00000

   Energies (kJ/mol)
        G96Bond       G96Angle    Proper Dih.  Improper Dih.          LJ-14
    1.87792e+01    4.89337e+01    3.23100e+00    7.66148e+00    4.23331e+01
     Coulomb-14        LJ (SR)   Coulomb (SR)   Coul. recip.      Potential
   -2.00990e+03    1.38258e+03   -9.42382e+03    2.99995e+01   -9.90021e+03
    Kinetic En.   Total Energy  Conserved En.    Temperature Pressure (bar)
    1.63291e+03   -8.26730e+03   -3.27666e+03    3.13478e+02    4.96948e+02
   Constr. rmsd
    0.00000e+00

           Step           Time
        1095000     1095.00000

   Energies (kJ/mol)
        G96Bond       G96Angle    Proper Dih.  Improper Dih.          LJ-14
    1.49879e+01    6.05719e+01    3.97880e+00    9.35454e+00    4.21364e+01
     Coulomb-14        LJ (SR)   Coulomb (SR)   Coul. recip.      Potential
   -2.00684e+03    1.25123e+03   -9.20253e+03    2.45949e+01   -9.80251e+03
    Kinetic En.   Total Energy  Conserved En.    Temperature Pressure (bar)
    1.60349e+03   -8.19902e+03   -3.25668e+03    3.07829e+02   -3.32574e+02
   Constr. rmsd
    0.00000e+00

           Step           Time
        1100000     1100.00000

   Energies (kJ/mol)
        G96Bond       G96Angle    Proper Dih.  Improper Dih.          LJ-14
    1.60099e+01    3.31321e+01    7.00317e+00    3.20369e+01    3.00543e+01
     Coulomb-14        LJ (SR)   Coulomb (SR)   Coul. recip.      Potential
   -1.98552e+03    1.25992e+03   -9.30081e+03    2.86658e+01   -9.87951e+03
    Kinetic En.   Total Energy  Conserved En.    Temperature Pressure (bar)
    1.53430e+03   -8.34521e+03   -3.24257e+03    2.94547e+02   -1.04851e+03
   Constr. rmsd
    0.00000e+00

           Step           Time
        1105000     1105.00000

   Energies (kJ/mol)
        G96Bond       G96Angle    Proper Dih.  Improper Dih.          LJ-14
    2.01862e+01    5.76530e+01    1.23158e+01    1.18238e+01    3.64249e+01
     Coulomb-14        LJ (SR)   Coulomb (SR)   Coul. recip.      Potential
   -1.99533e+03    1.21940e+03   -9.24738e+03    2.45726e+01   -9.86034e+03
    Kinetic En.   Total Energy  Conserved En.    Temperature Pressure (bar)
    1.68556e+03   -8.17478e+03   -3.22255e+03    3.23586e+02   -3.88571e+02
   Constr. rmsd
    0.00000e+00

           Step           Time
        1110000     1110.00000

   Energies (kJ/mol)
        G96Bond       G96Angle    Proper Dih.  Improper Dih.          LJ-14
    2.58918e+01    4.81911e+01    8.22731e+00    9.07693e+00    3.80215e+01
     Coulomb-14        LJ (SR)   Coulomb (SR)   Coul. recip.      Potential
   -2.01165e+03    1.25472e+03   -9.15960e+03    4.12984e+01   -9.74583e+03
    Kinetic En.   Total Energy  Conserved En.    Temperature Pressure (bar)
    1.49665e+03   -8.24918e+03   -3.21446e+03    2.87319e+02    6.32121e+02
   Constr. rmsd
    0.00000e+00

           Step           Time
        1115000     1115.00000

   Energies (kJ/mol)
        G96Bond       G96Angle    Proper Dih.  Improper Dih.          LJ-14
    2.51851e+01    3.53236e+01    6.60829e+00    4.80047e+00    3.42046e+01
     Coulomb-14        LJ (SR)   Coulomb (SR)   Coul. recip.      Potential
   -2.00069e+03    1.38945e+03   -9.41284e+03    3.04546e+01   -9.88749e+03
    Kinetic En.   Total Energy  Conserved En.    Temperature Pressure (bar)
    1.52229e+03   -8.36520e+03   -3.19030e+03    2.92242e+02    4.69117e+02
   Constr. rmsd
    0.00000e+00

           Step           Time
        1120000     1120.00000

   Energies (kJ/mol)
        G96Bond       G96Angle    Proper Dih.  Improper Dih.          LJ-14
    1.03923e+01    3.23546e+01    4.62399e+00    3.26716e+00    3.21324e+01
     Coulomb-14        LJ (SR)   Coulomb (SR)   Coul. recip.      Potential
   -1.98798e+03    1.34942e+03   -9.34591e+03    2.42969e+01   -9.87740e+03
    Kinetic En.   Total Energy  Conserved En.    Temperature Pressure (bar)
    1.71573e+03   -8.16166e+03   -3.16643e+03    3.29378e+02   -2.20284e+02
   Constr. rmsd
    0.00000e+00

           Step           Time
        1125000     1125.00000

   Energies (kJ/mol)
        G96Bond       G96Angle    Proper Dih.  Improper Dih.          LJ-14
    3.29049e+01    4.65270e+01    1.07094e+01    2.85125e+00    4.08400e+01
     Coulomb-14        LJ (SR)   Coulomb (SR)   Coul. recip.      Potential
   -2.00433e+03    1.35312e+03   -9.26646e+03    3.10211e+01   -9.75282e+03
    Kinetic En.   Total Energy  Conserved En.    Temperature Pressure (bar)
    1.51560e+03   -8.23722e+03   -3.15394e+03    2.90957e+02    3.75555e+02
   Constr. rmsd
    0.00000e+00

           Step           Time
        1130000     1130.00000

   Energies (kJ/mol)
        G96Bond       G96Angle    Proper Dih.  Improper Dih.          LJ-14
    1.31843e+01    3.15849e+01    6.42956e+00    1.45256e+01    3.62242e+01
     Coulomb-14        LJ (SR)   Coulomb (SR)   Coul. recip.      Potential
   -1.99628e+03    1.37854e+03   -9.38601e+03    3.42839e+01   -9.86752e+03
    Kinetic En.   Total Energy  Conserved En.    Temperature Pressure (bar)
    1.48844e+03   -8.37908e+03   -3.16039e+03    2.85743e+02   -2.92639e+02
   Constr. rmsd
    0.00000e+00

           Step           Time
        1135000     1135.00000

   Energies (kJ/mol)
        G96Bond       G96Angle    Proper Dih.  Improper Dih.          LJ-14
    1.40699e+01    4.56089e+01    4.43147e+00    6.43796e+00    4.33594e+01
     Coulomb-14        LJ (SR)   Coulomb (SR)   Coul. recip.      Potential
   -1.98480e+03    1.42368e+03   -9.38198e+03    2.50213e+01   -9.80418e+03
    Kinetic En.   Total Energy  Conserved En.    Temperature Pressure (bar)
    1.52858e+03   -8.27560e+03   -3.11293e+03    2.93449e+02    1.96029e+02
   Constr. rmsd
    0.00000e+00

           Step           Time
        1140000     1140.00000

   Energies (kJ/mol)
        G96Bond       G96Angle    Proper Dih.  Improper Dih.          LJ-14
    2.20855e+01    3.88059e+01    2.02450e+01    1.80847e+01    3.35466e+01
     Coulomb-14        LJ (SR)   Coulomb (SR)   Coul. recip.      Potential
   -2.00398e+03    1.33221e+03   -9.25816e+03    2.57228e+01   -9.77144e+03
    Kinetic En.   Total Energy  Conserved En.    Temperature Pressure (bar)
    1.56442e+03   -8.20701e+03   -3.10002e+03    3.00330e+02    4.15262e+02
   Constr. rmsd
    0.00000e+00

           Step           Time
        1145000     1145.00000

   Energies (kJ/mol)
        G96Bond       G96Angle    Proper Dih.  Improper Dih.          LJ-14
    1.07569e+01    6.11809e+01    1.11124e+01    1.95863e+01    3.64246e+01
     Coulomb-14        LJ (SR)   Coulomb (SR)   Coul. recip.      Potential
   -1.98814e+03    1.51331e+03   -9.53655e+03    3.07228e+01   -9.84160e+03
    Kinetic En.   Total Energy  Conserved En.    Temperature Pressure (bar)
    1.69227e+03   -8.14932e+03   -3.05731e+03    3.24875e+02    1.00098e+03
   Constr. rmsd
    0.00000e+00

           Step           Time
        1150000     1150.00000

   Energies (kJ/mol)
        G96Bond       G96Angle    Proper Dih.  Improper Dih.          LJ-14
    1.25003e+01    3.62733e+01    8.08201e+00    7.01600e-01    3.53810e+01
     Coulomb-14        LJ (SR)   Coulomb (SR)   Coul. recip.      Potential
   -1.98848e+03    1.34754e+03   -9.46973e+03    3.28030e+01   -9.98494e+03
    Kinetic En.   Total Energy  Conserved En.    Temperature Pressure (bar)
    1.56506e+03   -8.41988e+03   -3.07957e+03    3.00452e+02   -2.53768e+02
   Constr. rmsd
    0.00000e+00

           Step           Time
        1155000     1155.00000

   Energies (kJ/mol)
        G96Bond       G96Angle    Proper Dih.  Improper Dih.          LJ-14
    3.30206e+01    3.85359e+01    1.63495e+01    1.08943e+01    4.51291e+01
     Coulomb-14        LJ (SR)   Coulomb (SR)   Coul. recip.      Potential
   -2.02191e+03    1.24967e+03   -9.43115e+03    2.62070e+01   -1.00333e+04
    Kinetic En.   Total Energy  Conserved En.    Temperature Pressure (bar)
    1.56870e+03   -8.46456e+03   -3.04272e+03    3.01150e+02   -3.41906e+02
   Constr. rmsd
    0.00000e+00

           Step           Time
        1160000     1160.00000

   Energies (kJ/mol)
        G96Bond       G96Angle    Proper Dih.  Improper Dih.          LJ-14
    8.57282e+00    4.36528e+01    9.81423e+00    9.68803e+00    2.54811e+01
     Coulomb-14        LJ (SR)   Coulomb (SR)   Coul. recip.      Potential
   -1.98462e+03    1.31911e+03   -9.35801e+03    2.37576e+01   -9.90254e+03
    Kinetic En.   Total Energy  Conserved En.    Temperature Pressure (bar)
    1.49766e+03   -8.40488e+03   -3.06133e+03    2.87514e+02   -1.62708e+03
   Constr. rmsd
    0.00000e+00

           Step           Time
        1165000     1165.00000

   Energies (kJ/mol)
        G96Bond       G96Angle    Proper Dih.  Improper Dih.          LJ-14
    4.67666e+00    4.80250e+01    2.46831e+01    1.88543e+01    3.08223e+01
     Coulomb-14        LJ (SR)   Coulomb (SR)   Coul. recip.      Potential
   -1.98158e+03    1.38728e+03   -9.40088e+03    2.72578e+01   -9.84086e+03
    Kinetic En.   Total Energy  Conserved En.    Temperature Pressure (bar)
    1.60030e+03   -8.24056e+03   -3.03631e+03    3.07218e+02   -2.41060e+02
   Constr. rmsd
    0.00000e+00

           Step           Time
        1170000     1170.00000

   Energies (kJ/mol)
        G96Bond       G96Angle    Proper Dih.  Improper Dih.          LJ-14
    2.95527e+01    2.88633e+01    7.74223e+00    1.11989e+01    3.53735e+01
     Coulomb-14        LJ (SR)   Coulomb (SR)   Coul. recip.      Potential
   -1.99469e+03    1.38126e+03   -9.36585e+03    2.66157e+01   -9.83993e+03
    Kinetic En.   Total Energy  Conserved En.    Temperature Pressure (bar)
    1.58006e+03   -8.25987e+03   -2.98119e+03    3.03333e+02    9.47908e+02
   Constr. rmsd
    0.00000e+00

           Step           Time
        1175000     1175.00000

   Energies (kJ/mol)
        G96Bond       G96Angle    Proper Dih.  Improper Dih.          LJ-14
    6.56540e+00    4.05933e+01    6.60976e+00    5.32869e+00    3.52690e+01
     Coulomb-14        LJ (SR)   Coulomb (SR)   Coul. recip.      Potential
   -1.98330e+03    1.28168e+03   -9.39274e+03    1.84558e+01   -9.98154e+03
    Kinetic En.   Total Energy  Conserved En.    Temperature Pressure (bar)
    1.41678e+03   -8.56476e+03   -2.94615e+03    2.71986e+02   -1.45407e+03
   Constr. rmsd
    0.00000e+00

           Step           Time
        1180000     1180.00000

   Energies (kJ/mol)
        G96Bond       G96Angle    Proper Dih.  Improper Dih.          LJ-14
    2.14020e+01    3.88562e+01    1.19056e+01    5.85945e+00    2.76694e+01
     Coulomb-14        LJ (SR)   Coulomb (SR)   Coul. recip.      Potential
   -1.98067e+03    1.36163e+03   -9.46137e+03    2.48226e+01   -9.94989e+03
    Kinetic En.   Total Energy  Conserved En.    Temperature Pressure (bar)
    1.64747e+03   -8.30242e+03   -2.95735e+03    3.16273e+02   -2.98828e+02
   Constr. rmsd
    0.00000e+00

           Step           Time
        1185000     1185.00000

   Energies (kJ/mol)
        G96Bond       G96Angle    Proper Dih.  Improper Dih.          LJ-14
    1.77831e+01    4.28002e+01    9.62212e+00    2.25911e+00    3.70012e+01
     Coulomb-14        LJ (SR)   Coulomb (SR)   Coul. recip.      Potential
   -1.99623e+03    1.34522e+03   -9.33702e+03    2.14906e+01   -9.85708e+03
    Kinetic En.   Total Energy  Conserved En.    Temperature Pressure (bar)
    1.44310e+03   -8.41397e+03   -2.93342e+03    2.77040e+02   -1.38444e+02
   Constr. rmsd
    0.00000e+00

           Step           Time
        1190000     1190.00000

   Energies (kJ/mol)
        G96Bond       G96Angle    Proper Dih.  Improper Dih.          LJ-14
    2.19693e+01    4.82474e+01    8.72753e+00    6.20635e+00    3.20437e+01
     Coulomb-14        LJ (SR)   Coulomb (SR)   Coul. recip.      Potential
   -1.99511e+03    1.38967e+03   -9.47492e+03    2.78964e+01   -9.93526e+03
    Kinetic En.   Total Energy  Conserved En.    Temperature Pressure (bar)
    1.68618e+03   -8.24909e+03   -2.94184e+03    3.23704e+02   -1.62656e+02
   Constr. rmsd
    0.00000e+00

           Step           Time
        1195000     1195.00000

   Energies (kJ/mol)
        G96Bond       G96Angle    Proper Dih.  Improper Dih.          LJ-14
    1.47099e+01    3.70522e+01    1.33190e+01    7.90287e+00    3.61143e+01
     Coulomb-14        LJ (SR)   Coulomb (SR)   Coul. recip.      Potential
   -2.00048e+03    1.38569e+03   -9.40860e+03    3.22181e+01   -9.88208e+03
    Kinetic En.   Total Energy  Conserved En.    Temperature Pressure (bar)
    1.68105e+03   -8.20102e+03   -2.89679e+03    3.22721e+02    1.04304e+03
   Constr. rmsd
    0.00000e+00

           Step           Time
        1200000     1200.00000

   Energies (kJ/mol)
        G96Bond       G96Angle    Proper Dih.  Improper Dih.          LJ-14
    1.34109e+01    5.06134e+01    7.75764e+00    6.45677e+00    3.47319e+01
     Coulomb-14        LJ (SR)   Coulomb (SR)   Coul. recip.      Potential
   -1.99589e+03    1.31777e+03   -9.28326e+03    2.79996e+01   -9.82041e+03
    Kinetic En.   Total Energy  Conserved En.    Temperature Pressure (bar)
    1.49944e+03   -8.32097e+03   -2.87632e+03    2.87854e+02   -1.06977e+02
   Constr. rmsd
    0.00000e+00

           Step           Time
        1205000     1205.00000

   Energies (kJ/mol)
        G96Bond       G96Angle    Proper Dih.  Improper Dih.          LJ-14
    8.56008e+00    4.33086e+01    6.56202e+00    1.36411e+01    3.11558e+01
     Coulomb-14        LJ (SR)   Coulomb (SR)   Coul. recip.      Potential
   -1.98174e+03    1.36682e+03   -9.46666e+03    2.22576e+01   -9.95610e+03
    Kinetic En.   Total Energy  Conserved En.    Temperature Pressure (bar)
    1.60826e+03   -8.34784e+03   -2.79419e+03    3.08746e+02    3.09157e+02
   Constr. rmsd
    0.00000e+00

           Step           Time
        1210000     1210.00000

   Energies (kJ/mol)
        G96Bond       G96Angle    Proper Dih.  Improper Dih.          LJ-14
    1.26226e+01    6.14408e+01    2.06179e+01    1.41985e+01    3.54240e+01
     Coulomb-14        LJ (SR)   Coulomb (SR)   Coul. recip.      Potential
   -1.99845e+03    1.37223e+03   -9.45135e+03    2.63813e+01   -9.90689e+03
    Kinetic En.   Total Energy  Conserved En.    Temperature Pressure (bar)
    1.60252e+03   -8.30437e+03   -2.80125e+03    3.07643e+02    1.59613e+02
   Constr. rmsd
    0.00000e+00

           Step           Time
        1215000     1215.00000

   Energies (kJ/mol)
        G96Bond       G96Angle    Proper Dih.  Improper Dih.          LJ-14
    1.76054e+01    5.21626e+01    7.79919e+00    1.08355e+01    3.43976e+01
     Coulomb-14        LJ (SR)   Coulomb (SR)   Coul. recip.      Potential
   -1.99870e+03    1.39711e+03   -9.32321e+03    2.39389e+01   -9.77806e+03
    Kinetic En.   Total Energy  Conserved En.    Temperature Pressure (bar)
    1.49598e+03   -8.28208e+03   -2.78615e+03    2.87191e+02    1.52327e+03
   Constr. rmsd
    0.00000e+00

           Step           Time
        1220000     1220.00000

   Energies (kJ/mol)
        G96Bond       G96Angle    Proper Dih.  Improper Dih.          LJ-14
    2.08327e+01    3.60744e+01    1.42500e+01    5.60210e+00    3.75912e+01
     Coulomb-14        LJ (SR)   Coulomb (SR)   Coul. recip.      Potential
   -1.99860e+03    1.21416e+03   -9.17792e+03    3.62513e+01   -9.81175e+03
    Kinetic En.   Total Energy  Conserved En.    Temperature Pressure (bar)
    1.54150e+03   -8.27024e+03   -2.76491e+03    2.95930e+02   -1.31115e+01
   Constr. rmsd
    0.00000e+00

           Step           Time
        1225000     1225.00000

   Energies (kJ/mol)
        G96Bond       G96Angle    Proper Dih.  Improper Dih.          LJ-14
    2.27400e+01    2.57246e+01    7.67421e+00    3.46857e+00    3.43617e+01
     Coulomb-14        LJ (SR)   Coulomb (SR)   Coul. recip.      Potential
   -1.98577e+03    1.40593e+03   -9.54223e+03    2.19456e+01   -1.00062e+04
    Kinetic En.   Total Energy  Conserved En.    Temperature Pressure (bar)
    1.55713e+03   -8.44903e+03   -2.77296e+03    2.98931e+02    2.63360e+02
   Constr. rmsd
    0.00000e+00

           Step           Time
        1230000     1230.00000

   Energies (kJ/mol)
        G96Bond       G96Angle    Proper Dih.  Improper Dih.          LJ-14
    1.39036e+01    4.44236e+01    5.01131e+00    8.72486e+00    3.36662e+01
     Coulomb-14        LJ (SR)   Coulomb (SR)   Coul. recip.      Potential
   -2.00769e+03    1.43178e+03   -9.60372e+03    3.08167e+01   -1.00431e+04
    Kinetic En.   Total Energy  Conserved En.    Temperature Pressure (bar)
    1.47177e+03   -8.57131e+03   -2.72493e+03    2.82542e+02    5.57321e+02
   Constr. rmsd
    0.00000e+00

           Step           Time
        1235000     1235.00000

   Energies (kJ/mol)
        G96Bond       G96Angle    Proper Dih.  Improper Dih.          LJ-14
    1.22674e+01    2.84612e+01    1.41092e+01    3.01299e+00    3.39634e+01
     Coulomb-14        LJ (SR)   Coulomb (SR)   Coul. recip.      Potential
   -2.00009e+03    1.30867e+03   -9.34704e+03    2.55572e+01   -9.92109e+03
    Kinetic En.   Total Energy  Conserved En.    Temperature Pressure (bar)
    1.53377e+03   -8.38732e+03   -2.72013e+03    2.94446e+02   -8.91575e+01
   Constr. rmsd
    0.00000e+00

           Step           Time
        1240000     1240.00000

   Energies (kJ/mol)
        G96Bond       G96Angle    Proper Dih.  Improper Dih.          LJ-14
    1.01124e+01    5.48115e+01    2.07552e+01    1.80890e+01    3.38177e+01
     Coulomb-14        LJ (SR)   Coulomb (SR)   Coul. recip.      Potential
   -1.99579e+03    1.15599e+03   -9.15289e+03    2.50353e+01   -9.83007e+03
    Kinetic En.   Total Energy  Conserved En.    Temperature Pressure (bar)
    1.54296e+03   -8.28711e+03   -2.68648e+03    2.96210e+02   -1.53302e+03
   Constr. rmsd
    0.00000e+00

           Step           Time
        1245000     1245.00000

   Energies (kJ/mol)
        G96Bond       G96Angle    Proper Dih.  Improper Dih.          LJ-14
    2.45966e+01    5.46133e+01    1.76618e+01    1.56978e+00    2.92603e+01
     Coulomb-14        LJ (SR)   Coulomb (SR)   Coul. recip.      Potential
   -1.99541e+03    1.31226e+03   -9.31986e+03    2.44854e+01   -9.85082e+03
    Kinetic En.   Total Energy  Conserved En.    Temperature Pressure (bar)
    1.59021e+03   -8.26061e+03   -2.68922e+03    3.05280e+02    4.33589e+02
   Constr. rmsd
    0.00000e+00

           Step           Time
        1250000     1250.00000

   Energies (kJ/mol)
        G96Bond       G96Angle    Proper Dih.  Improper Dih.          LJ-14
    2.39826e+01    3.05910e+01    9.76824e+00    2.72957e+00    3.51091e+01
     Coulomb-14        LJ (SR)   Coulomb (SR)   Coul. recip.      Potential
   -1.99220e+03    1.53823e+03   -9.62432e+03    2.80329e+01   -9.94808e+03
    Kinetic En.   Total Energy  Conserved En.    Temperature Pressure (bar)
    1.53596e+03   -8.41211e+03   -2.67259e+03    2.94867e+02    1.87383e+03
   Constr. rmsd
    0.00000e+00

           Step           Time
        1255000     1255.00000

   Energies (kJ/mol)
        G96Bond       G96Angle    Proper Dih.  Improper Dih.          LJ-14
    1.79655e+01    7.93988e+01    1.42796e+01    1.08352e+01    2.88523e+01
     Coulomb-14        LJ (SR)   Coulomb (SR)   Coul. recip.      Potential
   -1.99139e+03    1.40369e+03   -9.47597e+03    2.59304e+01   -9.88641e+03
    Kinetic En.   Total Energy  Conserved En.    Temperature Pressure (bar)
    1.51114e+03   -8.37527e+03   -2.67351e+03    2.90102e+02    3.92141e+02
   Constr. rmsd
    0.00000e+00

           Step           Time
        1260000     1260.00000

   Energies (kJ/mol)
        G96Bond       G96Angle    Proper Dih.  Improper Dih.          LJ-14
    3.67926e+01    4.96338e+01    5.74479e+00    8.02023e+00    3.49783e+01
     Coulomb-14        LJ (SR)   Coulomb (SR)   Coul. recip.      Potential
   -1.99895e+03    1.38469e+03   -9.40797e+03    2.97353e+01   -9.85733e+03
    Kinetic En.   Total Energy  Conserved En.    Temperature Pressure (bar)
    1.54638e+03   -8.31095e+03   -2.66899e+03    2.96865e+02    9.10357e+02
   Constr. rmsd
    0.00000e+00

           Step           Time
        1265000     1265.00000

   Energies (kJ/mol)
        G96Bond       G96Angle    Proper Dih.  Improper Dih.          LJ-14
    2.82890e+01    3.27056e+01    1.14776e+01    9.75763e+00    3.59326e+01
     Coulomb-14        LJ (SR)   Coulomb (SR)   Coul. recip.      Potential
   -1.99651e+03    1.34223e+03   -9.27423e+03    2.91464e+01   -9.78120e+03
    Kinetic En.   Total Energy  Conserved En.    Temperature Pressure (bar)
    1.57227e+03   -8.20893e+03   -2.64532e+03    3.01836e+02   -2.33749e+02
   Constr. rmsd
    0.00000e+00

           Step           Time
        1270000     1270.00000

   Energies (kJ/mol)
        G96Bond       G96Angle    Proper Dih.  Improper Dih.          LJ-14
    2.49803e+01    2.93206e+01    9.24379e+00    4.10045e+00    2.00530e+01
     Coulomb-14        LJ (SR)   Coulomb (SR)   Coul. recip.      Potential
   -1.96501e+03    1.33464e+03   -9.35660e+03    2.32762e+01   -9.87600e+03
    Kinetic En.   Total Energy  Conserved En.    Temperature Pressure (bar)
    1.59450e+03   -8.28150e+03   -2.60346e+03    3.06103e+02   -1.00796e+03
   Constr. rmsd
    0.00000e+00

           Step           Time
        1275000     1275.00000

   Energies (kJ/mol)
        G96Bond       G96Angle    Proper Dih.  Improper Dih.          LJ-14
    6.85864e+00    5.17500e+01    2.17327e+01    2.96929e+00    3.65918e+01
     Coulomb-14        LJ (SR)   Coulomb (SR)   Coul. recip.      Potential
   -1.99028e+03    1.41610e+03   -9.49333e+03    3.28183e+01   -9.91478e+03
    Kinetic En.   Total Energy  Conserved En.    Temperature Pressure (bar)
    1.46553e+03   -8.44925e+03   -2.56195e+03    2.81345e+02    8.92090e+02
   Constr. rmsd
    0.00000e+00

           Step           Time
        1280000     1280.00000

   Energies (kJ/mol)
        G96Bond       G96Angle    Proper Dih.  Improper Dih.          LJ-14
    1.19901e+01    6.25639e+01    1.27707e+01    3.01935e+00    3.08671e+01
     Coulomb-14        LJ (SR)   Coulomb (SR)   Coul. recip.      Potential
   -1.98049e+03    1.36028e+03   -9.39029e+03    3.08850e+01   -9.85840e+03
    Kinetic En.   Total Energy  Conserved En.    Temperature Pressure (bar)
    1.42324e+03   -8.43516e+03   -2.55407e+03    2.73227e+02   -4.32997e+02
   Constr. rmsd
    0.00000e+00

           Step           Time
        1285000     1285.00000

   Energies (kJ/mol)
        G96Bond       G96Angle    Proper Dih.  Improper Dih.          LJ-14
    1.35363e+01    4.09865e+01    1.35343e+01    1.31121e+01    4.04297e+01
     Coulomb-14        LJ (SR)   Coulomb (SR)   Coul. recip.      Potential
   -2.00233e+03    1.44627e+03   -9.63344e+03    2.60837e+01   -1.00418e+04
    Kinetic En.   Total Energy  Conserved En.    Temperature Pressure (bar)
    1.57396e+03   -8.46786e+03   -2.51376e+03    3.02161e+02    4.25794e+02
   Constr. rmsd
    0.00000e+00

           Step           Time
        1290000     1290.00000

   Energies (kJ/mol)
        G96Bond       G96Angle    Proper Dih.  Improper Dih.          LJ-14
    1.03343e+01    3.40460e+01    8.12312e+00    1.46840e+00    3.58056e+01
     Coulomb-14        LJ (SR)   Coulomb (SR)   Coul. recip.      Potential
   -1.98853e+03    1.31825e+03   -9.44188e+03    2.38821e+01   -9.99851e+03
    Kinetic En.   Total Energy  Conserved En.    Temperature Pressure (bar)
    1.49201e+03   -8.50650e+03   -2.49249e+03    2.86428e+02   -2.95762e+02
   Constr. rmsd
    0.00000e+00

           Step           Time
        1295000     1295.00000

   Energies (kJ/mol)
        G96Bond       G96Angle    Proper Dih.  Improper Dih.          LJ-14
    1.38635e+01    3.46430e+01    1.03050e+01    5.12609e+00    3.45976e+01
     Coulomb-14        LJ (SR)   Coulomb (SR)   Coul. recip.      Potential
   -1.99441e+03    1.46981e+03   -9.60155e+03    2.22842e+01   -1.00053e+04
    Kinetic En.   Total Energy  Conserved En.    Temperature Pressure (bar)
    1.51784e+03   -8.48748e+03   -2.47420e+03    2.91388e+02    1.24793e+03
   Constr. rmsd
    0.00000e+00

           Step           Time
        1300000     1300.00000

   Energies (kJ/mol)
        G96Bond       G96Angle    Proper Dih.  Improper Dih.          LJ-14
    1.78447e+01    4.32477e+01    4.48786e+00    1.06503e+00    4.02952e+01
     Coulomb-14        LJ (SR)   Coulomb (SR)   Coul. recip.      Potential
   -2.00360e+03    1.32160e+03   -9.41777e+03    2.50405e+01   -9.96779e+03
    Kinetic En.   Total Energy  Conserved En.    Temperature Pressure (bar)
    1.54756e+03   -8.42023e+03   -2.48710e+03    2.97092e+02    1.39922e+02
   Constr. rmsd
    0.00000e+00

           Step           Time
        1305000     1305.00000

   Energies (kJ/mol)
        G96Bond       G96Angle    Proper Dih.  Improper Dih.          LJ-14
    1.15331e+01    3.06733e+01    7.79392e+00    1.01460e+01    3.25606e+01
     Coulomb-14        LJ (SR)   Coulomb (SR)   Coul. recip.      Potential
   -1.98587e+03    1.41492e+03   -9.50070e+03    2.82568e+01   -9.95068e+03
    Kinetic En.   Total Energy  Conserved En.    Temperature Pressure (bar)
    1.46886e+03   -8.48182e+03   -2.47633e+03    2.81985e+02    1.94787e+02
   Constr. rmsd
    0.00000e+00

           Step           Time
        1310000     1310.00000

   Energies (kJ/mol)
        G96Bond       G96Angle    Proper Dih.  Improper Dih.          LJ-14
    1.71167e+01    3.39904e+01    1.37028e+01    7.11648e+00    4.12130e+01
     Coulomb-14        LJ (SR)   Coulomb (SR)   Coul. recip.      Potential
   -1.99958e+03    1.27220e+03   -9.19847e+03    2.52237e+01   -9.78748e+03
    Kinetic En.   Total Energy  Conserved En.    Temperature Pressure (bar)
    1.49918e+03   -8.28830e+03   -2.46140e+03    2.87804e+02   -2.22658e+02
   Constr. rmsd
    0.00000e+00

           Step           Time
        1315000     1315.00000

   Energies (kJ/mol)
        G96Bond       G96Angle    Proper Dih.  Improper Dih.          LJ-14
    1.55728e+01    3.45736e+01    1.15194e+01    8.78272e+00    2.97035e+01
     Coulomb-14        LJ (SR)   Coulomb (SR)   Coul. recip.      Potential
   -1.98219e+03    1.32038e+03   -9.45865e+03    3.07473e+01   -9.98956e+03
    Kinetic En.   Total Energy  Conserved En.    Temperature Pressure (bar)
    1.62380e+03   -8.36576e+03   -2.44883e+03    3.11729e+02   -9.46856e+02
   Constr. rmsd
    0.00000e+00

           Step           Time
        1320000     1320.00000

   Energies (kJ/mol)
        G96Bond       G96Angle    Proper Dih.  Improper Dih.          LJ-14
    1.50651e+01    3.44305e+01    1.18856e+01    7.93467e+00    2.41084e+01
     Coulomb-14        LJ (SR)   Coulomb (SR)   Coul. recip.      Potential
   -1.96392e+03    1.36270e+03   -9.44400e+03    2.63356e+01   -9.92546e+03
    Kinetic En.   Total Energy  Conserved En.    Temperature Pressure (bar)
    1.59911e+03   -8.32634e+03   -2.42893e+03    3.06989e+02   -9.77538e+01
   Constr. rmsd
    0.00000e+00

           Step           Time
        1325000     1325.00000

   Energies (kJ/mol)
        G96Bond       G96Angle    Proper Dih.  Improper Dih.          LJ-14
    4.17268e+01    3.67851e+01    5.78821e+00    8.89502e+00    3.14764e+01
     Coulomb-14        LJ (SR)   Coulomb (SR)   Coul. recip.      Potential
   -1.98673e+03    1.35005e+03   -9.53266e+03    2.90019e+01   -1.00157e+04
    Kinetic En.   Total Energy  Conserved En.    Temperature Pressure (bar)
    1.62501e+03   -8.39066e+03   -2.38970e+03    3.11961e+02    5.02734e+02
   Constr. rmsd
    0.00000e+00

           Step           Time
        1330000     1330.00000

   Energies (kJ/mol)
        G96Bond       G96Angle    Proper Dih.  Improper Dih.          LJ-14
    1.30145e+01    5.10157e+01    1.06193e+01    4.25272e-01    3.96653e+01
     Coulomb-14        LJ (SR)   Coulomb (SR)   Coul. recip.      Potential
   -1.99018e+03    1.39292e+03   -9.40274e+03    2.30007e+01   -9.86225e+03
    Kinetic En.   Total Energy  Conserved En.    Temperature Pressure (bar)
    1.47755e+03   -8.38470e+03   -2.40611e+03    2.83654e+02    1.04217e+02
   Constr. rmsd
    0.00000e+00

           Step           Time
        1335000     1335.00000

   Energies (kJ/mol)
        G96Bond       G96Angle    Proper Dih.  Improper Dih.          LJ-14
    2.73912e+01    3.37701e+01    8.23510e+00    1.58039e+01    3.24324e+01
     Coulomb-14        LJ (SR)   Coulomb (SR)   Coul. recip.      Potential
   -1.99359e+03    1.33905e+03   -9.25070e+03    2.54351e+01   -9.76218e+03
    Kinetic En.   Total Energy  Conserved En.    Temperature Pressure (bar)
    1.57291e+03   -8.18927e+03   -2.35176e+03    3.01960e+02    1.15156e+03
   Constr. rmsd
    0.00000e+00

           Step           Time
        1340000     1340.00000

   Energies (kJ/mol)
        G96Bond       G96Angle    Proper Dih.  Improper Dih.          LJ-14
    1.85844e+01    5.26822e+01    2.26300e+00    1.01482e+01    2.87740e+01
     Coulomb-14        LJ (SR)   Coulomb (SR)   Coul. recip.      Potential
   -1.98642e+03    1.42700e+03   -9.45035e+03    2.88738e+01   -9.86845e+03
    Kinetic En.   Total Energy  Conserved En.    Temperature Pressure (bar)
    1.51679e+03   -8.35167e+03   -2.33074e+03    2.91185e+02    1.00327e+03
   Constr. rmsd
    0.00000e+00

           Step           Time
        1345000     1345.00000

   Energies (kJ/mol)
        G96Bond       G96Angle    Proper Dih.  Improper Dih.          LJ-14
    9.42999e+00    3.21136e+01    4.30838e+00    5.87848e+00    3.09978e+01
     Coulomb-14        LJ (SR)   Coulomb (SR)   Coul. recip.      Potential
   -1.98026e+03    1.15341e+03   -9.15850e+03    2.21927e+01   -9.88043e+03
    Kinetic En.   Total Energy  Conserved En.    Temperature Pressure (bar)
    1.40718e+03   -8.47325e+03   -2.33249e+03    2.70144e+02   -2.00946e+03
   Constr. rmsd
    0.00000e+00

           Step           Time
        1350000     1350.00000

   Energies (kJ/mol)
        G96Bond       G96Angle    Proper Dih.  Improper Dih.          LJ-14
    2.90249e+01    5.31240e+01    1.03545e+01    5.63194e+00    3.49578e+01
     Coulomb-14        LJ (SR)   Coulomb (SR)   Coul. recip.      Potential
   -1.99117e+03    1.33041e+03   -9.16655e+03    2.39636e+01   -9.67025e+03
    Kinetic En.   Total Energy  Conserved En.    Temperature Pressure (bar)
    1.57015e+03   -8.10010e+03   -2.31866e+03    3.01430e+02    5.78487e+02
   Constr. rmsd
    0.00000e+00

           Step           Time
        1355000     1355.00000

   Energies (kJ/mol)
        G96Bond       G96Angle    Proper Dih.  Improper Dih.          LJ-14
    1.35439e+01    4.84799e+01    6.09731e+00    1.26362e+01    3.28700e+01
     Coulomb-14        LJ (SR)   Coulomb (SR)   Coul. recip.      Potential
   -1.99273e+03    1.30937e+03   -9.31786e+03    2.93133e+01   -9.85829e+03
    Kinetic En.   Total Energy  Conserved En.    Temperature Pressure (bar)
    1.60669e+03   -8.25159e+03   -2.28219e+03    3.08445e+02   -4.32181e+02
   Constr. rmsd
    0.00000e+00

           Step           Time
        1360000     1360.00000

   Energies (kJ/mol)
        G96Bond       G96Angle    Proper Dih.  Improper Dih.          LJ-14
    1.71185e+01    4.79534e+01    7.89451e+00    9.05745e+00    3.63313e+01
     Coulomb-14        LJ (SR)   Coulomb (SR)   Coul. recip.      Potential
   -1.99468e+03    1.24204e+03   -9.29884e+03    3.29464e+01   -9.90018e+03
    Kinetic En.   Total Energy  Conserved En.    Temperature Pressure (bar)
    1.57225e+03   -8.32793e+03   -2.23384e+03    3.01833e+02   -4.94229e+02
   Constr. rmsd
    0.00000e+00

           Step           Time
        1365000     1365.00000

   Energies (kJ/mol)
        G96Bond       G96Angle    Proper Dih.  Improper Dih.          LJ-14
    3.11254e+01    5.17455e+01    8.41396e+00    9.29764e+00    2.92792e+01
     Coulomb-14        LJ (SR)   Coulomb (SR)   Coul. recip.      Potential
   -1.97988e+03    1.38243e+03   -9.31364e+03    2.73437e+01   -9.75388e+03
    Kinetic En.   Total Energy  Conserved En.    Temperature Pressure (bar)
    1.57733e+03   -8.17654e+03   -2.24872e+03    3.02808e+02   -2.14401e+02
   Constr. rmsd
    0.00000e+00

           Step           Time
        1370000     1370.00000

   Energies (kJ/mol)
        G96Bond       G96Angle    Proper Dih.  Improper Dih.          LJ-14
    1.90593e+01    7.05753e+01    1.01308e+01    2.19613e+01    3.71531e+01
     Coulomb-14        LJ (SR)   Coulomb (SR)   Coul. recip.      Potential
   -1.98937e+03    1.40842e+03   -9.43045e+03    3.25209e+01   -9.82000e+03
    Kinetic En.   Total Energy  Conserved En.    Temperature Pressure (bar)
    1.49812e+03   -8.32188e+03   -2.22824e+03    2.87601e+02    8.09310e+02
   Constr. rmsd
    0.00000e+00

           Step           Time
        1375000     1375.00000

   Energies (kJ/mol)
        G96Bond       G96Angle    Proper Dih.  Improper Dih.          LJ-14
    9.32481e+00    4.76202e+01    6.07541e+00    1.38610e+01    2.11697e+01
     Coulomb-14        LJ (SR)   Coulomb (SR)   Coul. recip.      Potential
   -1.97391e+03    1.47378e+03   -9.60932e+03    2.86109e+01   -9.98280e+03
    Kinetic En.   Total Energy  Conserved En.    Temperature Pressure (bar)
    1.48110e+03   -8.50170e+03   -2.25146e+03    2.84333e+02   -2.79983e+02
   Constr. rmsd
    0.00000e+00

           Step           Time
        1380000     1380.00000

   Energies (kJ/mol)
        G96Bond       G96Angle    Proper Dih.  Improper Dih.          LJ-14
    2.41762e+01    5.77516e+01    6.66701e+00    1.15667e+01    2.89425e+01
     Coulomb-14        LJ (SR)   Coulomb (SR)   Coul. recip.      Potential
   -1.98063e+03    1.42591e+03   -9.48207e+03    2.46794e+01   -9.88301e+03
    Kinetic En.   Total Energy  Conserved En.    Temperature Pressure (bar)
    1.54347e+03   -8.33954e+03   -2.21354e+03    2.96308e+02    7.84668e+01
   Constr. rmsd
    0.00000e+00

           Step           Time
        1385000     1385.00000

   Energies (kJ/mol)
        G96Bond       G96Angle    Proper Dih.  Improper Dih.          LJ-14
    2.39969e+01    7.35694e+01    2.25919e+01    1.62242e+01    3.76649e+01
     Coulomb-14        LJ (SR)   Coulomb (SR)   Coul. recip.      Potential
   -2.00028e+03    1.35151e+03   -9.40063e+03    2.19079e+01   -9.85345e+03
    Kinetic En.   Total Energy  Conserved En.    Temperature Pressure (bar)
    1.59887e+03   -8.25458e+03   -2.21193e+03    3.06943e+02   -3.12817e+02
   Constr. rmsd
    0.00000e+00

           Step           Time
        1390000     1390.00000

   Energies (kJ/mol)
        G96Bond       G96Angle    Proper Dih.  Improper Dih.          LJ-14
    2.04487e+01    5.22536e+01    8.80137e+00    1.13922e+01    3.13011e+01
     Coulomb-14        LJ (SR)   Coulomb (SR)   Coul. recip.      Potential
   -1.98765e+03    1.34950e+03   -9.33286e+03    2.96594e+01   -9.81715e+03
    Kinetic En.   Total Energy  Conserved En.    Temperature Pressure (bar)
    1.65328e+03   -8.16388e+03   -2.17782e+03    3.17388e+02   -4.18848e+02
   Constr. rmsd
    0.00000e+00

           Step           Time
        1395000     1395.00000

   Energies (kJ/mol)
        G96Bond       G96Angle    Proper Dih.  Improper Dih.          LJ-14
    2.86841e+01    4.73391e+01    1.05007e+01    1.22730e+01    2.92669e+01
     Coulomb-14        LJ (SR)   Coulomb (SR)   Coul. recip.      Potential
   -1.98590e+03    1.28772e+03   -9.36221e+03    2.30843e+01   -9.90924e+03
    Kinetic En.   Total Energy  Conserved En.    Temperature Pressure (bar)
    1.67936e+03   -8.22988e+03   -2.14438e+03    3.22396e+02   -6.16087e+02
   Constr. rmsd
    0.00000e+00

           Step           Time
        1400000     1400.00000

   Energies (kJ/mol)
        G96Bond       G96Angle    Proper Dih.  Improper Dih.          LJ-14
    1.91445e+01    4.17241e+01    1.52766e+01    6.50304e+00    3.53046e+01
     Coulomb-14        LJ (SR)   Coulomb (SR)   Coul. recip.      Potential
   -1.99856e+03    1.26290e+03   -9.31841e+03    2.88875e+01   -9.90723e+03
    Kinetic En.   Total Energy  Conserved En.    Temperature Pressure (bar)
    1.46483e+03   -8.44241e+03   -2.15898e+03    2.81210e+02   -9.89950e+02
   Constr. rmsd
    0.00000e+00

           Step           Time
        1405000     1405.00000

   Energies (kJ/mol)
        G96Bond       G96Angle    Proper Dih.  Improper Dih.          LJ-14
    2.04917e+01    2.24716e+01    7.59755e+00    2.09439e+01    2.93544e+01
     Coulomb-14        LJ (SR)   Coulomb (SR)   Coul. recip.      Potential
   -1.97666e+03    1.47800e+03   -9.58177e+03    3.49801e+01   -9.94458e+03
    Kinetic En.   Total Energy  Conserved En.    Temperature Pressure (bar)
    1.54835e+03   -8.39624e+03   -2.15147e+03    2.97244e+02   -7.58143e+02
   Constr. rmsd
    0.00000e+00

           Step           Time
        1410000     1410.00000

   Energies (kJ/mol)
        G96Bond       G96Angle    Proper Dih.  Improper Dih.          LJ-14
    1.49124e+01    3.03448e+01    6.44563e+00    5.33293e+00    3.68214e+01
     Coulomb-14        LJ (SR)   Coulomb (SR)   Coul. recip.      Potential
   -1.98584e+03    1.20846e+03   -9.17737e+03    2.87671e+01   -9.83212e+03
    Kinetic En.   Total Energy  Conserved En.    Temperature Pressure (bar)
    1.60120e+03   -8.23092e+03   -2.13148e+03    3.07390e+02   -1.55782e+03
   Constr. rmsd
    0.00000e+00

           Step           Time
        1415000     1415.00000

   Energies (kJ/mol)
        G96Bond       G96Angle    Proper Dih.  Improper Dih.          LJ-14
    3.57095e+01    5.67754e+01    6.87220e+00    2.11693e+01    4.49267e+01
     Coulomb-14        LJ (SR)   Coulomb (SR)   Coul. recip.      Potential
   -2.01995e+03    1.51390e+03   -9.49600e+03    2.71066e+01   -9.80949e+03
    Kinetic En.   Total Energy  Conserved En.    Temperature Pressure (bar)
    1.56899e+03   -8.24049e+03   -2.09625e+03    3.01207e+02    2.34838e+03
   Constr. rmsd
    0.00000e+00

           Step           Time
        1420000     1420.00000

   Energies (kJ/mol)
        G96Bond       G96Angle    Proper Dih.  Improper Dih.          LJ-14
    1.60664e+01    6.16729e+01    1.29150e+01    7.29295e+00    3.97318e+01
     Coulomb-14        LJ (SR)   Coulomb (SR)   Coul. recip.      Potential
   -2.00553e+03    1.48371e+03   -9.59678e+03    2.65648e+01   -9.95435e+03
    Kinetic En.   Total Energy  Conserved En.    Temperature Pressure (bar)
    1.61401e+03   -8.34034e+03   -2.10614e+03    3.09850e+02    6.43013e+02
   Constr. rmsd
    0.00000e+00

           Step           Time
        1425000     1425.00000

   Energies (kJ/mol)
        G96Bond       G96Angle    Proper Dih.  Improper Dih.          LJ-14
    1.50864e+01    4.25633e+01    4.81858e+00    1.47809e+01    4.26327e+01
     Coulomb-14        LJ (SR)   Coulomb (SR)   Coul. recip.      Potential
   -2.00382e+03    1.27721e+03   -9.13852e+03    3.24521e+01   -9.71281e+03
    Kinetic En.   Total Energy  Conserved En.    Temperature Pressure (bar)
    1.51094e+03   -8.20187e+03   -2.07375e+03    2.90063e+02   -9.28806e+02
   Constr. rmsd
    0.00000e+00

           Step           Time
        1430000     1430.00000

   Energies (kJ/mol)
        G96Bond       G96Angle    Proper Dih.  Improper Dih.          LJ-14
    2.18871e+01    3.25129e+01    7.46198e+00    1.05909e+01    3.49567e+01
     Coulomb-14        LJ (SR)   Coulomb (SR)   Coul. recip.      Potential
   -1.99575e+03    1.42015e+03   -9.41184e+03    2.54181e+01   -9.85462e+03
    Kinetic En.   Total Energy  Conserved En.    Temperature Pressure (bar)
    1.55577e+03   -8.29885e+03   -2.06833e+03    2.98669e+02    8.24513e+02
   Constr. rmsd
    0.00000e+00

           Step           Time
        1435000     1435.00000

   Energies (kJ/mol)
        G96Bond       G96Angle    Proper Dih.  Improper Dih.          LJ-14
    1.29216e+01    4.82937e+01    1.59582e+01    7.17712e+00    3.61375e+01
     Coulomb-14        LJ (SR)   Coulomb (SR)   Coul. recip.      Potential
   -1.99361e+03    1.42227e+03   -9.41462e+03    2.67366e+01   -9.83875e+03
    Kinetic En.   Total Energy  Conserved En.    Temperature Pressure (bar)
    1.44848e+03   -8.39026e+03   -2.04138e+03    2.78072e+02   -1.48072e+02
   Constr. rmsd
    0.00000e+00

           Step           Time
        1440000     1440.00000

   Energies (kJ/mol)
        G96Bond       G96Angle    Proper Dih.  Improper Dih.          LJ-14
    3.11855e+01    3.60075e+01    6.30221e+00    3.26392e+00    4.09210e+01
     Coulomb-14        LJ (SR)   Coulomb (SR)   Coul. recip.      Potential
   -1.99996e+03    1.45953e+03   -9.62618e+03    3.12959e+01   -1.00176e+04
    Kinetic En.   Total Energy  Conserved En.    Temperature Pressure (bar)
    1.61052e+03   -8.40711e+03   -1.98964e+03    3.09179e+02    8.30348e+02
   Constr. rmsd
    0.00000e+00

           Step           Time
        1445000     1445.00000

   Energies (kJ/mol)
        G96Bond       G96Angle    Proper Dih.  Improper Dih.          LJ-14
    3.28637e+01    5.29779e+01    6.43894e+00    5.94270e+00    4.60416e+01
     Coulomb-14        LJ (SR)   Coulomb (SR)   Coul. recip.      Potential
   -2.02305e+03    1.31290e+03   -9.42653e+03    2.01244e+01   -9.97228e+03
    Kinetic En.   Total Energy  Conserved En.    Temperature Pressure (bar)
    1.52938e+03   -8.44291e+03   -1.98913e+03    2.93602e+02   -1.70116e+01
   Constr. rmsd
    0.00000e+00

           Step           Time
        1450000     1450.00000

   Energies (kJ/mol)
        G96Bond       G96Angle    Proper Dih.  Improper Dih.          LJ-14
    3.86166e+00    3.43042e+01    5.04706e+00    2.41384e+00    2.63918e+01
     Coulomb-14        LJ (SR)   Coulomb (SR)   Coul. recip.      Potential
   -1.97546e+03    1.40722e+03   -9.47921e+03    2.74109e+01   -9.94801e+03
    Kinetic En.   Total Energy  Conserved En.    Temperature Pressure (bar)
    1.40669e+03   -8.54132e+03   -1.98692e+03    2.70049e+02   -4.08420e+02
   Constr. rmsd
    0.00000e+00

           Step           Time
        1455000     1455.00000

   Energies (kJ/mol)
        G96Bond       G96Angle    Proper Dih.  Improper Dih.          LJ-14
    1.12461e+01    3.89463e+01    6.91732e+00    1.04713e+01    3.37899e+01
     Coulomb-14        LJ (SR)   Coulomb (SR)   Coul. recip.      Potential
   -1.99427e+03    1.30775e+03   -9.36611e+03    2.61200e+01   -9.92514e+03
    Kinetic En.   Total Energy  Conserved En.    Temperature Pressure (bar)
    1.47536e+03   -8.44978e+03   -1.99734e+03    2.83233e+02   -1.25653e+03
   Constr. rmsd
    0.00000e+00

           Step           Time
        1460000     1460.00000

   Energies (kJ/mol)
        G96Bond       G96Angle    Proper Dih.  Improper Dih.          LJ-14
    1.96699e+01    4.69551e+01    1.54940e+01    3.65067e+00    2.85557e+01
     Coulomb-14        LJ (SR)   Coulomb (SR)   Coul. recip.      Potential
   -1.98456e+03    1.24501e+03   -9.31510e+03    2.68042e+01   -9.91353e+03
    Kinetic En.   Total Energy  Conserved En.    Temperature Pressure (bar)
    1.64820e+03   -8.26533e+03   -1.96581e+03    3.16413e+02   -1.04441e+03
   Constr. rmsd
    0.00000e+00

           Step           Time
        1465000     1465.00000

   Energies (kJ/mol)
        G96Bond       G96Angle    Proper Dih.  Improper Dih.          LJ-14
    1.37120e+01    4.55491e+01    1.19084e+01    2.23003e+00    3.02709e+01
     Coulomb-14        LJ (SR)   Coulomb (SR)   Coul. recip.      Potential
   -1.98460e+03    1.21224e+03   -9.15797e+03    2.41222e+01   -9.80253e+03
    Kinetic En.   Total Energy  Conserved En.    Temperature Pressure (bar)
    1.59761e+03   -8.20492e+03   -1.93826e+03    3.06701e+02   -1.62187e+03
   Constr. rmsd
    0.00000e+00

           Step           Time
        1470000     1470.00000

   Energies (kJ/mol)
        G96Bond       G96Angle    Proper Dih.  Improper Dih.          LJ-14
    1.55144e+01    5.78874e+01    1.98108e+01    2.35105e+00    2.96690e+01
     Coulomb-14        LJ (SR)   Coulomb (SR)   Coul. recip.      Potential
   -1.98237e+03    1.19122e+03   -9.09750e+03    2.81742e+01   -9.73525e+03
    Kinetic En.   Total Energy  Conserved En.    Temperature Pressure (bar)
    1.55115e+03   -8.18409e+03   -1.91220e+03    2.97782e+02   -1.07577e+03
   Constr. rmsd
    0.00000e+00

           Step           Time
        1475000     1475.00000

   Energies (kJ/mol)
        G96Bond       G96Angle    Proper Dih.  Improper Dih.          LJ-14
    1.59356e+01    5.59199e+01    1.27980e+01    1.23212e+00    4.19639e+01
     Coulomb-14        LJ (SR)   Coulomb (SR)   Coul. recip.      Potential
   -1.99490e+03    1.30816e+03   -9.36616e+03    2.29803e+01   -9.90207e+03
    Kinetic En.   Total Energy  Conserved En.    Temperature Pressure (bar)
    1.52939e+03   -8.37268e+03   -1.91232e+03    2.93604e+02   -6.52702e+02
   Constr. rmsd
    0.00000e+00

           Step           Time
        1480000     1480.00000

   Energies (kJ/mol)
        G96Bond       G96Angle    Proper Dih.  Improper Dih.          LJ-14
    1.69489e+01    5.17708e+01    1.04251e+01    9.21084e+00    3.60948e+01
     Coulomb-14        LJ (SR)   Coulomb (SR)   Coul. recip.      Potential
   -2.00453e+03    1.32493e+03   -9.32744e+03    2.92772e+01   -9.85331e+03
    Kinetic En.   Total Energy  Conserved En.    Temperature Pressure (bar)
    1.50458e+03   -8.34873e+03   -1.91218e+03    2.88841e+02   -4.73302e+02
   Constr. rmsd
    0.00000e+00

           Step           Time
        1485000     1485.00000

   Energies (kJ/mol)
        G96Bond       G96Angle    Proper Dih.  Improper Dih.          LJ-14
    1.63068e+01    4.34201e+01    1.79319e+01    8.58741e+00    3.54879e+01
     Coulomb-14        LJ (SR)   Coulomb (SR)   Coul. recip.      Potential
   -2.00364e+03    1.37129e+03   -9.38101e+03    3.04658e+01   -9.86116e+03
    Kinetic En.   Total Energy  Conserved En.    Temperature Pressure (bar)
    1.45951e+03   -8.40164e+03   -1.88631e+03    2.80190e+02    2.60895e+02
   Constr. rmsd
    0.00000e+00

           Step           Time
        1490000     1490.00000

   Energies (kJ/mol)
        G96Bond       G96Angle    Proper Dih.  Improper Dih.          LJ-14
    1.34368e+01    4.29771e+01    7.37304e+00    1.97458e+00    3.34449e+01
     Coulomb-14        LJ (SR)   Coulomb (SR)   Coul. recip.      Potential
   -1.98181e+03    1.19491e+03   -9.33629e+03    2.51559e+01   -9.99882e+03
    Kinetic En.   Total Energy  Conserved En.    Temperature Pressure (bar)
    1.54069e+03   -8.45813e+03   -1.83962e+03    2.95775e+02   -2.13895e+03
   Constr. rmsd
    0.00000e+00

           Step           Time
        1495000     1495.00000

   Energies (kJ/mol)
        G96Bond       G96Angle    Proper Dih.  Improper Dih.          LJ-14
    1.87031e+01    4.62543e+01    9.54178e+00    7.00710e+00    3.64046e+01
     Coulomb-14        LJ (SR)   Coulomb (SR)   Coul. recip.      Potential
   -1.99360e+03    1.35606e+03   -9.26725e+03    2.38479e+01   -9.76303e+03
    Kinetic En.   Total Energy  Conserved En.    Temperature Pressure (bar)
    1.62223e+03   -8.14080e+03   -1.83298e+03    3.11427e+02    5.89250e+01
   Constr. rmsd
    0.00000e+00

           Step           Time
        1500000     1500.00000

   Energies (kJ/mol)
        G96Bond       G96Angle    Proper Dih.  Improper Dih.          LJ-14
    3.77183e+01    2.87616e+01    1.17184e+01    1.94421e+00    3.21323e+01
     Coulomb-14        LJ (SR)   Coulomb (SR)   Coul. recip.      Potential
   -1.98382e+03    1.28369e+03   -9.26024e+03    2.11944e+01   -9.82690e+03
    Kinetic En.   Total Energy  Conserved En.    Temperature Pressure (bar)
    1.62313e+03   -8.20377e+03   -1.83316e+03    3.11600e+02   -1.07942e+03
   Constr. rmsd
    0.00000e+00

           Step           Time
        1505000     1505.00000

   Energies (kJ/mol)
        G96Bond       G96Angle    Proper Dih.  Improper Dih.          LJ-14
    7.90355e+00    4.28432e+01    5.81061e+00    3.10761e+00    3.25729e+01
     Coulomb-14        LJ (SR)   Coulomb (SR)   Coul. recip.      Potential
   -1.98315e+03    1.27683e+03   -9.28739e+03    2.31234e+01   -9.87834e+03
    Kinetic En.   Total Energy  Conserved En.    Temperature Pressure (bar)
    1.54997e+03   -8.32837e+03   -1.81949e+03    2.97555e+02   -1.72911e+03
   Constr. rmsd
    0.00000e+00

           Step           Time
        1510000     1510.00000

   Energies (kJ/mol)
        G96Bond       G96Angle    Proper Dih.  Improper Dih.          LJ-14
    4.01178e+01    3.54397e+01    6.48245e+00    5.45674e+00    2.94459e+01
     Coulomb-14        LJ (SR)   Coulomb (SR)   Coul. recip.      Potential
   -1.97885e+03    1.35982e+03   -9.15407e+03    3.37093e+01   -9.62245e+03
    Kinetic En.   Total Energy  Conserved En.    Temperature Pressure (bar)
    1.61520e+03   -8.00725e+03   -1.81359e+03    3.10079e+02    4.85564e+02
   Constr. rmsd
    0.00000e+00

           Step           Time
        1515000     1515.00000

   Energies (kJ/mol)
        G96Bond       G96Angle    Proper Dih.  Improper Dih.          LJ-14
    1.13309e+01    3.96354e+01    9.43809e+00    1.48921e+01    3.17203e+01
     Coulomb-14        LJ (SR)   Coulomb (SR)   Coul. recip.      Potential
   -1.98814e+03    1.27072e+03   -9.10473e+03    3.11953e+01   -9.68394e+03
    Kinetic En.   Total Energy  Conserved En.    Temperature Pressure (bar)
    1.57553e+03   -8.10841e+03   -1.82776e+03    3.02462e+02   -1.12256e+03
   Constr. rmsd
    0.00000e+00

           Step           Time
        1520000     1520.00000

   Energies (kJ/mol)
        G96Bond       G96Angle    Proper Dih.  Improper Dih.          LJ-14
    9.30112e+00    3.57611e+01    9.13378e+00    8.97084e+00    2.73767e+01
     Coulomb-14        LJ (SR)   Coulomb (SR)   Coul. recip.      Potential
   -1.97701e+03    1.24381e+03   -9.35490e+03    3.24198e+01   -9.96514e+03
    Kinetic En.   Total Energy  Conserved En.    Temperature Pressure (bar)
    1.51753e+03   -8.44761e+03   -1.78921e+03    2.91328e+02   -2.22500e+03
   Constr. rmsd
    0.00000e+00

           Step           Time
        1525000     1525.00000

   Energies (kJ/mol)
        G96Bond       G96Angle    Proper Dih.  Improper Dih.          LJ-14
    2.45316e+01    3.04796e+01    2.21246e+01    9.19058e+00    2.36139e+01
     Coulomb-14        LJ (SR)   Coulomb (SR)   Coul. recip.      Potential
   -1.97366e+03    1.24124e+03   -9.18680e+03    3.25906e+01   -9.77668e+03
    Kinetic En.   Total Energy  Conserved En.    Temperature Pressure (bar)
    1.66050e+03   -8.11619e+03   -1.76279e+03    3.18774e+02   -1.21638e+03
   Constr. rmsd
    0.00000e+00

           Step           Time
        1530000     1530.00000

   Energies (kJ/mol)
        G96Bond       G96Angle    Proper Dih.  Improper Dih.          LJ-14
    2.14029e+01    4.23582e+01    2.44388e+01    1.70371e+00    3.17514e+01
     Coulomb-14        LJ (SR)   Coulomb (SR)   Coul. recip.      Potential
   -1.99095e+03    1.25923e+03   -9.23980e+03    2.91781e+01   -9.82069e+03
    Kinetic En.   Total Energy  Conserved En.    Temperature Pressure (bar)
    1.55013e+03   -8.27055e+03   -1.72405e+03    2.97587e+02   -8.17021e+01
   Constr. rmsd
    0.00000e+00

           Step           Time
        1535000     1535.00000

   Energies (kJ/mol)
        G96Bond       G96Angle    Proper Dih.  Improper Dih.          LJ-14
    2.77639e+01    2.87370e+01    8.20177e+00    1.34027e+01    2.51592e+01
     Coulomb-14        LJ (SR)   Coulomb (SR)   Coul. recip.      Potential
   -1.97771e+03    1.46849e+03   -9.40972e+03    2.71481e+01   -9.78853e+03
    Kinetic En.   Total Energy  Conserved En.    Temperature Pressure (bar)
    1.56621e+03   -8.22232e+03   -1.68513e+03    3.00674e+02    1.14751e+03
   Constr. rmsd
    0.00000e+00

           Step           Time
        1540000     1540.00000

   Energies (kJ/mol)
        G96Bond       G96Angle    Proper Dih.  Improper Dih.          LJ-14
    8.84621e+00    5.50281e+01    1.14100e+01    7.94300e+00    2.30399e+01
     Coulomb-14        LJ (SR)   Coulomb (SR)   Coul. recip.      Potential
   -1.96719e+03    1.09540e+03   -9.01068e+03    2.33991e+01   -9.75281e+03
    Kinetic En.   Total Energy  Conserved En.    Temperature Pressure (bar)
    1.47284e+03   -8.27996e+03   -1.68307e+03    2.82749e+02   -2.69569e+03
   Constr. rmsd
    0.00000e+00

           Step           Time
        1545000     1545.00000

   Energies (kJ/mol)
        G96Bond       G96Angle    Proper Dih.  Improper Dih.          LJ-14
    2.28559e+01    4.84087e+01    1.78297e+01    2.16139e+00    4.19770e+01
     Coulomb-14        LJ (SR)   Coulomb (SR)   Coul. recip.      Potential
   -1.99064e+03    1.38049e+03   -9.35773e+03    3.08118e+01   -9.80383e+03
    Kinetic En.   Total Energy  Conserved En.    Temperature Pressure (bar)
    1.56677e+03   -8.23706e+03   -1.68868e+03    3.00781e+02   -6.09661e+02
   Constr. rmsd
    0.00000e+00

           Step           Time
        1550000     1550.00000

   Energies (kJ/mol)
        G96Bond       G96Angle    Proper Dih.  Improper Dih.          LJ-14
    2.35477e+01    4.28678e+01    6.84641e+00    1.32133e+01    3.43162e+01
     Coulomb-14        LJ (SR)   Coulomb (SR)   Coul. recip.      Potential
   -1.98690e+03    1.31377e+03   -9.48902e+03    2.46030e+01   -1.00168e+04
    Kinetic En.   Total Energy  Conserved En.    Temperature Pressure (bar)
    1.63989e+03   -8.37687e+03   -1.64053e+03    3.14817e+02   -7.32853e+02
   Constr. rmsd
    0.00000e+00

           Step           Time
        1555000     1555.00000

   Energies (kJ/mol)
        G96Bond       G96Angle    Proper Dih.  Improper Dih.          LJ-14
    1.19118e+01    3.53109e+01    1.06830e+01    1.30688e+01    3.61348e+01
     Coulomb-14        LJ (SR)   Coulomb (SR)   Coul. recip.      Potential
   -1.99118e+03    1.25128e+03   -9.35550e+03    2.32856e+01   -9.96500e+03
    Kinetic En.   Total Energy  Conserved En.    Temperature Pressure (bar)
    1.45769e+03   -8.50731e+03   -1.62602e+03    2.79841e+02   -1.47556e+03
   Constr. rmsd
    0.00000e+00

           Step           Time
        1560000     1560.00000

   Energies (kJ/mol)
        G96Bond       G96Angle    Proper Dih.  Improper Dih.          LJ-14
    1.43195e+01    3.86228e+01    1.03876e+01    1.49273e+01    3.21143e+01
     Coulomb-14        LJ (SR)   Coulomb (SR)   Coul. recip.      Potential
   -1.98582e+03    1.34946e+03   -9.44323e+03    2.84923e+01   -9.94073e+03
    Kinetic En.   Total Energy  Conserved En.    Temperature Pressure (bar)
    1.60989e+03   -8.33083e+03   -1.59511e+03    3.09059e+02   -6.84696e+02
   Constr. rmsd
    0.00000e+00

           Step           Time
        1565000     1565.00000

   Energies (kJ/mol)
        G96Bond       G96Angle    Proper Dih.  Improper Dih.          LJ-14
    1.87686e+01    3.31994e+01    5.85441e+00    1.10770e+01    3.59935e+01
     Coulomb-14        LJ (SR)   Coulomb (SR)   Coul. recip.      Potential
   -1.99089e+03    1.43074e+03   -9.40083e+03    3.34694e+01   -9.82262e+03
    Kinetic En.   Total Energy  Conserved En.    Temperature Pressure (bar)
    1.51825e+03   -8.30437e+03   -1.59939e+03    2.91465e+02    7.04231e+02
   Constr. rmsd
    0.00000e+00

           Step           Time
        1570000     1570.00000

   Energies (kJ/mol)
        G96Bond       G96Angle    Proper Dih.  Improper Dih.          LJ-14
    1.68792e+01    2.69665e+01    1.21148e+01    1.28645e+00    3.54848e+01
     Coulomb-14        LJ (SR)   Coulomb (SR)   Coul. recip.      Potential
   -1.99868e+03    1.39858e+03   -9.45334e+03    3.51768e+01   -9.92553e+03
    Kinetic En.   Total Energy  Conserved En.    Temperature Pressure (bar)
    1.55091e+03   -8.37462e+03   -1.58495e+03    2.97736e+02    2.24707e+02
   Constr. rmsd
    0.00000e+00

           Step           Time
        1575000     1575.00000

   Energies (kJ/mol)
        G96Bond       G96Angle    Proper Dih.  Improper Dih.          LJ-14
    6.10734e+00    4.72311e+01    7.53466e+00    7.82922e+00    3.19057e+01
     Coulomb-14        LJ (SR)   Coulomb (SR)   Coul. recip.      Potential
   -1.99247e+03    1.26324e+03   -9.27441e+03    2.04260e+01   -9.88261e+03
    Kinetic En.   Total Energy  Conserved En.    Temperature Pressure (bar)
    1.42353e+03   -8.45908e+03   -1.58362e+03    2.73281e+02   -1.52650e+03
   Constr. rmsd
    0.00000e+00

           Step           Time
        1580000     1580.00000

   Energies (kJ/mol)
        G96Bond       G96Angle    Proper Dih.  Improper Dih.          LJ-14
    1.71027e+01    3.93881e+01    6.82486e+00    1.34750e+01    2.98641e+01
     Coulomb-14        LJ (SR)   Coulomb (SR)   Coul. recip.      Potential
   -1.97180e+03    1.46328e+03   -9.47267e+03    2.09596e+01   -9.85358e+03
    Kinetic En.   Total Energy  Conserved En.    Temperature Pressure (bar)
    1.55869e+03   -8.29489e+03   -1.55896e+03    2.99229e+02   -5.70718e+02
   Constr. rmsd
    0.00000e+00

           Step           Time
        1585000     1585.00000

   Energies (kJ/mol)
        G96Bond       G96Angle    Proper Dih.  Improper Dih.          LJ-14
    2.27493e+01    3.78413e+01    1.41487e+01    1.46447e+01    3.57107e+01
     Coulomb-14        LJ (SR)   Coulomb (SR)   Coul. recip.      Potential
   -1.98957e+03    1.24738e+03   -9.30323e+03    2.14566e+01   -9.89887e+03
    Kinetic En.   Total Energy  Conserved En.    Temperature Pressure (bar)
    1.67931e+03   -8.21956e+03   -1.54603e+03    3.22385e+02   -1.64468e+03
   Constr. rmsd
    0.00000e+00

           Step           Time
        1590000     1590.00000

   Energies (kJ/mol)
        G96Bond       G96Angle    Proper Dih.  Improper Dih.          LJ-14
    2.62167e+01    3.57687e+01    1.02903e+01    1.00803e+01    3.66054e+01
     Coulomb-14        LJ (SR)   Coulomb (SR)   Coul. recip.      Potential
   -1.99370e+03    1.52080e+03   -9.67084e+03    1.84039e+01   -1.00064e+04
    Kinetic En.   Total Energy  Conserved En.    Temperature Pressure (bar)
    1.52651e+03   -8.47987e+03   -1.46729e+03    2.93052e+02    2.90415e+03
   Constr. rmsd
    0.00000e+00

           Step           Time
        1595000     1595.00000

   Energies (kJ/mol)
        G96Bond       G96Angle    Proper Dih.  Improper Dih.          LJ-14
    1.69057e+01    2.29646e+01    8.69248e+00    3.20689e+00    2.44185e+01
     Coulomb-14        LJ (SR)   Coulomb (SR)   Coul. recip.      Potential
   -1.97556e+03    1.42602e+03   -9.59207e+03    2.62679e+01   -1.00392e+04
    Kinetic En.   Total Energy  Conserved En.    Temperature Pressure (bar)
    1.55041e+03   -8.48875e+03   -1.50391e+03    2.97640e+02   -4.97614e+02
   Constr. rmsd
    0.00000e+00

           Step           Time
        1600000     1600.00000

   Energies (kJ/mol)
        G96Bond       G96Angle    Proper Dih.  Improper Dih.          LJ-14
    1.31412e+01    4.59449e+01    6.54626e+00    6.25682e+00    4.62100e+01
     Coulomb-14        LJ (SR)   Coulomb (SR)   Coul. recip.      Potential
   -2.00370e+03    1.34647e+03   -9.31302e+03    2.46397e+01   -9.82751e+03
    Kinetic En.   Total Energy  Conserved En.    Temperature Pressure (bar)
    1.59585e+03   -8.23166e+03   -1.49575e+03    3.06363e+02   -2.20831e+02
   Constr. rmsd
    0.00000e+00

           Step           Time
        1605000     1605.00000

   Energies (kJ/mol)
        G96Bond       G96Angle    Proper Dih.  Improper Dih.          LJ-14
    2.96102e+01    2.95134e+01    6.05600e+00    3.11525e+00    3.49774e+01
     Coulomb-14        LJ (SR)   Coulomb (SR)   Coul. recip.      Potential
   -1.98897e+03    1.28984e+03   -9.33318e+03    3.17916e+01   -9.89725e+03
    Kinetic En.   Total Energy  Conserved En.    Temperature Pressure (bar)
    1.57152e+03   -8.32573e+03   -1.48687e+03    3.01692e+02   -9.25671e+02
   Constr. rmsd
    0.00000e+00

           Step           Time
        1610000     1610.00000

   Energies (kJ/mol)
        G96Bond       G96Angle    Proper Dih.  Improper Dih.          LJ-14
    1.02436e+01    4.55857e+01    8.49861e+00    9.02604e+00    3.69064e+01
     Coulomb-14        LJ (SR)   Coulomb (SR)   Coul. recip.      Potential
   -2.00167e+03    1.30478e+03   -9.17331e+03    2.98863e+01   -9.73005e+03
    Kinetic En.   Total Energy  Conserved En.    Temperature Pressure (bar)
    1.60363e+03   -8.12641e+03   -1.49429e+03    3.07858e+02   -8.19589e+02
   Constr. rmsd
    0.00000e+00

           Step           Time
        1615000     1615.00000

   Energies (kJ/mol)
        G96Bond       G96Angle    Proper Dih.  Improper Dih.          LJ-14
    2.12867e+01    5.95385e+01    1.14620e+01    1.09184e+01    4.69268e+01
     Coulomb-14        LJ (SR)   Coulomb (SR)   Coul. recip.      Potential
   -1.99941e+03    1.42776e+03   -9.20283e+03    3.33679e+01   -9.59099e+03
    Kinetic En.   Total Energy  Conserved En.    Temperature Pressure (bar)
    1.58789e+03   -8.00309e+03   -1.43127e+03    3.04836e+02    1.17666e+03
   Constr. rmsd
    0.00000e+00

           Step           Time
        1620000     1620.00000

   Energies (kJ/mol)
        G96Bond       G96Angle    Proper Dih.  Improper Dih.          LJ-14
    2.40194e+01    5.26963e+01    5.82438e+00    2.74354e+00    2.51285e+01
     Coulomb-14        LJ (SR)   Coulomb (SR)   Coul. recip.      Potential
   -1.98214e+03    1.13941e+03   -9.07057e+03    2.40375e+01   -9.77885e+03
    Kinetic En.   Total Energy  Conserved En.    Temperature Pressure (bar)
    1.52486e+03   -8.25399e+03   -1.40858e+03    2.92735e+02   -1.85679e+03
   Constr. rmsd
    0.00000e+00

           Step           Time
        1625000     1625.00000

   Energies (kJ/mol)
        G96Bond       G96Angle    Proper Dih.  Improper Dih.          LJ-14
    2.05102e+01    5.43130e+01    5.90940e+00    9.90873e+00    2.98617e+01
     Coulomb-14        LJ (SR)   Coulomb (SR)   Coul. recip.      Potential
   -1.97460e+03    1.35273e+03   -9.48269e+03    3.07848e+01   -9.95328e+03
    Kinetic En.   Total Energy  Conserved En.    Temperature Pressure (bar)
    1.49021e+03   -8.46307e+03   -1.40894e+03    2.86082e+02   -5.40778e+02
   Constr. rmsd
    0.00000e+00

           Step           Time
        1630000     1630.00000

   Energies (kJ/mol)
        G96Bond       G96Angle    Proper Dih.  Improper Dih.          LJ-14
    1.51872e+01    5.67621e+01    1.31931e+01    6.64465e+00    3.98527e+01
     Coulomb-14        LJ (SR)   Coulomb (SR)   Coul. recip.      Potential
   -2.00284e+03    1.35962e+03   -9.47545e+03    2.23347e+01   -9.96469e+03
    Kinetic En.   Total Energy  Conserved En.    Temperature Pressure (bar)
    1.50787e+03   -8.45682e+03   -1.40576e+03    2.89473e+02   -8.22171e+02
   Constr. rmsd
    0.00000e+00

           Step           Time
        1635000     1635.00000

   Energies (kJ/mol)
        G96Bond       G96Angle    Proper Dih.  Improper Dih.          LJ-14
    1.67598e+01    4.75185e+01    2.18254e+01    7.48547e+00    3.11112e+01
     Coulomb-14        LJ (SR)   Coulomb (SR)   Coul. recip.      Potential
   -1.98451e+03    1.29974e+03   -9.27621e+03    3.16213e+01   -9.80467e+03
    Kinetic En.   Total Energy  Conserved En.    Temperature Pressure (bar)
    1.53915e+03   -8.26552e+03   -1.38712e+03    2.95478e+02   -5.78601e+02
   Constr. rmsd
    0.00000e+00

           Step           Time
        1640000     1640.00000

   Energies (kJ/mol)
        G96Bond       G96Angle    Proper Dih.  Improper Dih.          LJ-14
    1.47207e+01    3.92438e+01    8.87968e+00    1.53894e+01    3.24748e+01
     Coulomb-14        LJ (SR)   Coulomb (SR)   Coul. recip.      Potential
   -1.98553e+03    1.34779e+03   -9.29328e+03    2.37457e+01   -9.79657e+03
    Kinetic En.   Total Energy  Conserved En.    Temperature Pressure (bar)
    1.68646e+03   -8.11011e+03   -1.37551e+03    3.23758e+02   -4.36915e+02
   Constr. rmsd
    0.00000e+00

           Step           Time
        1645000     1645.00000

   Energies (kJ/mol)
        G96Bond       G96Angle    Proper Dih.  Improper Dih.          LJ-14
    6.26828e+00    5.99435e+01    4.73010e+00    1.66722e+01    3.60734e+01
     Coulomb-14        LJ (SR)   Coulomb (SR)   Coul. recip.      Potential
   -1.99622e+03    1.28160e+03   -9.29308e+03    2.49589e+01   -9.85905e+03
    Kinetic En.   Total Energy  Conserved En.    Temperature Pressure (bar)
    1.71506e+03   -8.14399e+03   -1.36316e+03    3.29249e+02   -9.23673e+02
   Constr. rmsd
    0.00000e+00

           Step           Time
        1650000     1650.00000

   Energies (kJ/mol)
        G96Bond       G96Angle    Proper Dih.  Improper Dih.          LJ-14
    1.10208e+01    3.55981e+01    1.48333e+01    4.96261e+00    2.66213e+01
     Coulomb-14        LJ (SR)   Coulomb (SR)   Coul. recip.      Potential
   -1.97810e+03    1.34340e+03   -9.16979e+03    3.15843e+01   -9.67987e+03
    Kinetic En.   Total Energy  Conserved En.    Temperature Pressure (bar)
    1.45738e+03   -8.22249e+03   -1.36733e+03    2.79781e+02   -7.58835e+02
   Constr. rmsd
    0.00000e+00

           Step           Time
        1655000     1655.00000

   Energies (kJ/mol)
        G96Bond       G96Angle    Proper Dih.  Improper Dih.          LJ-14
    1.04527e+01    5.73772e+01    8.27861e+00    1.79734e+00    2.64301e+01
     Coulomb-14        LJ (SR)   Coulomb (SR)   Coul. recip.      Potential
   -1.97232e+03    1.32226e+03   -9.38952e+03    2.09486e+01   -9.91429e+03
    Kinetic En.   Total Energy  Conserved En.    Temperature Pressure (bar)
    1.57884e+03   -8.33546e+03   -1.31974e+03    3.03097e+02   -1.39601e+03
   Constr. rmsd
    0.00000e+00

           Step           Time
        1660000     1660.00000

   Energies (kJ/mol)
        G96Bond       G96Angle    Proper Dih.  Improper Dih.          LJ-14
    1.88015e+01    3.91307e+01    1.38501e+01    3.92445e-01    4.42252e+01
     Coulomb-14        LJ (SR)   Coulomb (SR)   Coul. recip.      Potential
   -2.01495e+03    1.27769e+03   -9.18521e+03    1.87379e+01   -9.78733e+03
    Kinetic En.   Total Energy  Conserved En.    Temperature Pressure (bar)
    1.60272e+03   -8.18461e+03   -1.32107e+03    3.07682e+02   -1.81267e+02
   Constr. rmsd
    0.00000e+00

           Step           Time
        1665000     1665.00000

   Energies (kJ/mol)
        G96Bond       G96Angle    Proper Dih.  Improper Dih.          LJ-14
    2.24713e+01    2.20538e+01    5.26508e+00    1.60420e+00    3.37713e+01
     Coulomb-14        LJ (SR)   Coulomb (SR)   Coul. recip.      Potential
   -1.99065e+03    1.35819e+03   -9.35530e+03    3.20233e+01   -9.87057e+03
    Kinetic En.   Total Energy  Conserved En.    Temperature Pressure (bar)
    1.61239e+03   -8.25818e+03   -1.27647e+03    3.09539e+02    1.81906e+02
   Constr. rmsd
    0.00000e+00

           Step           Time
        1670000     1670.00000

   Energies (kJ/mol)
        G96Bond       G96Angle    Proper Dih.  Improper Dih.          LJ-14
    2.95764e+01    4.24879e+01    1.87421e+00    1.00770e+01    4.33578e+01
     Coulomb-14        LJ (SR)   Coulomb (SR)   Coul. recip.      Potential
   -2.00994e+03    1.44617e+03   -9.36242e+03    2.56435e+01   -9.77318e+03
    Kinetic En.   Total Energy  Conserved En.    Temperature Pressure (bar)
    1.59481e+03   -8.17837e+03   -1.22930e+03    3.06163e+02    1.37979e+03
   Constr. rmsd
    0.00000e+00

           Step           Time
        1675000     1675.00000

   Energies (kJ/mol)
        G96Bond       G96Angle    Proper Dih.  Improper Dih.          LJ-14
    1.99994e+01    4.58083e+01    1.14249e+01    9.39919e+00    3.50065e+01
     Coulomb-14        LJ (SR)   Coulomb (SR)   Coul. recip.      Potential
   -1.99596e+03    1.32875e+03   -9.36820e+03    2.84364e+01   -9.88533e+03
    Kinetic En.   Total Energy  Conserved En.    Temperature Pressure (bar)
    1.47826e+03   -8.40707e+03   -1.22705e+03    2.83789e+02    1.81858e+02
   Constr. rmsd
    0.00000e+00

           Step           Time
        1680000     1680.00000

   Energies (kJ/mol)
        G96Bond       G96Angle    Proper Dih.  Improper Dih.          LJ-14
    3.07274e+01    4.53186e+01    9.17108e+00    3.76468e+00    4.38075e+01
     Coulomb-14        LJ (SR)   Coulomb (SR)   Coul. recip.      Potential
   -2.00149e+03    1.32185e+03   -9.32503e+03    2.40950e+01   -9.84779e+03
    Kinetic En.   Total Energy  Conserved En.    Temperature Pressure (bar)
    1.51524e+03   -8.33254e+03   -1.21327e+03    2.90889e+02    6.18764e+02
   Constr. rmsd
    0.00000e+00

           Step           Time
        1685000     1685.00000

   Energies (kJ/mol)
        G96Bond       G96Angle    Proper Dih.  Improper Dih.          LJ-14
    1.74351e+01    4.23557e+01    6.00133e+00    4.91427e+00    3.03255e+01
     Coulomb-14        LJ (SR)   Coulomb (SR)   Coul. recip.      Potential
   -1.97966e+03    1.30274e+03   -9.34884e+03    2.13027e+01   -9.90342e+03
    Kinetic En.   Total Energy  Conserved En.    Temperature Pressure (bar)
    1.59648e+03   -8.30694e+03   -1.14782e+03    3.06484e+02   -3.45690e+01
   Constr. rmsd
    0.00000e+00

           Step           Time
        1690000     1690.00000

   Energies (kJ/mol)
        G96Bond       G96Angle    Proper Dih.  Improper Dih.          LJ-14
    3.03094e+01    2.25842e+01    6.10315e+00    8.86288e+00    3.21498e+01
     Coulomb-14        LJ (SR)   Coulomb (SR)   Coul. recip.      Potential
   -1.98348e+03    1.30615e+03   -9.34091e+03    2.27776e+01   -9.89545e+03
    Kinetic En.   Total Energy  Conserved En.    Temperature Pressure (bar)
    1.53616e+03   -8.35929e+03   -1.16725e+03    2.94905e+02   -9.10636e+00
   Constr. rmsd
    0.00000e+00

           Step           Time
        1695000     1695.00000

   Energies (kJ/mol)
        G96Bond       G96Angle    Proper Dih.  Improper Dih.          LJ-14
    2.20632e+01    3.34343e+01    1.47114e+01    2.88960e+00    3.50418e+01
     Coulomb-14        LJ (SR)   Coulomb (SR)   Coul. recip.      Potential
   -1.99169e+03    1.50778e+03   -9.71700e+03    2.10233e+01   -1.00717e+04
    Kinetic En.   Total Energy  Conserved En.    Temperature Pressure (bar)
    1.59460e+03   -8.47714e+03   -1.13464e+03    3.06123e+02    1.47100e+03
   Constr. rmsd
    0.00000e+00

           Step           Time
        1700000     1700.00000

   Energies (kJ/mol)
        G96Bond       G96Angle    Proper Dih.  Improper Dih.          LJ-14
    2.23631e+01    6.08369e+01    8.02530e+00    9.39214e+00    3.21277e+01
     Coulomb-14        LJ (SR)   Coulomb (SR)   Coul. recip.      Potential
   -1.99913e+03    1.29045e+03   -9.35544e+03    2.39898e+01   -9.90738e+03
    Kinetic En.   Total Energy  Conserved En.    Temperature Pressure (bar)
    1.53508e+03   -8.37231e+03   -1.11704e+03    2.94696e+02    6.89544e+01
   Constr. rmsd
    0.00000e+00

           Step           Time
        1705000     1705.00000

   Energies (kJ/mol)
        G96Bond       G96Angle    Proper Dih.  Improper Dih.          LJ-14
    2.13217e+01    3.23806e+01    7.75308e+00    2.25876e+01    4.00204e+01
     Coulomb-14        LJ (SR)   Coulomb (SR)   Coul. recip.      Potential
   -2.01478e+03    1.52406e+03   -9.57588e+03    3.43154e+01   -9.90823e+03
    Kinetic En.   Total Energy  Conserved En.    Temperature Pressure (bar)
    1.54915e+03   -8.35908e+03   -1.09842e+03    2.97398e+02    2.41283e+03
   Constr. rmsd
    0.00000e+00

           Step           Time
        1710000     1710.00000

   Energies (kJ/mol)
        G96Bond       G96Angle    Proper Dih.  Improper Dih.          LJ-14
    2.16145e+01    5.34154e+01    9.41318e+00    6.42079e+00    2.76622e+01
     Coulomb-14        LJ (SR)   Coulomb (SR)   Coul. recip.      Potential
   -1.98468e+03    1.23034e+03   -9.15557e+03    2.61269e+01   -9.76525e+03
    Kinetic En.   Total Energy  Conserved En.    Temperature Pressure (bar)
    1.52014e+03   -8.24511e+03   -1.09200e+03    2.91829e+02   -2.21134e+00
   Constr. rmsd
    0.00000e+00

           Step           Time
        1715000     1715.00000

   Energies (kJ/mol)
        G96Bond       G96Angle    Proper Dih.  Improper Dih.          LJ-14
    1.48907e+01    6.88375e+01    8.80431e+00    2.15781e+00    4.51365e+01
     Coulomb-14        LJ (SR)   Coulomb (SR)   Coul. recip.      Potential
   -2.01134e+03    1.38142e+03   -9.45880e+03    3.12776e+01   -9.91761e+03
    Kinetic En.   Total Energy  Conserved En.    Temperature Pressure (bar)
    1.68908e+03   -8.22853e+03   -1.08862e+03    3.24261e+02    1.36708e+02
   Constr. rmsd
    0.00000e+00

           Step           Time
        1720000     1720.00000

   Energies (kJ/mol)
        G96Bond       G96Angle    Proper Dih.  Improper Dih.          LJ-14
    2.79370e+01    5.56244e+01    1.18279e+01    4.76854e+00    3.59960e+01
     Coulomb-14        LJ (SR)   Coulomb (SR)   Coul. recip.      Potential
   -2.00791e+03    1.50563e+03   -9.77351e+03    2.38404e+01   -1.01158e+04
    Kinetic En.   Total Energy  Conserved En.    Temperature Pressure (bar)
    1.50917e+03   -8.60663e+03   -1.06922e+03    2.89723e+02    8.81867e+02
   Constr. rmsd
    0.00000e+00

           Step           Time
        1725000     1725.00000

   Energies (kJ/mol)
        G96Bond       G96Angle    Proper Dih.  Improper Dih.          LJ-14
    1.37631e+01    4.31582e+01    1.03433e+01    1.17628e+01    3.02517e+01
     Coulomb-14        LJ (SR)   Coulomb (SR)   Coul. recip.      Potential
   -1.98583e+03    1.43379e+03   -9.48300e+03    2.37221e+01   -9.90204e+03
    Kinetic En.   Total Energy  Conserved En.    Temperature Pressure (bar)
    1.68414e+03   -8.21790e+03   -1.04349e+03    3.23312e+02    1.25223e+03
   Constr. rmsd
    0.00000e+00

           Step           Time
        1730000     1730.00000

   Energies (kJ/mol)
        G96Bond       G96Angle    Proper Dih.  Improper Dih.          LJ-14
    2.01520e+01    4.10663e+01    1.70471e+01    5.94123e+00    2.63200e+01
     Coulomb-14        LJ (SR)   Coulomb (SR)   Coul. recip.      Potential
   -1.98436e+03    1.37648e+03   -9.30291e+03    3.01032e+01   -9.77017e+03
    Kinetic En.   Total Energy  Conserved En.    Temperature Pressure (bar)
    1.52360e+03   -8.24657e+03   -1.05825e+03    2.92492e+02    4.13033e+01
   Constr. rmsd
    0.00000e+00

           Step           Time
        1735000     1735.00000

   Energies (kJ/mol)
        G96Bond       G96Angle    Proper Dih.  Improper Dih.          LJ-14
    1.52692e+01    4.32983e+01    4.69536e+00    8.79952e-01    3.37216e+01
     Coulomb-14        LJ (SR)   Coulomb (SR)   Coul. recip.      Potential
   -1.98706e+03    1.14731e+03   -9.01097e+03    3.03485e+01   -9.72251e+03
    Kinetic En.   Total Energy  Conserved En.    Temperature Pressure (bar)
    1.56878e+03   -8.15373e+03   -1.02834e+03    3.01166e+02   -1.31021e+03
   Constr. rmsd
    0.00000e+00

           Step           Time
        1740000     1740.00000

   Energies (kJ/mol)
        G96Bond       G96Angle    Proper Dih.  Improper Dih.          LJ-14
    1.81454e+01    4.11635e+01    9.40339e+00    1.08469e+01    3.22031e+01
     Coulomb-14        LJ (SR)   Coulomb (SR)   Coul. recip.      Potential
   -1.98618e+03    1.32850e+03   -9.28854e+03    2.32490e+01   -9.81122e+03
    Kinetic En.   Total Energy  Conserved En.    Temperature Pressure (bar)
    1.63435e+03   -8.17687e+03   -9.98396e+02    3.13754e+02    5.26505e+02
   Constr. rmsd
    0.00000e+00

           Step           Time
        1745000     1745.00000

   Energies (kJ/mol)
        G96Bond       G96Angle    Proper Dih.  Improper Dih.          LJ-14
    1.33352e+01    2.49868e+01    8.31582e+00    1.88720e+00    3.26370e+01
     Coulomb-14        LJ (SR)   Coulomb (SR)   Coul. recip.      Potential
   -1.98083e+03    1.26259e+03   -9.34432e+03    2.46139e+01   -9.95678e+03
    Kinetic En.   Total Energy  Conserved En.    Temperature Pressure (bar)
    1.62385e+03   -8.33293e+03   -1.02108e+03    3.11739e+02   -9.31743e+02
   Constr. rmsd
    0.00000e+00

           Step           Time
        1750000     1750.00000

   Energies (kJ/mol)
        G96Bond       G96Angle    Proper Dih.  Improper Dih.          LJ-14
    1.78379e+01    3.26598e+01    4.75528e+00    6.34188e+00    3.03619e+01
     Coulomb-14        LJ (SR)   Coulomb (SR)   Coul. recip.      Potential
   -1.98053e+03    1.47899e+03   -9.34649e+03    2.53684e+01   -9.73071e+03
    Kinetic En.   Total Energy  Conserved En.    Temperature Pressure (bar)
    1.42754e+03   -8.30317e+03   -1.00121e+03    2.74052e+02    1.05276e+03
   Constr. rmsd
    0.00000e+00

           Step           Time
        1755000     1755.00000

   Energies (kJ/mol)
        G96Bond       G96Angle    Proper Dih.  Improper Dih.          LJ-14
    1.59036e+01    3.60924e+01    2.47667e+01    9.32993e+00    2.96396e+01
     Coulomb-14        LJ (SR)   Coulomb (SR)   Coul. recip.      Potential
   -1.98142e+03    1.41823e+03   -9.57560e+03    3.09786e+01   -9.99208e+03
    Kinetic En.   Total Energy  Conserved En.    Temperature Pressure (bar)
    1.53584e+03   -8.45624e+03   -9.32710e+02    2.94843e+02    7.80427e+01
   Constr. rmsd
    0.00000e+00

           Step           Time
        1760000     1760.00000

   Energies (kJ/mol)
        G96Bond       G96Angle    Proper Dih.  Improper Dih.          LJ-14
    2.17643e+01    2.82299e+01    1.05155e+01    9.20458e+00    3.03568e+01
     Coulomb-14        LJ (SR)   Coulomb (SR)   Coul. recip.      Potential
   -1.97968e+03    1.40072e+03   -9.48529e+03    3.70660e+01   -9.92711e+03
    Kinetic En.   Total Energy  Conserved En.    Temperature Pressure (bar)
    1.57352e+03   -8.35359e+03   -9.43136e+02    3.02076e+02   -2.04112e+02
   Constr. rmsd
    0.00000e+00

           Step           Time
        1765000     1765.00000

   Energies (kJ/mol)
        G96Bond       G96Angle    Proper Dih.  Improper Dih.          LJ-14
    2.04178e+01    4.31284e+01    1.83034e+01    4.11461e+00    4.08562e+01
     Coulomb-14        LJ (SR)   Coulomb (SR)   Coul. recip.      Potential
   -2.01179e+03    1.45554e+03   -9.56963e+03    3.01239e+01   -9.96894e+03
    Kinetic En.   Total Energy  Conserved En.    Temperature Pressure (bar)
    1.76176e+03   -8.20718e+03   -9.38002e+02    3.38215e+02    5.22649e+02
   Constr. rmsd
    0.00000e+00

           Step           Time
        1770000     1770.00000

   Energies (kJ/mol)
        G96Bond       G96Angle    Proper Dih.  Improper Dih.          LJ-14
    1.27470e+01    4.20044e+01    8.44740e+00    1.07436e+01    3.37935e+01
     Coulomb-14        LJ (SR)   Coulomb (SR)   Coul. recip.      Potential
   -1.99539e+03    1.37819e+03   -9.33674e+03    2.82111e+01   -9.81800e+03
    Kinetic En.   Total Energy  Conserved En.    Temperature Pressure (bar)
    1.60256e+03   -8.21544e+03   -9.17433e+02    3.07651e+02    2.56178e+02
   Constr. rmsd
    0.00000e+00

           Step           Time
        1775000     1775.00000

   Energies (kJ/mol)
        G96Bond       G96Angle    Proper Dih.  Improper Dih.          LJ-14
    1.82121e+01    4.41317e+01    1.19405e+01    7.42538e+00    2.31367e+01
     Coulomb-14        LJ (SR)   Coulomb (SR)   Coul. recip.      Potential
   -1.96961e+03    1.46677e+03   -9.61639e+03    3.28323e+01   -9.98154e+03
    Kinetic En.   Total Energy  Conserved En.    Temperature Pressure (bar)
    1.57672e+03   -8.40482e+03   -8.62683e+02    3.02692e+02    1.13416e+03
   Constr. rmsd
    0.00000e+00

           Step           Time
        1780000     1780.00000

   Energies (kJ/mol)
        G96Bond       G96Angle    Proper Dih.  Improper Dih.          LJ-14
    2.12968e+01    8.64365e+01    7.01698e+00    1.09123e+01    3.68257e+01
     Coulomb-14        LJ (SR)   Coulomb (SR)   Coul. recip.      Potential
   -2.00346e+03    1.40606e+03   -9.46061e+03    3.48371e+01   -9.86068e+03
    Kinetic En.   Total Energy  Conserved En.    Temperature Pressure (bar)
    1.60452e+03   -8.25616e+03   -8.88574e+02    3.08027e+02   -9.36797e+01
   Constr. rmsd
    0.00000e+00

           Step           Time
        1785000     1785.00000

   Energies (kJ/mol)
        G96Bond       G96Angle    Proper Dih.  Improper Dih.          LJ-14
    2.30419e+01    7.77951e+01    7.81778e+00    6.00818e+00    5.02982e+01
     Coulomb-14        LJ (SR)   Coulomb (SR)   Coul. recip.      Potential
   -2.02989e+03    1.31599e+03   -9.21509e+03    3.29910e+01   -9.73104e+03
    Kinetic En.   Total Energy  Conserved En.    Temperature Pressure (bar)
    1.55523e+03   -8.17581e+03   -8.79859e+02    2.98565e+02   -4.91778e+02
   Constr. rmsd
    0.00000e+00

           Step           Time
        1790000     1790.00000

   Energies (kJ/mol)
        G96Bond       G96Angle    Proper Dih.  Improper Dih.          LJ-14
    1.43632e+01    3.13580e+01    7.58346e+00    1.40785e+01    3.66304e+01
     Coulomb-14        LJ (SR)   Coulomb (SR)   Coul. recip.      Potential
   -1.99592e+03    1.24336e+03   -9.24153e+03    2.78421e+01   -9.86224e+03
    Kinetic En.   Total Energy  Conserved En.    Temperature Pressure (bar)
    1.51135e+03   -8.35089e+03   -8.55271e+02    2.90141e+02   -1.23601e+03
   Constr. rmsd
    0.00000e+00

           Step           Time
        1795000     1795.00000

   Energies (kJ/mol)
        G96Bond       G96Angle    Proper Dih.  Improper Dih.          LJ-14
    1.10508e+01    6.68174e+01    6.45986e+00    4.84764e+00    5.84140e+01
     Coulomb-14        LJ (SR)   Coulomb (SR)   Coul. recip.      Potential
   -2.03240e+03    1.64327e+03   -9.72040e+03    2.46026e+01   -9.93733e+03
    Kinetic En.   Total Energy  Conserved En.    Temperature Pressure (bar)
    1.51922e+03   -8.41811e+03   -8.33019e+02    2.91652e+02    1.97122e+03
   Constr. rmsd
    0.00000e+00

           Step           Time
        1800000     1800.00000

   Energies (kJ/mol)
        G96Bond       G96Angle    Proper Dih.  Improper Dih.          LJ-14
    2.68744e+01    3.24405e+01    4.35762e+00    3.91419e+00    2.28345e+01
     Coulomb-14        LJ (SR)   Coulomb (SR)   Coul. recip.      Potential
   -1.97086e+03    1.35297e+03   -9.40337e+03    2.75110e+01   -9.90333e+03
    Kinetic En.   Total Energy  Conserved En.    Temperature Pressure (bar)
    1.54311e+03   -8.36022e+03   -8.17977e+02    2.96238e+02   -4.50555e+02
   Constr. rmsd
    0.00000e+00

           Step           Time
        1805000     1805.00000

   Energies (kJ/mol)
        G96Bond       G96Angle    Proper Dih.  Improper Dih.          LJ-14
    1.61362e+01    5.20031e+01    6.55193e+00    2.43698e+01    2.85710e+01
     Coulomb-14        LJ (SR)   Coulomb (SR)   Coul. recip.      Potential
   -1.98513e+03    1.46250e+03   -9.61089e+03    3.09390e+01   -9.97495e+03
    Kinetic En.   Total Energy  Conserved En.    Temperature Pressure (bar)
    1.53159e+03   -8.44336e+03   -7.97252e+02    2.94028e+02    2.80768e+02
   Constr. rmsd
    0.00000e+00

           Step           Time
        1810000     1810.00000

   Energies (kJ/mol)
        G96Bond       G96Angle    Proper Dih.  Improper Dih.          LJ-14
    2.14716e+01    4.42427e+01    3.59126e+00    5.93738e+00    3.11092e+01
     Coulomb-14        LJ (SR)   Coulomb (SR)   Coul. recip.      Potential
   -1.99006e+03    1.33275e+03   -9.43770e+03    2.30255e+01   -9.96563e+03
    Kinetic En.   Total Energy  Conserved En.    Temperature Pressure (bar)
    1.61403e+03   -8.35160e+03   -7.76383e+02    3.09854e+02   -6.05012e+02
   Constr. rmsd
    0.00000e+00

           Step           Time
        1815000     1815.00000

   Energies (kJ/mol)
        G96Bond       G96Angle    Proper Dih.  Improper Dih.          LJ-14
    1.99956e+01    5.57218e+01    7.19923e+00    5.48576e+00    4.02445e+01
     Coulomb-14        LJ (SR)   Coulomb (SR)   Coul. recip.      Potential
   -1.98926e+03    1.19388e+03   -9.30181e+03    2.70098e+01   -9.94153e+03
    Kinetic En.   Total Energy  Conserved En.    Temperature Pressure (bar)
    1.69534e+03   -8.24619e+03   -7.66694e+02    3.25463e+02   -1.96653e+03
   Constr. rmsd
    0.00000e+00

           Step           Time
        1820000     1820.00000

   Energies (kJ/mol)
        G96Bond       G96Angle    Proper Dih.  Improper Dih.          LJ-14
    1.87039e+01    3.93077e+01    1.66657e+01    9.68020e+00    3.73124e+01
     Coulomb-14        LJ (SR)   Coulomb (SR)   Coul. recip.      Potential
   -1.99695e+03    1.34323e+03   -9.40479e+03    3.74954e+01   -9.89935e+03
    Kinetic En.   Total Energy  Conserved En.    Temperature Pressure (bar)
    1.61748e+03   -8.28187e+03   -7.44447e+02    3.10516e+02   -5.75319e+02
   Constr. rmsd
    0.00000e+00

           Step           Time
        1825000     1825.00000

   Energies (kJ/mol)
        G96Bond       G96Angle    Proper Dih.  Improper Dih.          LJ-14
    2.92001e+01    4.32366e+01    1.68702e+01    1.01637e+01    4.24046e+01
     Coulomb-14        LJ (SR)   Coulomb (SR)   Coul. recip.      Potential
   -1.98892e+03    1.23170e+03   -9.08398e+03    3.02190e+01   -9.66911e+03
    Kinetic En.   Total Energy  Conserved En.    Temperature Pressure (bar)
    1.63572e+03   -8.03338e+03   -6.82521e+02    3.14018e+02   -2.39790e+02
   Constr. rmsd
    0.00000e+00

           Step           Time
        1830000     1830.00000

   Energies (kJ/mol)
        G96Bond       G96Angle    Proper Dih.  Improper Dih.          LJ-14
    2.34395e+01    3.68900e+01    2.01985e+01    4.64611e+00    3.34416e+01
     Coulomb-14        LJ (SR)   Coulomb (SR)   Coul. recip.      Potential
   -2.00069e+03    1.26272e+03   -9.23291e+03    2.50158e+01   -9.82724e+03
    Kinetic En.   Total Energy  Conserved En.    Temperature Pressure (bar)
    1.51373e+03   -8.31352e+03   -6.79528e+02    2.90597e+02   -4.45066e+02
   Constr. rmsd
    0.00000e+00

           Step           Time
        1835000     1835.00000

   Energies (kJ/mol)
        G96Bond       G96Angle    Proper Dih.  Improper Dih.          LJ-14
    2.12510e+01    4.10757e+01    9.09585e+00    9.45703e+00    4.32535e+01
     Coulomb-14        LJ (SR)   Coulomb (SR)   Coul. recip.      Potential
   -2.01109e+03    1.32503e+03   -9.35699e+03    3.06858e+01   -9.88823e+03
    Kinetic En.   Total Energy  Conserved En.    Temperature Pressure (bar)
    1.60598e+03   -8.28225e+03   -6.66669e+02    3.08307e+02    5.74525e+02
   Constr. rmsd
    0.00000e+00

           Step           Time
        1840000     1840.00000

   Energies (kJ/mol)
        G96Bond       G96Angle    Proper Dih.  Improper Dih.          LJ-14
    3.23042e+00    4.62554e+01    2.44337e+00    1.71956e+01    2.90425e+01
     Coulomb-14        LJ (SR)   Coulomb (SR)   Coul. recip.      Potential
   -1.97404e+03    1.29288e+03   -9.29790e+03    2.32290e+01   -9.85766e+03
    Kinetic En.   Total Energy  Conserved En.    Temperature Pressure (bar)
    1.48577e+03   -8.37189e+03   -6.38393e+02    2.85231e+02   -9.91457e+02
   Constr. rmsd
    0.00000e+00

           Step           Time
        1845000     1845.00000

   Energies (kJ/mol)
        G96Bond       G96Angle    Proper Dih.  Improper Dih.          LJ-14
    1.75903e+01    7.75023e+01    1.09930e+01    1.29215e+01    2.65712e+01
     Coulomb-14        LJ (SR)   Coulomb (SR)   Coul. recip.      Potential
   -1.99615e+03    1.27926e+03   -9.33257e+03    2.32162e+01   -9.88067e+03
    Kinetic En.   Total Energy  Conserved En.    Temperature Pressure (bar)
    1.64618e+03   -8.23448e+03   -6.22388e+02    3.16026e+02   -9.02248e+02
   Constr. rmsd
    0.00000e+00

           Step           Time
        1850000     1850.00000

   Energies (kJ/mol)
        G96Bond       G96Angle    Proper Dih.  Improper Dih.          LJ-14
    1.76093e+01    5.12487e+01    9.59823e+00    2.26241e+01    2.22847e+01
     Coulomb-14        LJ (SR)   Coulomb (SR)   Coul. recip.      Potential
   -1.97150e+03    1.28068e+03   -9.22124e+03    1.99939e+01   -9.76870e+03
    Kinetic En.   Total Energy  Conserved En.    Temperature Pressure (bar)
    1.63676e+03   -8.13194e+03   -6.14170e+02    3.14217e+02   -6.93707e+02
   Constr. rmsd
    0.00000e+00

           Step           Time
        1855000     1855.00000

   Energies (kJ/mol)
        G96Bond       G96Angle    Proper Dih.  Improper Dih.          LJ-14
    2.06056e+01    6.16849e+01    2.88487e+00    2.85805e+00    2.64855e+01
     Coulomb-14        LJ (SR)   Coulomb (SR)   Coul. recip.      Potential
   -1.97349e+03    1.33408e+03   -9.22022e+03    2.83638e+01   -9.71674e+03
    Kinetic En.   Total Energy  Conserved En.    Temperature Pressure (bar)
    1.64326e+03   -8.07348e+03   -5.91400e+02    3.15464e+02   -6.91898e+02
   Constr. rmsd
    0.00000e+00

           Step           Time
        1860000     1860.00000

   Energies (kJ/mol)
        G96Bond       G96Angle    Proper Dih.  Improper Dih.          LJ-14
    2.24319e+01    3.35250e+01    1.14420e+01    8.81823e+00    3.81205e+01
     Coulomb-14        LJ (SR)   Coulomb (SR)   Coul. recip.      Potential
   -1.99737e+03    1.35211e+03   -9.26101e+03    2.97016e+01   -9.76224e+03
    Kinetic En.   Total Energy  Conserved En.    Temperature Pressure (bar)
    1.51943e+03   -8.24282e+03   -6.05249e+02    2.91692e+02    5.09654e+02
   Constr. rmsd
    0.00000e+00

           Step           Time
        1865000     1865.00000

   Energies (kJ/mol)
        G96Bond       G96Angle    Proper Dih.  Improper Dih.          LJ-14
    2.68784e+01    3.74189e+01    1.84383e+01    4.40229e+00    3.52276e+01
     Coulomb-14        LJ (SR)   Coulomb (SR)   Coul. recip.      Potential
   -1.99245e+03    1.30564e+03   -9.20686e+03    3.15219e+01   -9.73978e+03
    Kinetic En.   Total Energy  Conserved En.    Temperature Pressure (bar)
    1.59962e+03   -8.14016e+03   -6.00733e+02    3.07087e+02    6.26046e+02
   Constr. rmsd
    0.00000e+00

           Step           Time
        1870000     1870.00000

   Energies (kJ/mol)
        G96Bond       G96Angle    Proper Dih.  Improper Dih.          LJ-14
    1.85152e+01    4.69407e+01    1.03445e+01    1.06883e+01    2.63520e+01
     Coulomb-14        LJ (SR)   Coulomb (SR)   Coul. recip.      Potential
   -1.97188e+03    1.32458e+03   -9.24915e+03    2.19224e+01   -9.76168e+03
    Kinetic En.   Total Energy  Conserved En.    Temperature Pressure (bar)
    1.56131e+03   -8.20038e+03   -5.76372e+02    2.99732e+02   -5.52755e+02
   Constr. rmsd
    0.00000e+00

           Step           Time
        1875000     1875.00000

   Energies (kJ/mol)
        G96Bond       G96Angle    Proper Dih.  Improper Dih.          LJ-14
    3.57124e+00    3.33822e+01    1.05284e+01    2.38949e+00    2.98562e+01
     Coulomb-14        LJ (SR)   Coulomb (SR)   Coul. recip.      Potential
   -1.97573e+03    1.51418e+03   -9.55265e+03    2.92081e+01   -9.90527e+03
    Kinetic En.   Total Energy  Conserved En.    Temperature Pressure (bar)
    1.59189e+03   -8.31337e+03   -5.44704e+02    3.05604e+02    6.08110e+02
   Constr. rmsd
    0.00000e+00

           Step           Time
        1880000     1880.00000

   Energies (kJ/mol)
        G96Bond       G96Angle    Proper Dih.  Improper Dih.          LJ-14
    7.99294e+00    3.82480e+01    1.87300e+01    5.33356e-01    3.05942e+01
     Coulomb-14        LJ (SR)   Coulomb (SR)   Coul. recip.      Potential
   -1.98893e+03    1.34420e+03   -9.30182e+03    2.78737e+01   -9.82257e+03
    Kinetic En.   Total Energy  Conserved En.    Temperature Pressure (bar)
    1.62330e+03   -8.19927e+03   -5.49751e+02    3.11634e+02   -2.40260e+02
   Constr. rmsd
    0.00000e+00

           Step           Time
        1885000     1885.00000

   Energies (kJ/mol)
        G96Bond       G96Angle    Proper Dih.  Improper Dih.          LJ-14
    1.94115e+01    3.46183e+01    7.13770e+00    9.14900e+00    4.35394e+01
     Coulomb-14        LJ (SR)   Coulomb (SR)   Coul. recip.      Potential
   -2.00527e+03    1.28551e+03   -9.23591e+03    2.78053e+01   -9.81401e+03
    Kinetic En.   Total Energy  Conserved En.    Temperature Pressure (bar)
    1.56788e+03   -8.24613e+03   -5.31839e+02    3.00994e+02   -1.94057e+02
   Constr. rmsd
    0.00000e+00

           Step           Time
        1890000     1890.00000

   Energies (kJ/mol)
        G96Bond       G96Angle    Proper Dih.  Improper Dih.          LJ-14
    6.13008e+00    3.70818e+01    9.00960e+00    6.29952e+00    3.12612e+01
     Coulomb-14        LJ (SR)   Coulomb (SR)   Coul. recip.      Potential
   -1.97492e+03    1.22744e+03   -9.28456e+03    3.28189e+01   -9.90943e+03
    Kinetic En.   Total Energy  Conserved En.    Temperature Pressure (bar)
    1.48971e+03   -8.41971e+03   -4.80700e+02    2.85988e+02   -1.85440e+03
   Constr. rmsd
    0.00000e+00

           Step           Time
        1895000     1895.00000

   Energies (kJ/mol)
        G96Bond       G96Angle    Proper Dih.  Improper Dih.          LJ-14
    1.77893e+01    5.15823e+01    1.78111e+01    7.07486e+00    3.41407e+01
     Coulomb-14        LJ (SR)   Coulomb (SR)   Coul. recip.      Potential
   -1.99967e+03    1.11719e+03   -9.05057e+03    3.21011e+01   -9.77255e+03
    Kinetic En.   Total Energy  Conserved En.    Temperature Pressure (bar)
    1.53899e+03   -8.23357e+03   -4.82740e+02    2.95447e+02   -2.13278e+03
   Constr. rmsd
    0.00000e+00

           Step           Time
        1900000     1900.00000

   Energies (kJ/mol)
        G96Bond       G96Angle    Proper Dih.  Improper Dih.          LJ-14
    2.57733e+01    3.99428e+01    9.80965e+00    1.33473e+01    4.08029e+01
     Coulomb-14        LJ (SR)   Coulomb (SR)   Coul. recip.      Potential
   -2.00483e+03    1.39376e+03   -9.30946e+03    2.25793e+01   -9.76828e+03
    Kinetic En.   Total Energy  Conserved En.    Temperature Pressure (bar)
    1.54513e+03   -8.22316e+03   -4.38661e+02    2.96625e+02    1.63295e+03
   Constr. rmsd
    0.00000e+00

           Step           Time
        1905000     1905.00000

   Energies (kJ/mol)
        G96Bond       G96Angle    Proper Dih.  Improper Dih.          LJ-14
    2.47077e+01    4.90041e+01    5.32057e+00    3.94552e+00    4.33926e+01
     Coulomb-14        LJ (SR)   Coulomb (SR)   Coul. recip.      Potential
   -2.00690e+03    1.21847e+03   -9.19576e+03    2.90112e+01   -9.82881e+03
    Kinetic En.   Total Energy  Conserved En.    Temperature Pressure (bar)
    1.54411e+03   -8.28469e+03   -4.08355e+02    2.96431e+02   -2.62985e+02
   Constr. rmsd
    0.00000e+00

           Step           Time
        1910000     1910.00000

   Energies (kJ/mol)
        G96Bond       G96Angle    Proper Dih.  Improper Dih.          LJ-14
    2.76613e+01    4.14422e+01    1.80785e+01    1.26914e+01    4.49608e+01
     Coulomb-14        LJ (SR)   Coulomb (SR)   Coul. recip.      Potential
   -1.99935e+03    1.37812e+03   -9.55697e+03    2.90262e+01   -1.00043e+04
    Kinetic En.   Total Energy  Conserved En.    Temperature Pressure (bar)
    1.62990e+03   -8.37444e+03   -4.17601e+02    3.12899e+02    2.02058e+02
   Constr. rmsd
    0.00000e+00

           Step           Time
        1915000     1915.00000

   Energies (kJ/mol)
        G96Bond       G96Angle    Proper Dih.  Improper Dih.          LJ-14
    2.14893e+01    6.34700e+01    8.66439e+00    1.36803e+01    3.22109e+01
     Coulomb-14        LJ (SR)   Coulomb (SR)   Coul. recip.      Potential
   -1.99279e+03    1.24211e+03   -9.33465e+03    3.77964e+01   -9.90802e+03
    Kinetic En.   Total Energy  Conserved En.    Temperature Pressure (bar)
    1.66334e+03   -8.24468e+03   -4.01703e+02    3.19320e+02   -1.49469e+03
   Constr. rmsd
    0.00000e+00

           Step           Time
        1920000     1920.00000

   Energies (kJ/mol)
        G96Bond       G96Angle    Proper Dih.  Improper Dih.          LJ-14
    3.80632e+01    3.56957e+01    3.93093e+00    1.92905e+01    4.41465e+01
     Coulomb-14        LJ (SR)   Coulomb (SR)   Coul. recip.      Potential
   -2.00171e+03    1.25673e+03   -9.07351e+03    2.60682e+01   -9.65130e+03
    Kinetic En.   Total Energy  Conserved En.    Temperature Pressure (bar)
    1.43329e+03   -8.21801e+03   -4.15190e+02    2.75155e+02    2.47551e+01
   Constr. rmsd
    0.00000e+00

           Step           Time
        1925000     1925.00000

   Energies (kJ/mol)
        G96Bond       G96Angle    Proper Dih.  Improper Dih.          LJ-14
    2.03598e+01    4.01607e+01    6.21318e+00    6.97570e+00    3.34448e+01
     Coulomb-14        LJ (SR)   Coulomb (SR)   Coul. recip.      Potential
   -1.97443e+03    1.31783e+03   -9.29350e+03    2.41160e+01   -9.81883e+03
    Kinetic En.   Total Energy  Conserved En.    Temperature Pressure (bar)
    1.59717e+03   -8.22167e+03   -3.87727e+02    3.06616e+02   -5.62334e+02
   Constr. rmsd
    0.00000e+00

           Step           Time
        1930000     1930.00000

   Energies (kJ/mol)
        G96Bond       G96Angle    Proper Dih.  Improper Dih.          LJ-14
    1.87432e+01    2.47290e+01    5.25932e+00    1.55113e+01    3.30719e+01
     Coulomb-14        LJ (SR)   Coulomb (SR)   Coul. recip.      Potential
   -1.99427e+03    1.25132e+03   -9.23398e+03    2.21885e+01   -9.85742e+03
    Kinetic En.   Total Energy  Conserved En.    Temperature Pressure (bar)
    1.64778e+03   -8.20964e+03   -3.46119e+02    3.16333e+02   -1.22872e+03
   Constr. rmsd
    0.00000e+00

           Step           Time
        1935000     1935.00000

   Energies (kJ/mol)
        G96Bond       G96Angle    Proper Dih.  Improper Dih.          LJ-14
    1.88233e+01    4.60620e+01    1.17502e+01    2.45072e+01    2.54045e+01
     Coulomb-14        LJ (SR)   Coulomb (SR)   Coul. recip.      Potential
   -1.97600e+03    1.40915e+03   -9.46072e+03    2.57004e+01   -9.87532e+03
    Kinetic En.   Total Energy  Conserved En.    Temperature Pressure (bar)
    1.49260e+03   -8.38273e+03   -3.23674e+02    2.86541e+02    6.60234e+02
   Constr. rmsd
    0.00000e+00

           Step           Time
        1940000     1940.00000

   Energies (kJ/mol)
        G96Bond       G96Angle    Proper Dih.  Improper Dih.          LJ-14
    1.24519e+01    3.76121e+01    5.61939e+00    1.39315e+01    3.76761e+01
     Coulomb-14        LJ (SR)   Coulomb (SR)   Coul. recip.      Potential
   -1.99320e+03    1.50665e+03   -9.75796e+03    1.91181e+01   -1.01181e+04
    Kinetic En.   Total Energy  Conserved En.    Temperature Pressure (bar)
    1.59247e+03   -8.52562e+03   -2.76169e+02    3.05715e+02    1.13138e+03
   Constr. rmsd
    0.00000e+00

           Step           Time
        1945000     1945.00000

   Energies (kJ/mol)
        G96Bond       G96Angle    Proper Dih.  Improper Dih.          LJ-14
    6.91770e+00    6.48752e+01    7.80029e+00    9.81574e+00    3.15152e+01
     Coulomb-14        LJ (SR)   Coulomb (SR)   Coul. recip.      Potential
   -1.99930e+03    1.43469e+03   -9.69132e+03    2.76639e+01   -1.01073e+04
    Kinetic En.   Total Energy  Conserved En.    Temperature Pressure (bar)
    1.51650e+03   -8.59085e+03   -2.32457e+02    2.91129e+02    7.75727e+02
   Constr. rmsd
    0.00000e+00

           Step           Time
        1950000     1950.00000

   Energies (kJ/mol)
        G96Bond       G96Angle    Proper Dih.  Improper Dih.          LJ-14
    2.76011e+01    4.07199e+01    2.01417e+00    2.70685e+01    2.98081e+01
     Coulomb-14        LJ (SR)   Coulomb (SR)   Coul. recip.      Potential
   -1.99182e+03    1.34034e+03   -9.52193e+03    2.89927e+01   -1.00172e+04
    Kinetic En.   Total Energy  Conserved En.    Temperature Pressure (bar)
    1.56556e+03   -8.45164e+03   -2.52369e+02    3.00549e+02   -9.23968e+02
   Constr. rmsd
    0.00000e+00

           Step           Time
        1955000     1955.00000

   Energies (kJ/mol)
        G96Bond       G96Angle    Proper Dih.  Improper Dih.          LJ-14
    9.77585e+00    3.78977e+01    1.44280e+01    2.66319e+00    3.05924e+01
     Coulomb-14        LJ (SR)   Coulomb (SR)   Coul. recip.      Potential
   -1.98222e+03    1.26056e+03   -9.27205e+03    2.13067e+01   -9.87705e+03
    Kinetic En.   Total Energy  Conserved En.    Temperature Pressure (bar)
    1.58807e+03   -8.28898e+03   -2.53001e+02    3.04869e+02   -1.19206e+03
   Constr. rmsd
    0.00000e+00

           Step           Time
        1960000     1960.00000

   Energies (kJ/mol)
        G96Bond       G96Angle    Proper Dih.  Improper Dih.          LJ-14
    2.16818e+01    2.76606e+01    7.52778e+00    5.66646e+00    2.21997e+01
     Coulomb-14        LJ (SR)   Coulomb (SR)   Coul. recip.      Potential
   -1.95574e+03    1.29814e+03   -9.29498e+03    3.46991e+01   -9.83315e+03
    Kinetic En.   Total Energy  Conserved En.    Temperature Pressure (bar)
    1.56393e+03   -8.26922e+03   -2.40507e+02    3.00235e+02   -9.73927e+02
   Constr. rmsd
    0.00000e+00

           Step           Time
        1965000     1965.00000

   Energies (kJ/mol)
        G96Bond       G96Angle    Proper Dih.  Improper Dih.          LJ-14
    1.30754e+01    3.34400e+01    6.55507e+00    2.02856e+01    2.92359e+01
     Coulomb-14        LJ (SR)   Coulomb (SR)   Coul. recip.      Potential
   -1.98439e+03    1.45732e+03   -9.49173e+03    2.56796e+01   -9.89053e+03
    Kinetic En.   Total Energy  Conserved En.    Temperature Pressure (bar)
    1.59975e+03   -8.29078e+03   -2.23795e+02    3.07111e+02    1.26236e+03
   Constr. rmsd
    0.00000e+00

           Step           Time
        1970000     1970.00000

   Energies (kJ/mol)
        G96Bond       G96Angle    Proper Dih.  Improper Dih.          LJ-14
    5.76693e+00    5.44416e+01    7.14051e+00    5.11707e+00    2.64711e+01
     Coulomb-14        LJ (SR)   Coulomb (SR)   Coul. recip.      Potential
   -1.98331e+03    1.44976e+03   -9.46623e+03    2.71395e+01   -9.87370e+03
    Kinetic En.   Total Energy  Conserved En.    Temperature Pressure (bar)
    1.59103e+03   -8.28267e+03   -1.91917e+02    3.05438e+02    5.94775e+02
   Constr. rmsd
    0.00000e+00

           Step           Time
        1975000     1975.00000

   Energies (kJ/mol)
        G96Bond       G96Angle    Proper Dih.  Improper Dih.          LJ-14
    1.53020e+01    6.30989e+01    6.27352e+00    6.33989e+00    4.01452e+01
     Coulomb-14        LJ (SR)   Coulomb (SR)   Coul. recip.      Potential
   -2.01609e+03    1.31911e+03   -9.14477e+03    2.96676e+01   -9.68092e+03
    Kinetic En.   Total Energy  Conserved En.    Temperature Pressure (bar)
    1.60393e+03   -8.07699e+03   -2.21833e+02    3.07914e+02   -3.51137e+02
   Constr. rmsd
    0.00000e+00

           Step           Time
        1980000     1980.00000

   Energies (kJ/mol)
        G96Bond       G96Angle    Proper Dih.  Improper Dih.          LJ-14
    2.18542e+01    3.65928e+01    9.46477e+00    1.43826e+01    3.33542e+01
     Coulomb-14        LJ (SR)   Coulomb (SR)   Coul. recip.      Potential
   -1.99604e+03    1.35645e+03   -9.39676e+03    2.51838e+01   -9.89553e+03
    Kinetic En.   Total Energy  Conserved En.    Temperature Pressure (bar)
    1.53752e+03   -8.35801e+03   -2.32105e+02    2.95165e+02   -6.14013e+02
   Constr. rmsd
    0.00000e+00

           Step           Time
        1985000     1985.00000

   Energies (kJ/mol)
        G96Bond       G96Angle    Proper Dih.  Improper Dih.          LJ-14
    2.89102e+01    5.08310e+01    6.63894e+00    1.13825e+01    3.54018e+01
     Coulomb-14        LJ (SR)   Coulomb (SR)   Coul. recip.      Potential
   -1.99993e+03    1.36843e+03   -9.31635e+03    3.58357e+01   -9.77884e+03
    Kinetic En.   Total Energy  Conserved En.    Temperature Pressure (bar)
    1.72612e+03   -8.05272e+03   -2.21829e+02    3.31373e+02    4.23178e+02
   Constr. rmsd
    0.00000e+00

           Step           Time
        1990000     1990.00000

   Energies (kJ/mol)
        G96Bond       G96Angle    Proper Dih.  Improper Dih.          LJ-14
    2.35378e+01    4.57807e+01    3.36292e+00    9.40773e+00    3.85779e+01
     Coulomb-14        LJ (SR)   Coulomb (SR)   Coul. recip.      Potential
   -2.00204e+03    1.31461e+03   -9.30602e+03    3.37403e+01   -9.83904e+03
    Kinetic En.   Total Energy  Conserved En.    Temperature Pressure (bar)
    1.53131e+03   -8.30774e+03   -1.71612e+02    2.93972e+02   -5.96008e+02
   Constr. rmsd
    0.00000e+00

           Step           Time
        1995000     1995.00000

   Energies (kJ/mol)
        G96Bond       G96Angle    Proper Dih.  Improper Dih.          LJ-14
    2.60003e+01    4.56171e+01    1.92118e+01    7.39715e+00    3.96848e+01
     Coulomb-14        LJ (SR)   Coulomb (SR)   Coul. recip.      Potential
   -1.99903e+03    1.27130e+03   -9.23458e+03    2.83015e+01   -9.79610e+03
    Kinetic En.   Total Energy  Conserved En.    Temperature Pressure (bar)
    1.58143e+03   -8.21467e+03   -1.59008e+02    3.03595e+02   -1.28311e+03
   Constr. rmsd
    0.00000e+00

           Step           Time
        2000000     2000.00000

   Energies (kJ/mol)
        G96Bond       G96Angle    Proper Dih.  Improper Dih.          LJ-14
    2.01210e+01    5.46518e+01    1.83452e+01    3.10146e+00    3.27816e+01
     Coulomb-14        LJ (SR)   Coulomb (SR)   Coul. recip.      Potential
   -1.99423e+03    1.68841e+03   -9.72610e+03    3.36383e+01   -9.86927e+03
    Kinetic En.   Total Energy  Conserved En.    Temperature Pressure (bar)
    1.53007e+03   -8.33920e+03   -1.18700e+02    2.93736e+02    2.47452e+03
   Constr. rmsd
    0.00000e+00

           Step           Time
        2005000     2005.00000

   Energies (kJ/mol)
        G96Bond       G96Angle    Proper Dih.  Improper Dih.          LJ-14
    1.58058e+01    4.41608e+01    6.60328e+00    7.26887e-01    3.19168e+01
     Coulomb-14        LJ (SR)   Coulomb (SR)   Coul. recip.      Potential
   -1.98135e+03    1.43331e+03   -9.47667e+03    4.00696e+01   -9.88543e+03
    Kinetic En.   Total Energy  Conserved En.    Temperature Pressure (bar)
    1.57781e+03   -8.30762e+03   -8.89092e+01    3.02900e+02    8.89618e+02
   Constr. rmsd
    0.00000e+00

           Step           Time
        2010000     2010.00000

   Energies (kJ/mol)
        G96Bond       G96Angle    Proper Dih.  Improper Dih.          LJ-14
    3.89312e+01    3.36646e+01    8.20362e+00    8.85632e+00    3.38558e+01
     Coulomb-14        LJ (SR)   Coulomb (SR)   Coul. recip.      Potential
   -2.00248e+03    1.48567e+03   -9.68273e+03    3.57716e+01   -1.00403e+04
    Kinetic En.   Total Energy  Conserved En.    Temperature Pressure (bar)
    1.59103e+03   -8.44922e+03   -8.92617e+01    3.05439e+02    1.13083e+03
   Constr. rmsd
    0.00000e+00

           Step           Time
        2015000     2015.00000

   Energies (kJ/mol)
        G96Bond       G96Angle    Proper Dih.  Improper Dih.          LJ-14
    2.00897e+01    6.28084e+01    6.41027e+00    2.58959e+00    3.49546e+01
     Coulomb-14        LJ (SR)   Coulomb (SR)   Coul. recip.      Potential
   -1.98703e+03    1.19492e+03   -9.21351e+03    2.14266e+01   -9.85734e+03
    Kinetic En.   Total Energy  Conserved En.    Temperature Pressure (bar)
    1.44971e+03   -8.40764e+03   -6.81787e+01    2.78307e+02   -2.02007e+03
   Constr. rmsd
    0.00000e+00

           Step           Time
        2020000     2020.00000

   Energies (kJ/mol)
        G96Bond       G96Angle    Proper Dih.  Improper Dih.          LJ-14
    1.53872e+01    5.27726e+01    2.07088e+01    1.15814e+01    3.02687e+01
     Coulomb-14        LJ (SR)   Coulomb (SR)   Coul. recip.      Potential
   -1.97844e+03    1.35273e+03   -9.37731e+03    3.09981e+01   -9.84131e+03
    Kinetic En.   Total Energy  Conserved En.    Temperature Pressure (bar)
    1.50669e+03   -8.33461e+03   -6.12090e+01    2.89248e+02   -4.04829e+02
   Constr. rmsd
    0.00000e+00

           Step           Time
        2025000     2025.00000

   Energies (kJ/mol)
        G96Bond       G96Angle    Proper Dih.  Improper Dih.          LJ-14
    2.40555e+01    2.85997e+01    6.07433e+00    1.62175e+01    4.42384e+01
     Coulomb-14        LJ (SR)   Coulomb (SR)   Coul. recip.      Potential
   -2.00005e+03    1.40286e+03   -9.52290e+03    2.67853e+01   -9.97412e+03
    Kinetic En.   Total Energy  Conserved En.    Temperature Pressure (bar)
    1.53242e+03   -8.44170e+03   -2.72617e+01    2.94186e+02    2.21210e+02
   Constr. rmsd
    0.00000e+00

           Step           Time
        2030000     2030.00000

   Energies (kJ/mol)
        G96Bond       G96Angle    Proper Dih.  Improper Dih.          LJ-14
    2.01859e+01    4.76315e+01    1.04165e+01    8.17893e+00    2.93997e+01
     Coulomb-14        LJ (SR)   Coulomb (SR)   Coul. recip.      Potential
   -1.96856e+03    1.44573e+03   -9.55116e+03    2.43218e+01   -9.93386e+03
    Kinetic En.   Total Energy  Conserved En.    Temperature Pressure (bar)
    1.47552e+03   -8.45834e+03   -1.75762e+01    2.83263e+02   -7.34476e+02
   Constr. rmsd
    0.00000e+00

           Step           Time
        2035000     2035.00000

   Energies (kJ/mol)
        G96Bond       G96Angle    Proper Dih.  Improper Dih.          LJ-14
    2.26713e+01    4.37562e+01    1.41876e+01    2.24819e+00    2.78577e+01
     Coulomb-14        LJ (SR)   Coulomb (SR)   Coul. recip.      Potential
   -1.97571e+03    1.49915e+03   -9.62899e+03    2.72397e+01   -9.96758e+03
    Kinetic En.   Total Energy  Conserved En.    Temperature Pressure (bar)
    1.53558e+03   -8.43200e+03   -4.79004e+00    2.94793e+02    3.06375e+02
   Constr. rmsd
    0.00000e+00

           Step           Time
        2040000     2040.00000

   Energies (kJ/mol)
        G96Bond       G96Angle    Proper Dih.  Improper Dih.          LJ-14
    1.80786e+01    4.32715e+01    3.17829e+00    7.81929e+00    4.45718e+01
     Coulomb-14        LJ (SR)   Coulomb (SR)   Coul. recip.      Potential
   -2.00903e+03    1.14838e+03   -9.17205e+03    2.65613e+01   -9.88923e+03
    Kinetic En.   Total Energy  Conserved En.    Temperature Pressure (bar)
    1.59152e+03   -8.29770e+03    9.89844e+00    3.05533e+02   -1.24688e+03
   Constr. rmsd
    0.00000e+00

           Step           Time
        2045000     2045.00000

   Energies (kJ/mol)
        G96Bond       G96Angle    Proper Dih.  Improper Dih.          LJ-14
    3.08836e+01    3.89417e+01    1.38779e+01    1.82177e+00    3.10122e+01
     Coulomb-14        LJ (SR)   Coulomb (SR)   Coul. recip.      Potential
   -1.99942e+03    1.34714e+03   -9.37913e+03    3.89922e+01   -9.87588e+03
    Kinetic En.   Total Energy  Conserved En.    Temperature Pressure (bar)
    1.60833e+03   -8.26755e+03    2.09385e+01    3.08759e+02    8.95343e+02
   Constr. rmsd
    0.00000e+00

           Step           Time
        2050000     2050.00000

   Energies (kJ/mol)
        G96Bond       G96Angle    Proper Dih.  Improper Dih.          LJ-14
    2.38376e+01    4.57141e+01    8.30376e+00    5.03311e+00    3.44761e+01
     Coulomb-14        LJ (SR)   Coulomb (SR)   Coul. recip.      Potential
   -2.00548e+03    1.38757e+03   -9.52698e+03    2.33669e+01   -1.00042e+04
    Kinetic En.   Total Energy  Conserved En.    Temperature Pressure (bar)
    1.48804e+03   -8.51612e+03    5.79199e+01    2.85666e+02    2.39472e+02
   Constr. rmsd
    0.00000e+00

           Step           Time
        2055000     2055.00000

   Energies (kJ/mol)
        G96Bond       G96Angle    Proper Dih.  Improper Dih.          LJ-14
    1.62890e+01    4.03532e+01    5.62929e+00    2.33879e+00    3.58732e+01
     Coulomb-14        LJ (SR)   Coulomb (SR)   Coul. recip.      Potential
   -1.97879e+03    1.32155e+03   -9.32563e+03    2.70121e+01   -9.85537e+03
    Kinetic En.   Total Energy  Conserved En.    Temperature Pressure (bar)
    1.54030e+03   -8.31508e+03    6.82500e+01    2.95698e+02   -1.38622e+02
   Constr. rmsd
    0.00000e+00

           Step           Time
        2060000     2060.00000

   Energies (kJ/mol)
        G96Bond       G96Angle    Proper Dih.  Improper Dih.          LJ-14
    1.54359e+01    3.67013e+01    1.28553e+01    3.18845e+00    3.75074e+01
     Coulomb-14        LJ (SR)   Coulomb (SR)   Coul. recip.      Potential
   -2.00402e+03    1.45081e+03   -9.42030e+03    2.49843e+01   -9.84284e+03
    Kinetic En.   Total Energy  Conserved En.    Temperature Pressure (bar)
    1.48068e+03   -8.36216e+03    6.47129e+01    2.84254e+02    6.86307e+02
   Constr. rmsd
    0.00000e+00

           Step           Time
        2065000     2065.00000

   Energies (kJ/mol)
        G96Bond       G96Angle    Proper Dih.  Improper Dih.          LJ-14
    9.72029e+00    4.67040e+01    9.67087e+00    1.21227e+01    2.97370e+01
     Coulomb-14        LJ (SR)   Coulomb (SR)   Coul. recip.      Potential
   -1.97702e+03    1.46716e+03   -9.68732e+03    2.88872e+01   -1.00603e+04
    Kinetic En.   Total Energy  Conserved En.    Temperature Pressure (bar)
    1.54659e+03   -8.51375e+03    8.52578e+01    2.96906e+02   -2.48319e+02
   Constr. rmsd
    0.00000e+00

           Step           Time
        2070000     2070.00000

   Energies (kJ/mol)
        G96Bond       G96Angle    Proper Dih.  Improper Dih.          LJ-14
    2.32196e+01    5.69660e+01    4.15279e+00    6.43019e+00    3.57318e+01
     Coulomb-14        LJ (SR)   Coulomb (SR)   Coul. recip.      Potential
   -1.97993e+03    1.35280e+03   -9.43623e+03    2.62142e+01   -9.91065e+03
    Kinetic En.   Total Energy  Conserved En.    Temperature Pressure (bar)
    1.55936e+03   -8.35129e+03    1.60067e+02    2.99358e+02    6.15344e+02
   Constr. rmsd
    0.00000e+00

           Step           Time
        2075000     2075.00000

   Energies (kJ/mol)
        G96Bond       G96Angle    Proper Dih.  Improper Dih.          LJ-14
    1.86477e+01    4.90754e+01    7.39084e+00    2.47844e+01    3.57692e+01
     Coulomb-14        LJ (SR)   Coulomb (SR)   Coul. recip.      Potential
   -1.99277e+03    1.42535e+03   -9.35625e+03    2.79727e+01   -9.76003e+03
    Kinetic En.   Total Energy  Conserved En.    Temperature Pressure (bar)
    1.63876e+03   -8.12127e+03    1.49722e+02    3.14600e+02    1.31697e+03
   Constr. rmsd
    0.00000e+00

           Step           Time
        2080000     2080.00000

   Energies (kJ/mol)
        G96Bond       G96Angle    Proper Dih.  Improper Dih.          LJ-14
    1.41938e+01    4.82515e+01    7.72327e+00    9.69340e+00    3.39220e+01
     Coulomb-14        LJ (SR)   Coulomb (SR)   Coul. recip.      Potential
   -1.99273e+03    1.43045e+03   -9.39867e+03    2.36034e+01   -9.82356e+03
    Kinetic En.   Total Energy  Conserved En.    Temperature Pressure (bar)
    1.55814e+03   -8.26542e+03    1.76237e+02    2.99124e+02    9.04062e+02
   Constr. rmsd
    0.00000e+00

           Step           Time
        2085000     2085.00000

   Energies (kJ/mol)
        G96Bond       G96Angle    Proper Dih.  Improper Dih.          LJ-14
    1.67572e+01    3.73819e+01    6.81752e+00    1.09052e+01    3.90056e+01
     Coulomb-14        LJ (SR)   Coulomb (SR)   Coul. recip.      Potential
   -2.00447e+03    1.37410e+03   -9.47099e+03    2.06230e+01   -9.96986e+03
    Kinetic En.   Total Energy  Conserved En.    Temperature Pressure (bar)
    1.60191e+03   -8.36795e+03    2.05525e+02    3.07527e+02   -4.96597e+01
   Constr. rmsd
    0.00000e+00

           Step           Time
        2090000     2090.00000

   Energies (kJ/mol)
        G96Bond       G96Angle    Proper Dih.  Improper Dih.          LJ-14
    7.46846e+00    3.35612e+01    5.93056e+00    4.05581e+00    3.51653e+01
     Coulomb-14        LJ (SR)   Coulomb (SR)   Coul. recip.      Potential
   -1.98770e+03    1.50731e+03   -9.63330e+03    2.70126e+01   -1.00005e+04
    Kinetic En.   Total Energy  Conserved En.    Temperature Pressure (bar)
    1.56738e+03   -8.43311e+03    1.85797e+02    3.00898e+02    4.81391e+02
   Constr. rmsd
    0.00000e+00

           Step           Time
        2095000     2095.00000

   Energies (kJ/mol)
        G96Bond       G96Angle    Proper Dih.  Improper Dih.          LJ-14
    1.85085e+01    5.11140e+01    5.26607e+00    6.71296e+00    3.87206e+01
     Coulomb-14        LJ (SR)   Coulomb (SR)   Coul. recip.      Potential
   -2.00120e+03    1.49292e+03   -9.54707e+03    2.57020e+01   -9.90933e+03
    Kinetic En.   Total Energy  Conserved En.    Temperature Pressure (bar)
    1.57356e+03   -8.33577e+03    1.90046e+02    3.02084e+02    9.31838e+02
   Constr. rmsd
    0.00000e+00

           Step           Time
        2100000     2100.00000

   Energies (kJ/mol)
        G96Bond       G96Angle    Proper Dih.  Improper Dih.          LJ-14
    2.50951e+01    5.82912e+01    4.31922e+00    4.15953e+00    4.25490e+01
     Coulomb-14        LJ (SR)   Coulomb (SR)   Coul. recip.      Potential
   -1.99791e+03    1.31301e+03   -9.15700e+03    2.70365e+01   -9.68044e+03
    Kinetic En.   Total Energy  Conserved En.    Temperature Pressure (bar)
    1.54941e+03   -8.13103e+03    1.97873e+02    2.97449e+02    4.18804e+02
   Constr. rmsd
    0.00000e+00

           Step           Time
        2105000     2105.00000

   Energies (kJ/mol)
        G96Bond       G96Angle    Proper Dih.  Improper Dih.          LJ-14
    3.11779e+01    3.82960e+01    9.01266e+00    2.45935e+01    2.87931e+01
     Coulomb-14        LJ (SR)   Coulomb (SR)   Coul. recip.      Potential
   -1.98179e+03    1.34413e+03   -9.36678e+03    2.68990e+01   -9.84567e+03
    Kinetic En.   Total Energy  Conserved En.    Temperature Pressure (bar)
    1.51442e+03   -8.33125e+03    2.35522e+02    2.90730e+02   -7.91321e+02
   Constr. rmsd
    0.00000e+00

           Step           Time
        2110000     2110.00000

   Energies (kJ/mol)
        G96Bond       G96Angle    Proper Dih.  Improper Dih.          LJ-14
    1.87295e+01    4.76818e+01    1.05940e+01    1.38339e+01    3.34874e+01
     Coulomb-14        LJ (SR)   Coulomb (SR)   Coul. recip.      Potential
   -1.99644e+03    1.44677e+03   -9.42862e+03    2.26674e+01   -9.83129e+03
    Kinetic En.   Total Energy  Conserved En.    Temperature Pressure (bar)
    1.52780e+03   -8.30349e+03    2.72944e+02    2.93299e+02    1.37840e+03
   Constr. rmsd
    0.00000e+00

           Step           Time
        2115000     2115.00000

   Energies (kJ/mol)
        G96Bond       G96Angle    Proper Dih.  Improper Dih.          LJ-14
    2.54879e+01    3.40167e+01    1.72957e+01    5.59708e+00    3.09835e+01
     Coulomb-14        LJ (SR)   Coulomb (SR)   Coul. recip.      Potential
   -1.98359e+03    1.39397e+03   -9.46400e+03    2.84419e+01   -9.91180e+03
    Kinetic En.   Total Energy  Conserved En.    Temperature Pressure (bar)
    1.45624e+03   -8.45556e+03    2.88503e+02    2.79562e+02   -5.03398e+02
   Constr. rmsd
    0.00000e+00

           Step           Time
        2120000     2120.00000

   Energies (kJ/mol)
        G96Bond       G96Angle    Proper Dih.  Improper Dih.          LJ-14
    1.71402e+01    5.03851e+01    1.00019e+01    1.42999e+01    2.51527e+01
     Coulomb-14        LJ (SR)   Coulomb (SR)   Coul. recip.      Potential
   -1.96367e+03    1.30277e+03   -9.33132e+03    3.27821e+01   -9.84246e+03
    Kinetic En.   Total Energy  Conserved En.    Temperature Pressure (bar)
    1.53031e+03   -8.31215e+03    2.90840e+02    2.93782e+02   -1.21733e+03
   Constr. rmsd
    0.00000e+00

           Step           Time
        2125000     2125.00000

   Energies (kJ/mol)
        G96Bond       G96Angle    Proper Dih.  Improper Dih.          LJ-14
    1.39509e+01    5.27571e+01    1.31787e+01    9.63449e+00    3.32606e+01
     Coulomb-14        LJ (SR)   Coulomb (SR)   Coul. recip.      Potential
   -1.99336e+03    1.46633e+03   -9.55449e+03    2.55823e+01   -9.93316e+03
    Kinetic En.   Total Energy  Conserved En.    Temperature Pressure (bar)
    1.48310e+03   -8.45005e+03    3.06294e+02    2.84719e+02    3.07175e+02
   Constr. rmsd
    0.00000e+00

           Step           Time
        2130000     2130.00000

   Energies (kJ/mol)
        G96Bond       G96Angle    Proper Dih.  Improper Dih.          LJ-14
    1.89049e+01    5.51480e+01    1.36358e+01    1.03817e+01    3.97596e+01
     Coulomb-14        LJ (SR)   Coulomb (SR)   Coul. recip.      Potential
   -1.99633e+03    1.27213e+03   -9.42530e+03    2.75240e+01   -9.98415e+03
    Kinetic En.   Total Energy  Conserved En.    Temperature Pressure (bar)
    1.66731e+03   -8.31684e+03    3.36785e+02    3.20082e+02   -1.80074e+03
   Constr. rmsd
    0.00000e+00

           Step           Time
        2135000     2135.00000

   Energies (kJ/mol)
        G96Bond       G96Angle    Proper Dih.  Improper Dih.          LJ-14
    2.75240e+01    4.69534e+01    9.61212e+00    5.19110e+00    4.44117e+01
     Coulomb-14        LJ (SR)   Coulomb (SR)   Coul. recip.      Potential
   -2.00684e+03    1.42177e+03   -9.46632e+03    2.59789e+01   -9.89172e+03
    Kinetic En.   Total Energy  Conserved En.    Temperature Pressure (bar)
    1.64118e+03   -8.25054e+03    3.35752e+02    3.15065e+02    1.71448e+02
   Constr. rmsd
    0.00000e+00

           Step           Time
        2140000     2140.00000

   Energies (kJ/mol)
        G96Bond       G96Angle    Proper Dih.  Improper Dih.          LJ-14
    2.50904e+01    4.54669e+01    3.10570e+00    7.61433e+00    2.69303e+01
     Coulomb-14        LJ (SR)   Coulomb (SR)   Coul. recip.      Potential
   -1.97683e+03    1.42346e+03   -9.46568e+03    2.15102e+01   -9.88933e+03
    Kinetic En.   Total Energy  Conserved En.    Temperature Pressure (bar)
    1.58592e+03   -8.30341e+03    3.83033e+02    3.04457e+02   -2.15115e+02
   Constr. rmsd
    0.00000e+00

           Step           Time
        2145000     2145.00000

   Energies (kJ/mol)
        G96Bond       G96Angle    Proper Dih.  Improper Dih.          LJ-14
    1.22740e+01    4.67397e+01    4.90305e+00    1.20219e+01    4.27703e+01
     Coulomb-14        LJ (SR)   Coulomb (SR)   Coul. recip.      Potential
   -1.99689e+03    1.23545e+03   -9.14985e+03    4.65084e+01   -9.74606e+03
    Kinetic En.   Total Energy  Conserved En.    Temperature Pressure (bar)
    1.52642e+03   -8.21965e+03    3.80480e+02    2.93034e+02   -1.32051e+03
   Constr. rmsd
    0.00000e+00

           Step           Time
        2150000     2150.00000

   Energies (kJ/mol)
        G96Bond       G96Angle    Proper Dih.  Improper Dih.          LJ-14
    2.02461e+01    3.55307e+01    8.51166e+00    1.17874e+01    3.29394e+01
     Coulomb-14        LJ (SR)   Coulomb (SR)   Coul. recip.      Potential
   -1.99355e+03    1.32527e+03   -9.36338e+03    2.60681e+01   -9.89658e+03
    Kinetic En.   Total Energy  Conserved En.    Temperature Pressure (bar)
    1.43279e+03   -8.46380e+03    4.07731e+02    2.75059e+02   -4.49963e+02
   Constr. rmsd
    0.00000e+00

           Step           Time
        2155000     2155.00000

   Energies (kJ/mol)
        G96Bond       G96Angle    Proper Dih.  Improper Dih.          LJ-14
    6.75711e+00    3.75904e+01    9.49704e+00    1.32934e+01    2.68770e+01
     Coulomb-14        LJ (SR)   Coulomb (SR)   Coul. recip.      Potential
   -1.96415e+03    1.44072e+03   -9.66057e+03    2.79068e+01   -1.00621e+04
    Kinetic En.   Total Energy  Conserved En.    Temperature Pressure (bar)
    1.50873e+03   -8.55335e+03    4.27140e+02    2.89639e+02   -3.81106e+02
   Constr. rmsd
    0.00000e+00

           Step           Time
        2160000     2160.00000

   Energies (kJ/mol)
        G96Bond       G96Angle    Proper Dih.  Improper Dih.          LJ-14
    6.98268e+00    4.36547e+01    9.97030e+00    1.04302e+01    4.08491e+01
     Coulomb-14        LJ (SR)   Coulomb (SR)   Coul. recip.      Potential
   -1.99432e+03    1.37770e+03   -9.56812e+03    2.79985e+01   -1.00448e+04
    Kinetic En.   Total Energy  Conserved En.    Temperature Pressure (bar)
    1.48349e+03   -8.56135e+03    4.45905e+02    2.84794e+02   -5.12098e+02
   Constr. rmsd
    0.00000e+00

           Step           Time
        2165000     2165.00000

   Energies (kJ/mol)
        G96Bond       G96Angle    Proper Dih.  Improper Dih.          LJ-14
    1.28638e+01    2.84284e+01    1.05606e+01    1.60019e+01    2.79940e+01
     Coulomb-14        LJ (SR)   Coulomb (SR)   Coul. recip.      Potential
   -1.97506e+03    1.56190e+03   -9.80602e+03    3.29704e+01   -1.00904e+04
    Kinetic En.   Total Energy  Conserved En.    Temperature Pressure (bar)
    1.57028e+03   -8.52009e+03    4.96140e+02    3.01454e+02    1.36566e+03
   Constr. rmsd
    0.00000e+00

           Step           Time
        2170000     2170.00000

   Energies (kJ/mol)
        G96Bond       G96Angle    Proper Dih.  Improper Dih.          LJ-14
    1.70919e+01    3.87290e+01    1.17044e+01    1.03395e+01    2.24753e+01
     Coulomb-14        LJ (SR)   Coulomb (SR)   Coul. recip.      Potential
   -1.97266e+03    1.44345e+03   -9.52289e+03    2.83394e+01   -9.92341e+03
    Kinetic En.   Total Energy  Conserved En.    Temperature Pressure (bar)
    1.58244e+03   -8.34098e+03    4.90330e+02    3.03788e+02    1.01678e+03
   Constr. rmsd
    0.00000e+00

           Step           Time
        2175000     2175.00000

   Energies (kJ/mol)
        G96Bond       G96Angle    Proper Dih.  Improper Dih.          LJ-14
    1.21703e+01    4.24760e+01    3.17312e+00    3.31854e+00    3.66533e+01
     Coulomb-14        LJ (SR)   Coulomb (SR)   Coul. recip.      Potential
   -1.98790e+03    1.17744e+03   -9.23144e+03    2.85547e+01   -9.91556e+03
    Kinetic En.   Total Energy  Conserved En.    Temperature Pressure (bar)
    1.53459e+03   -8.38097e+03    5.01377e+02    2.94603e+02   -1.60292e+03
   Constr. rmsd
    0.00000e+00

           Step           Time
        2180000     2180.00000

   Energies (kJ/mol)
        G96Bond       G96Angle    Proper Dih.  Improper Dih.          LJ-14
    2.52475e+01    4.28928e+01    8.98568e+00    2.44255e+00    2.52503e+01
     Coulomb-14        LJ (SR)   Coulomb (SR)   Coul. recip.      Potential
   -1.97840e+03    1.45583e+03   -9.51669e+03    2.21199e+01   -9.91232e+03
    Kinetic En.   Total Energy  Conserved En.    Temperature Pressure (bar)
    1.59921e+03   -8.31311e+03    5.13493e+02    3.07008e+02    1.14563e+03
   Constr. rmsd
    0.00000e+00

           Step           Time
        2185000     2185.00000

   Energies (kJ/mol)
        G96Bond       G96Angle    Proper Dih.  Improper Dih.          LJ-14
    1.47095e+01    4.04438e+01    6.79622e+00    4.02013e+00    2.64142e+01
     Coulomb-14        LJ (SR)   Coulomb (SR)   Coul. recip.      Potential
   -1.97436e+03    1.35787e+03   -9.37286e+03    2.67844e+01   -9.87018e+03
    Kinetic En.   Total Energy  Conserved En.    Temperature Pressure (bar)
    1.60859e+03   -8.26159e+03    5.26346e+02    3.08810e+02    1.98670e+02
   Constr. rmsd
    0.00000e+00

           Step           Time
        2190000     2190.00000

   Energies (kJ/mol)
        G96Bond       G96Angle    Proper Dih.  Improper Dih.          LJ-14
    1.28457e+01    2.78357e+01    5.87736e+00    6.62572e-01    2.92615e+01
     Coulomb-14        LJ (SR)   Coulomb (SR)   Coul. recip.      Potential
   -1.98728e+03    1.33746e+03   -9.39381e+03    2.49334e+01   -9.94221e+03
    Kinetic En.   Total Energy  Conserved En.    Temperature Pressure (bar)
    1.61796e+03   -8.32425e+03    5.33262e+02    3.10608e+02   -3.53471e+02
   Constr. rmsd
    0.00000e+00

           Step           Time
        2195000     2195.00000

   Energies (kJ/mol)
        G96Bond       G96Angle    Proper Dih.  Improper Dih.          LJ-14
    1.41968e+01    3.12617e+01    8.31708e+00    6.47603e+00    2.70475e+01
     Coulomb-14        LJ (SR)   Coulomb (SR)   Coul. recip.      Potential
   -1.98037e+03    1.34582e+03   -9.26984e+03    2.37450e+01   -9.79334e+03
    Kinetic En.   Total Energy  Conserved En.    Temperature Pressure (bar)
    1.58106e+03   -8.21228e+03    5.34704e+02    3.03524e+02   -6.94783e+02
   Constr. rmsd
    0.00000e+00

           Step           Time
        2200000     2200.00000

   Energies (kJ/mol)
        G96Bond       G96Angle    Proper Dih.  Improper Dih.          LJ-14
    1.25060e+01    4.68385e+01    1.11099e+01    1.69263e+00    3.18832e+01
     Coulomb-14        LJ (SR)   Coulomb (SR)   Coul. recip.      Potential
   -1.98438e+03    1.36572e+03   -9.25207e+03    2.65460e+01   -9.74016e+03
    Kinetic En.   Total Energy  Conserved En.    Temperature Pressure (bar)
    1.53277e+03   -8.20739e+03    5.68093e+02    2.94254e+02   -8.90505e+01
   Constr. rmsd
    0.00000e+00

           Step           Time
        2205000     2205.00000

   Energies (kJ/mol)
        G96Bond       G96Angle    Proper Dih.  Improper Dih.          LJ-14
    1.27086e+01    3.27630e+01    1.03303e+01    1.71864e+01    3.04839e+01
     Coulomb-14        LJ (SR)   Coulomb (SR)   Coul. recip.      Potential
   -1.98259e+03    1.43153e+03   -9.39463e+03    2.92753e+01   -9.81294e+03
    Kinetic En.   Total Energy  Conserved En.    Temperature Pressure (bar)
    1.63007e+03   -8.18288e+03    5.95907e+02    3.12932e+02    6.55733e+01
   Constr. rmsd
    0.00000e+00

           Step           Time
        2210000     2210.00000

   Energies (kJ/mol)
        G96Bond       G96Angle    Proper Dih.  Improper Dih.          LJ-14
    1.92596e+01    3.53713e+01    1.11470e+01    9.52578e+00    3.07664e+01
     Coulomb-14        LJ (SR)   Coulomb (SR)   Coul. recip.      Potential
   -1.98392e+03    1.40780e+03   -9.49376e+03    3.53612e+01   -9.92845e+03
    Kinetic En.   Total Energy  Conserved En.    Temperature Pressure (bar)
    1.55857e+03   -8.36987e+03    6.21078e+02    2.99207e+02    6.14839e+02
   Constr. rmsd
    0.00000e+00

           Step           Time
        2215000     2215.00000

   Energies (kJ/mol)
        G96Bond       G96Angle    Proper Dih.  Improper Dih.          LJ-14
    1.77705e+01    4.23606e+01    1.04624e+01    9.19628e+00    3.33052e+01
     Coulomb-14        LJ (SR)   Coulomb (SR)   Coul. recip.      Potential
   -1.98529e+03    1.27708e+03   -9.35569e+03    1.72794e+01   -9.93353e+03
    Kinetic En.   Total Energy  Conserved En.    Temperature Pressure (bar)
    1.50973e+03   -8.42379e+03    6.33558e+02    2.89831e+02   -1.02236e+03
   Constr. rmsd
    0.00000e+00

           Step           Time
        2220000     2220.00000

   Energies (kJ/mol)
        G96Bond       G96Angle    Proper Dih.  Improper Dih.          LJ-14
    9.27029e+00    4.75211e+01    1.12977e+01    1.52727e+01    4.08955e+01
     Coulomb-14        LJ (SR)   Coulomb (SR)   Coul. recip.      Potential
   -2.00161e+03    1.50889e+03   -9.51443e+03    2.94968e+01   -9.85340e+03
    Kinetic En.   Total Energy  Conserved En.    Temperature Pressure (bar)
    1.66224e+03   -8.19116e+03    6.53435e+02    3.19108e+02    1.16101e+03
   Constr. rmsd
    0.00000e+00

           Step           Time
        2225000     2225.00000

   Energies (kJ/mol)
        G96Bond       G96Angle    Proper Dih.  Improper Dih.          LJ-14
    1.71973e+01    5.25780e+01    7.56886e+00    1.63658e+01    3.45285e+01
     Coulomb-14        LJ (SR)   Coulomb (SR)   Coul. recip.      Potential
   -1.99896e+03    1.45339e+03   -9.55977e+03    2.36804e+01   -9.95342e+03
    Kinetic En.   Total Energy  Conserved En.    Temperature Pressure (bar)
    1.58005e+03   -8.37337e+03    6.96164e+02    3.03330e+02    5.86580e+02
   Constr. rmsd
    0.00000e+00

           Step           Time
        2230000     2230.00000

   Energies (kJ/mol)
        G96Bond       G96Angle    Proper Dih.  Improper Dih.          LJ-14
    1.31266e+01    3.56015e+01    1.41419e+01    1.51869e+00    2.69294e+01
     Coulomb-14        LJ (SR)   Coulomb (SR)   Coul. recip.      Potential
   -1.97613e+03    1.26420e+03   -9.29674e+03    2.41353e+01   -9.89321e+03
    Kinetic En.   Total Energy  Conserved En.    Temperature Pressure (bar)
    1.52396e+03   -8.36925e+03    6.75253e+02    2.92563e+02   -1.02816e+03
   Constr. rmsd
    0.00000e+00

           Step           Time
        2235000     2235.00000

   Energies (kJ/mol)
        G96Bond       G96Angle    Proper Dih.  Improper Dih.          LJ-14
    1.07843e+01    5.12579e+01    1.80510e+01    1.20475e+00    3.51041e+01
     Coulomb-14        LJ (SR)   Coulomb (SR)   Coul. recip.      Potential
   -1.98714e+03    1.22384e+03   -9.29208e+03    3.05261e+01   -9.90846e+03
    Kinetic En.   Total Energy  Conserved En.    Temperature Pressure (bar)
    1.58859e+03   -8.31987e+03    6.93643e+02    3.04969e+02   -1.54915e+03
   Constr. rmsd
    0.00000e+00

           Step           Time
        2240000     2240.00000

   Energies (kJ/mol)
        G96Bond       G96Angle    Proper Dih.  Improper Dih.          LJ-14
    8.39569e+00    2.96310e+01    4.25243e+00    1.04253e+01    3.02791e+01
     Coulomb-14        LJ (SR)   Coulomb (SR)   Coul. recip.      Potential
   -1.98202e+03    1.27933e+03   -9.31977e+03    3.05418e+01   -9.90893e+03
    Kinetic En.   Total Energy  Conserved En.    Temperature Pressure (bar)
    1.58888e+03   -8.32005e+03    6.89131e+02    3.05025e+02   -1.31054e+03
   Constr. rmsd
    0.00000e+00

           Step           Time
        2245000     2245.00000

   Energies (kJ/mol)
        G96Bond       G96Angle    Proper Dih.  Improper Dih.          LJ-14
    1.42315e+01    2.27705e+01    1.23616e+01    4.49473e+00    3.65434e+01
     Coulomb-14        LJ (SR)   Coulomb (SR)   Coul. recip.      Potential
   -2.00002e+03    1.38566e+03   -9.40808e+03    3.21920e+01   -9.89984e+03
    Kinetic En.   Total Energy  Conserved En.    Temperature Pressure (bar)
    1.54048e+03   -8.35937e+03    7.16289e+02    2.95733e+02    6.30654e+02
   Constr. rmsd
    0.00000e+00

           Step           Time
        2250000     2250.00000

   Energies (kJ/mol)
        G96Bond       G96Angle    Proper Dih.  Improper Dih.          LJ-14
    1.38413e+01    2.58090e+01    1.48975e+01    7.76173e+00    2.90966e+01
     Coulomb-14        LJ (SR)   Coulomb (SR)   Coul. recip.      Potential
   -1.99015e+03    1.28768e+03   -9.23504e+03    2.75451e+01   -9.81856e+03
    Kinetic En.   Total Energy  Conserved En.    Temperature Pressure (bar)
    1.57919e+03   -8.23936e+03    7.37984e+02    3.03166e+02   -5.80279e+02
   Constr. rmsd
    0.00000e+00

           Step           Time
        2255000     2255.00000

   Energies (kJ/mol)
        G96Bond       G96Angle    Proper Dih.  Improper Dih.          LJ-14
    2.08194e+01    4.12003e+01    3.57135e+00    1.26899e+01    3.33838e+01
     Coulomb-14        LJ (SR)   Coulomb (SR)   Coul. recip.      Potential
   -1.98370e+03    1.35956e+03   -9.45160e+03    3.73173e+01   -9.92675e+03
    Kinetic En.   Total Energy  Conserved En.    Temperature Pressure (bar)
    1.60102e+03   -8.32574e+03    7.45650e+02    3.07355e+02   -1.94387e+01
   Constr. rmsd
    0.00000e+00

           Step           Time
        2260000     2260.00000

   Energies (kJ/mol)
        G96Bond       G96Angle    Proper Dih.  Improper Dih.          LJ-14
    9.41957e+00    2.84503e+01    5.90971e+00    1.61953e+00    2.38201e+01
     Coulomb-14        LJ (SR)   Coulomb (SR)   Coul. recip.      Potential
   -1.96218e+03    1.25462e+03   -9.20365e+03    3.11738e+01   -9.81082e+03
    Kinetic En.   Total Energy  Conserved En.    Temperature Pressure (bar)
    1.48084e+03   -8.32998e+03    7.86524e+02    2.84284e+02   -1.57906e+03
   Constr. rmsd
    0.00000e+00

           Step           Time
        2265000     2265.00000

   Energies (kJ/mol)
        G96Bond       G96Angle    Proper Dih.  Improper Dih.          LJ-14
    2.17026e+01    4.67365e+01    2.10664e+01    1.60496e+01    3.03028e+01
     Coulomb-14        LJ (SR)   Coulomb (SR)   Coul. recip.      Potential
   -1.98297e+03    1.25847e+03   -9.09547e+03    2.69334e+01   -9.65718e+03
    Kinetic En.   Total Energy  Conserved En.    Temperature Pressure (bar)
    1.58273e+03   -8.07445e+03    7.49579e+02    3.03845e+02   -1.23269e+03
   Constr. rmsd
    0.00000e+00

           Step           Time
        2270000     2270.00000

   Energies (kJ/mol)
        G96Bond       G96Angle    Proper Dih.  Improper Dih.          LJ-14
    3.10907e+01    5.50759e+01    1.45861e+01    7.07331e+00    3.04403e+01
     Coulomb-14        LJ (SR)   Coulomb (SR)   Coul. recip.      Potential
   -1.98990e+03    1.25742e+03   -9.17043e+03    2.07684e+01   -9.74388e+03
    Kinetic En.   Total Energy  Conserved En.    Temperature Pressure (bar)
    1.59856e+03   -8.14532e+03    7.53832e+02    3.06883e+02   -9.87105e+02
   Constr. rmsd
    0.00000e+00

           Step           Time
        2275000     2275.00000

   Energies (kJ/mol)
        G96Bond       G96Angle    Proper Dih.  Improper Dih.          LJ-14
    2.60426e+01    3.51342e+01    6.05234e+00    1.50051e+01    2.55676e+01
     Coulomb-14        LJ (SR)   Coulomb (SR)   Coul. recip.      Potential
   -1.96593e+03    1.38318e+03   -9.46051e+03    2.79960e+01   -9.90746e+03
    Kinetic En.   Total Energy  Conserved En.    Temperature Pressure (bar)
    1.57158e+03   -8.33587e+03    8.37021e+02    3.01705e+02   -1.22159e+03
   Constr. rmsd
    0.00000e+00

           Step           Time
        2280000     2280.00000

   Energies (kJ/mol)
        G96Bond       G96Angle    Proper Dih.  Improper Dih.          LJ-14
    1.39238e+01    3.58980e+01    8.85008e+00    9.96226e+00    3.60966e+01
     Coulomb-14        LJ (SR)   Coulomb (SR)   Coul. recip.      Potential
   -1.98386e+03    1.31389e+03   -9.33133e+03    3.12754e+01   -9.86530e+03
    Kinetic En.   Total Energy  Conserved En.    Temperature Pressure (bar)
    1.53310e+03   -8.33220e+03    8.37302e+02    2.94317e+02   -1.04245e+03
   Constr. rmsd
    0.00000e+00

           Step           Time
        2285000     2285.00000

   Energies (kJ/mol)
        G96Bond       G96Angle    Proper Dih.  Improper Dih.          LJ-14
    1.39623e+01    6.03771e+01    7.31032e+00    1.84824e+00    2.47397e+01
     Coulomb-14        LJ (SR)   Coulomb (SR)   Coul. recip.      Potential
   -1.97844e+03    1.42676e+03   -9.37155e+03    3.37448e+01   -9.78125e+03
    Kinetic En.   Total Energy  Conserved En.    Temperature Pressure (bar)
    1.51226e+03   -8.26898e+03    8.55001e+02    2.90317e+02   -2.48564e+02
   Constr. rmsd
    0.00000e+00

           Step           Time
        2290000     2290.00000

   Energies (kJ/mol)
        G96Bond       G96Angle    Proper Dih.  Improper Dih.          LJ-14
    1.17603e+01    4.66408e+01    6.84648e+00    5.33614e+00    2.89176e+01
     Coulomb-14        LJ (SR)   Coulomb (SR)   Coul. recip.      Potential
   -1.97923e+03    1.63715e+03   -9.79287e+03    3.80711e+01   -9.99737e+03
    Kinetic En.   Total Energy  Conserved En.    Temperature Pressure (bar)
    1.58076e+03   -8.41661e+03    9.10695e+02    3.03467e+02    1.78649e+03
   Constr. rmsd
    0.00000e+00

           Step           Time
        2295000     2295.00000

   Energies (kJ/mol)
        G96Bond       G96Angle    Proper Dih.  Improper Dih.          LJ-14
    5.51164e+01    4.36706e+01    4.27470e+00    1.27674e+01    3.43145e+01
     Coulomb-14        LJ (SR)   Coulomb (SR)   Coul. recip.      Potential
   -2.01132e+03    1.27465e+03   -9.22117e+03    2.60388e+01   -9.78166e+03
    Kinetic En.   Total Energy  Conserved En.    Temperature Pressure (bar)
    1.44320e+03   -8.33846e+03    9.15600e+02    2.77059e+02    5.30142e+02
   Constr. rmsd
    0.00000e+00

           Step           Time
        2300000     2300.00000

   Energies (kJ/mol)
        G96Bond       G96Angle    Proper Dih.  Improper Dih.          LJ-14
    1.85378e+01    7.17579e+01    1.88782e+01    7.93910e+00    4.15479e+01
     Coulomb-14        LJ (SR)   Coulomb (SR)   Coul. recip.      Potential
   -2.01434e+03    1.21492e+03   -9.18559e+03    2.54832e+01   -9.80086e+03
    Kinetic En.   Total Energy  Conserved En.    Temperature Pressure (bar)
    1.58359e+03   -8.21727e+03    9.27031e+02    3.04010e+02   -8.44601e+02
   Constr. rmsd
    0.00000e+00

           Step           Time
        2305000     2305.00000

   Energies (kJ/mol)
        G96Bond       G96Angle    Proper Dih.  Improper Dih.          LJ-14
    4.48236e+01    3.22757e+01    7.24683e+00    2.46695e+00    3.89473e+01
     Coulomb-14        LJ (SR)   Coulomb (SR)   Coul. recip.      Potential
   -1.98958e+03    1.33503e+03   -9.26164e+03    2.77414e+01   -9.76269e+03
    Kinetic En.   Total Energy  Conserved En.    Temperature Pressure (bar)
    1.47248e+03   -8.29022e+03    9.52736e+02    2.82678e+02    4.34087e+01
   Constr. rmsd
    0.00000e+00

           Step           Time
        2310000     2310.00000

   Energies (kJ/mol)
        G96Bond       G96Angle    Proper Dih.  Improper Dih.          LJ-14
    1.05749e+01    3.85730e+01    1.68502e+01    3.42607e+00    2.41028e+01
     Coulomb-14        LJ (SR)   Coulomb (SR)   Coul. recip.      Potential
   -1.97677e+03    1.25770e+03   -9.36854e+03    2.84521e+01   -9.96563e+03
    Kinetic En.   Total Energy  Conserved En.    Temperature Pressure (bar)
    1.59428e+03   -8.37136e+03    9.49586e+02    3.06061e+02   -1.24425e+03
   Constr. rmsd
    0.00000e+00

           Step           Time
        2315000     2315.00000

   Energies (kJ/mol)
        G96Bond       G96Angle    Proper Dih.  Improper Dih.          LJ-14
    1.18794e+01    4.45389e+01    8.35387e+00    1.01760e+01    2.66659e+01
     Coulomb-14        LJ (SR)   Coulomb (SR)   Coul. recip.      Potential
   -1.98147e+03    1.21841e+03   -9.07807e+03    3.87864e+01   -9.70073e+03
    Kinetic En.   Total Energy  Conserved En.    Temperature Pressure (bar)
    1.67301e+03   -8.02773e+03    9.71375e+02    3.21175e+02   -1.18593e+03
   Constr. rmsd
    0.00000e+00

           Step           Time
        2320000     2320.00000

   Energies (kJ/mol)
        G96Bond       G96Angle    Proper Dih.  Improper Dih.          LJ-14
    1.45149e+01    4.07054e+01    8.47911e+00    2.52412e+01    2.80741e+01
     Coulomb-14        LJ (SR)   Coulomb (SR)   Coul. recip.      Potential
   -1.97838e+03    1.25203e+03   -9.14737e+03    2.72072e+01   -9.72949e+03
    Kinetic En.   Total Energy  Conserved En.    Temperature Pressure (bar)
    1.58953e+03   -8.13996e+03    1.00376e+03    3.05150e+02    1.80266e+02
   Constr. rmsd
    0.00000e+00

           Step           Time
        2325000     2325.00000

   Energies (kJ/mol)
        G96Bond       G96Angle    Proper Dih.  Improper Dih.          LJ-14
    1.29945e+01    3.75677e+01    9.58354e+00    1.30148e+01    3.23102e+01
     Coulomb-14        LJ (SR)   Coulomb (SR)   Coul. recip.      Potential
   -1.98380e+03    1.36869e+03   -9.37179e+03    2.69357e+01   -9.85449e+03
    Kinetic En.   Total Energy  Conserved En.    Temperature Pressure (bar)
    1.64960e+03   -8.20488e+03    9.97974e+02    3.16682e+02   -1.56707e+01
   Constr. rmsd
    0.00000e+00

           Step           Time
        2330000     2330.00000

   Energies (kJ/mol)
        G96Bond       G96Angle    Proper Dih.  Improper Dih.          LJ-14
    1.01150e+01    4.73751e+01    9.85379e+00    5.81501e+00    4.19560e+01
     Coulomb-14        LJ (SR)   Coulomb (SR)   Coul. recip.      Potential
   -1.98442e+03    1.36810e+03   -9.28010e+03    2.82557e+01   -9.75306e+03
    Kinetic En.   Total Energy  Conserved En.    Temperature Pressure (bar)
    1.58287e+03   -8.17019e+03    1.00080e+03    3.03871e+02   -7.33380e+02
   Constr. rmsd
    0.00000e+00

           Step           Time
        2335000     2335.00000

   Energies (kJ/mol)
        G96Bond       G96Angle    Proper Dih.  Improper Dih.          LJ-14
    1.65189e+01    6.65480e+01    2.34913e+01    4.80218e+00    2.97037e+01
     Coulomb-14        LJ (SR)   Coulomb (SR)   Coul. recip.      Potential
   -1.99116e+03    1.28966e+03   -9.33167e+03    2.71105e+01   -9.86500e+03
    Kinetic En.   Total Energy  Conserved En.    Temperature Pressure (bar)
    1.51549e+03   -8.34950e+03    1.02418e+03    2.90937e+02   -1.06331e+03
   Constr. rmsd
    0.00000e+00

           Step           Time
        2340000     2340.00000

   Energies (kJ/mol)
        G96Bond       G96Angle    Proper Dih.  Improper Dih.          LJ-14
    1.36064e+01    4.20199e+01    1.23170e+01    3.81760e+00    3.47841e+01
     Coulomb-14        LJ (SR)   Coulomb (SR)   Coul. recip.      Potential
   -1.98231e+03    1.43310e+03   -9.55356e+03    3.10048e+01   -9.96522e+03
    Kinetic En.   Total Energy  Conserved En.    Temperature Pressure (bar)
    1.47270e+03   -8.49253e+03    1.02375e+03    2.82721e+02   -4.10160e+02
   Constr. rmsd
    0.00000e+00

           Step           Time
        2345000     2345.00000

   Energies (kJ/mol)
        G96Bond       G96Angle    Proper Dih.  Improper Dih.          LJ-14
    1.52196e+01    3.81832e+01    2.31239e+01    6.44257e+00    3.86771e+01
     Coulomb-14        LJ (SR)   Coulomb (SR)   Coul. recip.      Potential
   -2.01082e+03    1.44782e+03   -9.27523e+03    3.13755e+01   -9.68520e+03
    Kinetic En.   Total Energy  Conserved En.    Temperature Pressure (bar)
    1.52949e+03   -8.15571e+03    1.05295e+03    2.93624e+02    1.33286e+03
   Constr. rmsd
    0.00000e+00

           Step           Time
        2350000     2350.00000

   Energies (kJ/mol)
        G96Bond       G96Angle    Proper Dih.  Improper Dih.          LJ-14
    2.06358e+01    4.20744e+01    1.27386e+01    4.51326e+00    3.00933e+01
     Coulomb-14        LJ (SR)   Coulomb (SR)   Coul. recip.      Potential
   -1.97823e+03    1.37343e+03   -9.24692e+03    2.91812e+01   -9.71248e+03
    Kinetic En.   Total Energy  Conserved En.    Temperature Pressure (bar)
    1.54441e+03   -8.16808e+03    1.04467e+03    2.96488e+02   -5.60047e+02
   Constr. rmsd
    0.00000e+00

           Step           Time
        2355000     2355.00000

   Energies (kJ/mol)
        G96Bond       G96Angle    Proper Dih.  Improper Dih.          LJ-14
    2.46710e+01    3.00657e+01    5.43930e+00    1.42542e+01    3.30315e+01
     Coulomb-14        LJ (SR)   Coulomb (SR)   Coul. recip.      Potential
   -1.98617e+03    1.38658e+03   -9.28879e+03    2.95399e+01   -9.75138e+03
    Kinetic En.   Total Energy  Conserved En.    Temperature Pressure (bar)
    1.55018e+03   -8.20120e+03    1.05316e+03    2.97596e+02   -9.03847e+02
   Constr. rmsd
    0.00000e+00

           Step           Time
        2360000     2360.00000

   Energies (kJ/mol)
        G96Bond       G96Angle    Proper Dih.  Improper Dih.          LJ-14
    1.79106e+01    5.28364e+01    1.20935e+01    1.20334e+01    2.76550e+01
     Coulomb-14        LJ (SR)   Coulomb (SR)   Coul. recip.      Potential
   -1.97723e+03    1.33850e+03   -9.42186e+03    2.32943e+01   -9.91477e+03
    Kinetic En.   Total Energy  Conserved En.    Temperature Pressure (bar)
    1.53945e+03   -8.37532e+03    1.07900e+03    2.95536e+02   -1.43220e+03
   Constr. rmsd
    0.00000e+00

           Step           Time
        2365000     2365.00000

   Energies (kJ/mol)
        G96Bond       G96Angle    Proper Dih.  Improper Dih.          LJ-14
    3.60309e+01    3.28956e+01    5.48037e+00    7.00200e+00    3.79531e+01
     Coulomb-14        LJ (SR)   Coulomb (SR)   Coul. recip.      Potential
   -2.01020e+03    1.48123e+03   -9.44909e+03    3.11702e+01   -9.82754e+03
    Kinetic En.   Total Energy  Conserved En.    Temperature Pressure (bar)
    1.47011e+03   -8.35742e+03    1.09258e+03    2.82225e+02    1.34638e+03
   Constr. rmsd
    0.00000e+00

           Step           Time
        2370000     2370.00000

   Energies (kJ/mol)
        G96Bond       G96Angle    Proper Dih.  Improper Dih.          LJ-14
    1.61381e+01    6.30297e+01    9.09314e+00    9.55116e+00    4.32338e+01
     Coulomb-14        LJ (SR)   Coulomb (SR)   Coul. recip.      Potential
   -2.00434e+03    1.56793e+03   -9.50178e+03    2.44401e+01   -9.77271e+03
    Kinetic En.   Total Energy  Conserved En.    Temperature Pressure (bar)
    1.52619e+03   -8.24653e+03    1.10482e+03    2.92990e+02    4.46793e+02
   Constr. rmsd
    0.00000e+00

           Step           Time
        2375000     2375.00000

   Energies (kJ/mol)
        G96Bond       G96Angle    Proper Dih.  Improper Dih.          LJ-14
    2.35142e+01    3.22683e+01    9.00374e+00    2.03831e+01    3.37339e+01
     Coulomb-14        LJ (SR)   Coulomb (SR)   Coul. recip.      Potential
   -1.99687e+03    1.09470e+03   -9.03939e+03    2.63491e+01   -9.79630e+03
    Kinetic En.   Total Energy  Conserved En.    Temperature Pressure (bar)
    1.54873e+03   -8.24757e+03    1.13906e+03    2.97317e+02   -2.01979e+03
   Constr. rmsd
    0.00000e+00

           Step           Time
        2380000     2380.00000

   Energies (kJ/mol)
        G96Bond       G96Angle    Proper Dih.  Improper Dih.          LJ-14
    1.35653e+01    3.80783e+01    6.47461e+00    1.15287e+01    3.10243e+01
     Coulomb-14        LJ (SR)   Coulomb (SR)   Coul. recip.      Potential
   -1.98425e+03    1.25650e+03   -9.22932e+03    2.96104e+01   -9.82678e+03
    Kinetic En.   Total Energy  Conserved En.    Temperature Pressure (bar)
    1.52430e+03   -8.30247e+03    1.19367e+03    2.92628e+02   -7.59630e+02
   Constr. rmsd
    0.00000e+00

           Step           Time
        2385000     2385.00000

   Energies (kJ/mol)
        G96Bond       G96Angle    Proper Dih.  Improper Dih.          LJ-14
    3.03021e+01    5.12272e+01    1.10696e+01    1.44777e+01    4.68538e+01
     Coulomb-14        LJ (SR)   Coulomb (SR)   Coul. recip.      Potential
   -2.02714e+03    1.28486e+03   -9.24152e+03    2.92976e+01   -9.80057e+03
    Kinetic En.   Total Energy  Conserved En.    Temperature Pressure (bar)
    1.53725e+03   -8.26333e+03    1.19788e+03    2.95113e+02    9.52033e+02
   Constr. rmsd
    0.00000e+00

           Step           Time
        2390000     2390.00000

   Energies (kJ/mol)
        G96Bond       G96Angle    Proper Dih.  Improper Dih.          LJ-14
    1.36502e+01    4.63155e+01    5.54924e+00    1.56531e+00    4.31327e+01
     Coulomb-14        LJ (SR)   Coulomb (SR)   Coul. recip.      Potential
   -2.00308e+03    1.38486e+03   -9.48260e+03    2.60611e+01   -9.96454e+03
    Kinetic En.   Total Energy  Conserved En.    Temperature Pressure (bar)
    1.58807e+03   -8.37647e+03    1.23056e+03    3.04870e+02    5.89891e+02
   Constr. rmsd
    0.00000e+00

           Step           Time
        2395000     2395.00000

   Energies (kJ/mol)
        G96Bond       G96Angle    Proper Dih.  Improper Dih.          LJ-14
    2.38599e+01    5.22467e+01    2.90461e+01    7.99549e+00    3.69596e+01
     Coulomb-14        LJ (SR)   Coulomb (SR)   Coul. recip.      Potential
   -1.99922e+03    1.24649e+03   -9.10720e+03    2.88514e+01   -9.68097e+03
    Kinetic En.   Total Energy  Conserved En.    Temperature Pressure (bar)
    1.64537e+03   -8.03560e+03    1.24088e+03    3.15869e+02    7.02487e+02
   Constr. rmsd
    0.00000e+00

           Step           Time
        2400000     2400.00000

   Energies (kJ/mol)
        G96Bond       G96Angle    Proper Dih.  Improper Dih.          LJ-14
    1.63422e+01    6.56646e+01    1.15247e+01    7.96980e+00    3.39705e+01
     Coulomb-14        LJ (SR)   Coulomb (SR)   Coul. recip.      Potential
   -1.99396e+03    1.33059e+03   -9.32468e+03    2.70727e+01   -9.82552e+03
    Kinetic En.   Total Energy  Conserved En.    Temperature Pressure (bar)
    1.55823e+03   -8.26729e+03    1.24967e+03    2.99141e+02    2.84171e+02
   Constr. rmsd
    0.00000e+00

           Step           Time
        2405000     2405.00000

   Energies (kJ/mol)
        G96Bond       G96Angle    Proper Dih.  Improper Dih.          LJ-14
    1.71025e+01    3.87438e+01    1.03284e+01    1.05942e+01    3.39395e+01
     Coulomb-14        LJ (SR)   Coulomb (SR)   Coul. recip.      Potential
   -1.97852e+03    1.18842e+03   -9.18778e+03    3.10253e+01   -9.83614e+03
    Kinetic En.   Total Energy  Conserved En.    Temperature Pressure (bar)
    1.63508e+03   -8.20106e+03    1.23068e+03    3.13894e+02   -2.33603e+03
   Constr. rmsd
    0.00000e+00

           Step           Time
        2410000     2410.00000

   Energies (kJ/mol)
        G96Bond       G96Angle    Proper Dih.  Improper Dih.          LJ-14
    2.60991e+01    2.90589e+01    1.42152e+01    8.19680e+00    2.90874e+01
     Coulomb-14        LJ (SR)   Coulomb (SR)   Coul. recip.      Potential
   -1.98429e+03    1.41344e+03   -9.54843e+03    3.23927e+01   -9.98023e+03
    Kinetic En.   Total Energy  Conserved En.    Temperature Pressure (bar)
    1.64872e+03   -8.33151e+03    1.28043e+03    3.16513e+02    2.87695e+02
   Constr. rmsd
    0.00000e+00

           Step           Time
        2415000     2415.00000

   Energies (kJ/mol)
        G96Bond       G96Angle    Proper Dih.  Improper Dih.          LJ-14
    2.86508e+01    3.98995e+01    6.13053e+00    4.66883e+00    3.90008e+01
     Coulomb-14        LJ (SR)   Coulomb (SR)   Coul. recip.      Potential
   -2.00437e+03    1.52279e+03   -9.63208e+03    2.40942e+01   -9.97122e+03
    Kinetic En.   Total Energy  Conserved En.    Temperature Pressure (bar)
    1.64841e+03   -8.32281e+03    1.25991e+03    3.16454e+02    8.80452e+02
   Constr. rmsd
    0.00000e+00

           Step           Time
        2420000     2420.00000

   Energies (kJ/mol)
        G96Bond       G96Angle    Proper Dih.  Improper Dih.          LJ-14
    1.68787e+01    4.24530e+01    1.23900e+01    1.11366e+01    2.58271e+01
     Coulomb-14        LJ (SR)   Coulomb (SR)   Coul. recip.      Potential
   -1.97599e+03    1.20431e+03   -9.27158e+03    2.81397e+01   -9.90643e+03
    Kinetic En.   Total Energy  Conserved En.    Temperature Pressure (bar)
    1.55320e+03   -8.35323e+03    1.26802e+03    2.98176e+02   -2.46800e+03
   Constr. rmsd
    0.00000e+00

           Step           Time
        2425000     2425.00000

   Energies (kJ/mol)
        G96Bond       G96Angle    Proper Dih.  Improper Dih.          LJ-14
    2.36139e+01    3.31628e+01    7.48601e+00    1.44467e+01    3.23437e+01
     Coulomb-14        LJ (SR)   Coulomb (SR)   Coul. recip.      Potential
   -1.98408e+03    1.37627e+03   -9.34575e+03    2.78001e+01   -9.81472e+03
    Kinetic En.   Total Energy  Conserved En.    Temperature Pressure (bar)
    1.55286e+03   -8.26186e+03    1.30283e+03    2.98110e+02    2.80303e+02
   Constr. rmsd
    0.00000e+00

           Step           Time
        2430000     2430.00000

   Energies (kJ/mol)
        G96Bond       G96Angle    Proper Dih.  Improper Dih.          LJ-14
    4.47743e+01    3.46312e+01    9.53373e+00    1.96096e+00    3.48002e+01
     Coulomb-14        LJ (SR)   Coulomb (SR)   Coul. recip.      Potential
   -1.99321e+03    1.23400e+03   -9.26419e+03    3.26737e+01   -9.86502e+03
    Kinetic En.   Total Energy  Conserved En.    Temperature Pressure (bar)
    1.57603e+03   -8.28899e+03    1.38069e+03    3.02558e+02    9.85163e+02
   Constr. rmsd
    0.00000e+00

           Step           Time
        2435000     2435.00000

   Energies (kJ/mol)
        G96Bond       G96Angle    Proper Dih.  Improper Dih.          LJ-14
    2.26720e+01    4.61304e+01    1.60886e+01    1.53057e+01    3.08442e+01
     Coulomb-14        LJ (SR)   Coulomb (SR)   Coul. recip.      Potential
   -1.98515e+03    1.44388e+03   -9.58090e+03    2.17636e+01   -9.96936e+03
    Kinetic En.   Total Energy  Conserved En.    Temperature Pressure (bar)
    1.58850e+03   -8.38086e+03    1.37992e+03    3.04952e+02    2.63029e+02
   Constr. rmsd
    0.00000e+00

           Step           Time
        2440000     2440.00000

   Energies (kJ/mol)
        G96Bond       G96Angle    Proper Dih.  Improper Dih.          LJ-14
    1.40272e+01    4.64669e+01    4.08057e+00    9.60863e+00    3.32618e+01
     Coulomb-14        LJ (SR)   Coulomb (SR)   Coul. recip.      Potential
   -1.99519e+03    1.31109e+03   -9.30058e+03    2.63781e+01   -9.85085e+03
    Kinetic En.   Total Energy  Conserved En.    Temperature Pressure (bar)
    1.63761e+03   -8.21323e+03    1.37898e+03    3.14381e+02   -2.24387e+02
   Constr. rmsd
    0.00000e+00

           Step           Time
        2445000     2445.00000

   Energies (kJ/mol)
        G96Bond       G96Angle    Proper Dih.  Improper Dih.          LJ-14
    2.87727e+01    6.05335e+01    3.88271e+00    1.15030e+01    3.70564e+01
     Coulomb-14        LJ (SR)   Coulomb (SR)   Coul. recip.      Potential
   -1.98962e+03    1.33964e+03   -9.25308e+03    3.56339e+01   -9.72567e+03
    Kinetic En.   Total Energy  Conserved En.    Temperature Pressure (bar)
    1.63859e+03   -8.08708e+03    1.39610e+03    3.14568e+02    1.49679e+03
   Constr. rmsd
    0.00000e+00

           Step           Time
        2450000     2450.00000

   Energies (kJ/mol)
        G96Bond       G96Angle    Proper Dih.  Improper Dih.          LJ-14
    1.86274e+01    5.32482e+01    5.95942e+00    3.44983e+00    3.23191e+01
     Coulomb-14        LJ (SR)   Coulomb (SR)   Coul. recip.      Potential
   -1.98539e+03    1.28543e+03   -9.31129e+03    2.82848e+01   -9.86936e+03
    Kinetic En.   Total Energy  Conserved En.    Temperature Pressure (bar)
    1.55519e+03   -8.31417e+03    1.41571e+03    2.98557e+02   -4.64883e+02
   Constr. rmsd
    0.00000e+00

           Step           Time
        2455000     2455.00000

   Energies (kJ/mol)
        G96Bond       G96Angle    Proper Dih.  Improper Dih.          LJ-14
    2.55547e+01    5.68167e+01    1.00625e+01    4.99610e+00    3.82232e+01
     Coulomb-14        LJ (SR)   Coulomb (SR)   Coul. recip.      Potential
   -1.98526e+03    1.38008e+03   -9.43255e+03    3.26408e+01   -9.86943e+03
    Kinetic En.   Total Energy  Conserved En.    Temperature Pressure (bar)
    1.63406e+03   -8.23537e+03    1.43060e+03    3.13699e+02   -6.34449e+02
   Constr. rmsd
    0.00000e+00

           Step           Time
        2460000     2460.00000

   Energies (kJ/mol)
        G96Bond       G96Angle    Proper Dih.  Improper Dih.          LJ-14
    1.83402e+01    5.19479e+01    9.42635e+00    1.08591e+01    3.50762e+01
     Coulomb-14        LJ (SR)   Coulomb (SR)   Coul. recip.      Potential
   -1.98415e+03    1.51457e+03   -9.61593e+03    2.21941e+01   -9.93767e+03
    Kinetic En.   Total Energy  Conserved En.    Temperature Pressure (bar)
    1.55208e+03   -8.38559e+03    1.47968e+03    2.97960e+02    1.63590e+03
   Constr. rmsd
    0.00000e+00

           Step           Time
        2465000     2465.00000

   Energies (kJ/mol)
        G96Bond       G96Angle    Proper Dih.  Improper Dih.          LJ-14
    1.94614e+01    4.33923e+01    1.16061e+01    5.89579e+00    2.73114e+01
     Coulomb-14        LJ (SR)   Coulomb (SR)   Coul. recip.      Potential
   -1.99019e+03    1.40116e+03   -9.57246e+03    2.31061e+01   -1.00307e+04
    Kinetic En.   Total Energy  Conserved En.    Temperature Pressure (bar)
    1.58105e+03   -8.44966e+03    1.51576e+03    3.03522e+02    5.89998e+02
   Constr. rmsd
    0.00000e+00

           Step           Time
        2470000     2470.00000

   Energies (kJ/mol)
        G96Bond       G96Angle    Proper Dih.  Improper Dih.          LJ-14
    1.37603e+01    4.84777e+01    9.40012e+00    3.80429e+00    3.19355e+01
     Coulomb-14        LJ (SR)   Coulomb (SR)   Coul. recip.      Potential
   -1.97789e+03    1.34038e+03   -9.37806e+03    2.29040e+01   -9.88529e+03
    Kinetic En.   Total Energy  Conserved En.    Temperature Pressure (bar)
    1.57764e+03   -8.30766e+03    1.52082e+03    3.02867e+02   -4.21466e+01
   Constr. rmsd
    0.00000e+00

           Step           Time
        2475000     2475.00000

   Energies (kJ/mol)
        G96Bond       G96Angle    Proper Dih.  Improper Dih.          LJ-14
    1.20529e+01    3.36918e+01    1.58337e+01    3.22308e+00    3.38068e+01
     Coulomb-14        LJ (SR)   Coulomb (SR)   Coul. recip.      Potential
   -1.98366e+03    1.47985e+03   -9.55181e+03    3.11875e+01   -9.92582e+03
    Kinetic En.   Total Energy  Conserved En.    Temperature Pressure (bar)
    1.49118e+03   -8.43465e+03    1.50525e+03    2.86269e+02    6.95819e+02
   Constr. rmsd
    0.00000e+00

           Step           Time
        2480000     2480.00000

   Energies (kJ/mol)
        G96Bond       G96Angle    Proper Dih.  Improper Dih.          LJ-14
    1.35946e+01    4.44589e+01    7.67209e+00    1.61141e+01    3.26818e+01
     Coulomb-14        LJ (SR)   Coulomb (SR)   Coul. recip.      Potential
   -1.99189e+03    1.37645e+03   -9.56612e+03    2.36533e+01   -1.00434e+04
    Kinetic En.   Total Energy  Conserved En.    Temperature Pressure (bar)
    1.57736e+03   -8.46602e+03    1.53877e+03    3.02814e+02   -3.82842e+02
   Constr. rmsd
    0.00000e+00

           Step           Time
        2485000     2485.00000

   Energies (kJ/mol)
        G96Bond       G96Angle    Proper Dih.  Improper Dih.          LJ-14
    1.28378e+01    3.12661e+01    5.08342e+00    1.65303e+01    2.13671e+01
     Coulomb-14        LJ (SR)   Coulomb (SR)   Coul. recip.      Potential
   -1.96086e+03    1.36583e+03   -9.41487e+03    2.67681e+01   -9.89605e+03
    Kinetic En.   Total Energy  Conserved En.    Temperature Pressure (bar)
    1.54829e+03   -8.34776e+03    1.57024e+03    2.97233e+02    9.30435e+01
   Constr. rmsd
    0.00000e+00

           Step           Time
        2490000     2490.00000

   Energies (kJ/mol)
        G96Bond       G96Angle    Proper Dih.  Improper Dih.          LJ-14
    1.30347e+01    4.28978e+01    1.19020e+01    1.88702e+01    3.05939e+01
     Coulomb-14        LJ (SR)   Coulomb (SR)   Coul. recip.      Potential
   -1.97879e+03    1.34888e+03   -9.33118e+03    2.69199e+01   -9.81686e+03
    Kinetic En.   Total Energy  Conserved En.    Temperature Pressure (bar)
    1.53970e+03   -8.27717e+03    1.58569e+03    2.95583e+02    2.24827e+01
   Constr. rmsd
    0.00000e+00

           Step           Time
        2495000     2495.00000

   Energies (kJ/mol)
        G96Bond       G96Angle    Proper Dih.  Improper Dih.          LJ-14
    1.15201e+01    3.54435e+01    9.37340e+00    4.06330e+00    3.07048e+01
     Coulomb-14        LJ (SR)   Coulomb (SR)   Coul. recip.      Potential
   -1.97695e+03    1.48668e+03   -9.65061e+03    2.12375e+01   -1.00285e+04
    Kinetic En.   Total Energy  Conserved En.    Temperature Pressure (bar)
    1.59079e+03   -8.43775e+03    1.59879e+03    3.05392e+02    6.23984e+02
   Constr. rmsd
    0.00000e+00

           Step           Time
        2500000     2500.00000

   Energies (kJ/mol)
        G96Bond       G96Angle    Proper Dih.  Improper Dih.          LJ-14
    1.03330e+01    2.89389e+01    2.82045e+00    1.13722e+01    3.18953e+01
     Coulomb-14        LJ (SR)   Coulomb (SR)   Coul. recip.      Potential
   -1.97878e+03    1.53003e+03   -9.62362e+03    1.95207e+01   -9.96749e+03
    Kinetic En.   Total Energy  Conserved En.    Temperature Pressure (bar)
    1.62244e+03   -8.34505e+03    1.63275e+03    3.11468e+02    1.42970e+03
   Constr. rmsd
    0.00000e+00

           Step           Time
        2505000     2505.00000

   Energies (kJ/mol)
        G96Bond       G96Angle    Proper Dih.  Improper Dih.          LJ-14
    1.65999e+01    4.63678e+01    6.35466e+00    2.32124e+00    2.39093e+01
     Coulomb-14        LJ (SR)   Coulomb (SR)   Coul. recip.      Potential
   -1.97482e+03    1.56006e+03   -9.48355e+03    2.96641e+01   -9.77310e+03
    Kinetic En.   Total Energy  Conserved En.    Temperature Pressure (bar)
    1.56634e+03   -8.20675e+03    1.61856e+03    3.00699e+02    1.59752e+03
   Constr. rmsd
    0.00000e+00

           Step           Time
        2510000     2510.00000

   Energies (kJ/mol)
        G96Bond       G96Angle    Proper Dih.  Improper Dih.          LJ-14
    9.74725e+00    3.78681e+01    7.81049e+00    7.16238e+00    2.72734e+01
     Coulomb-14        LJ (SR)   Coulomb (SR)   Coul. recip.      Potential
   -1.97188e+03    1.39031e+03   -9.36534e+03    2.82597e+01   -9.82879e+03
    Kinetic En.   Total Energy  Conserved En.    Temperature Pressure (bar)
    1.56063e+03   -8.26816e+03    1.61061e+03    2.99603e+02   -2.30995e+02
   Constr. rmsd
    0.00000e+00

           Step           Time
        2515000     2515.00000

   Energies (kJ/mol)
        G96Bond       G96Angle    Proper Dih.  Improper Dih.          LJ-14
    1.91212e+01    5.17391e+01    1.27213e+01    1.53448e+01    3.20568e+01
     Coulomb-14        LJ (SR)   Coulomb (SR)   Coul. recip.      Potential
   -2.00184e+03    1.24036e+03   -9.16934e+03    3.00864e+01   -9.76975e+03
    Kinetic En.   Total Energy  Conserved En.    Temperature Pressure (bar)
    1.57798e+03   -8.19177e+03    1.64759e+03    3.02933e+02   -2.31497e+02
   Constr. rmsd
    0.00000e+00

           Step           Time
        2520000     2520.00000

   Energies (kJ/mol)
        G96Bond       G96Angle    Proper Dih.  Improper Dih.          LJ-14
    1.60455e+01    4.93769e+01    2.08684e+01    8.53573e+00    3.83763e+01
     Coulomb-14        LJ (SR)   Coulomb (SR)   Coul. recip.      Potential
   -1.99191e+03    1.33485e+03   -9.37150e+03    3.14837e+01   -9.86387e+03
    Kinetic En.   Total Energy  Conserved En.    Temperature Pressure (bar)
    1.58070e+03   -8.28316e+03    1.66638e+03    3.03456e+02   -1.18171e+03
   Constr. rmsd
    0.00000e+00

           Step           Time
        2525000     2525.00000

   Energies (kJ/mol)
        G96Bond       G96Angle    Proper Dih.  Improper Dih.          LJ-14
    1.75167e+01    4.00788e+01    1.31517e+01    2.36020e+00    3.74251e+01
     Coulomb-14        LJ (SR)   Coulomb (SR)   Coul. recip.      Potential
   -1.99143e+03    1.28459e+03   -9.15080e+03    2.77675e+01   -9.71934e+03
    Kinetic En.   Total Energy  Conserved En.    Temperature Pressure (bar)
    1.55780e+03   -8.16154e+03    1.66648e+03    2.99060e+02   -8.14996e+01
   Constr. rmsd
    0.00000e+00

           Step           Time
        2530000     2530.00000

   Energies (kJ/mol)
        G96Bond       G96Angle    Proper Dih.  Improper Dih.          LJ-14
    1.46079e+01    4.06156e+01    1.18275e+01    8.69963e+00    3.89465e+01
     Coulomb-14        LJ (SR)   Coulomb (SR)   Coul. recip.      Potential
   -2.00663e+03    1.48559e+03   -9.54251e+03    2.18459e+01   -9.92699e+03
    Kinetic En.   Total Energy  Conserved En.    Temperature Pressure (bar)
    1.42081e+03   -8.50618e+03    1.67781e+03    2.72760e+02    8.01313e+02
   Constr. rmsd
    0.00000e+00

           Step           Time
        2535000     2535.00000

   Energies (kJ/mol)
        G96Bond       G96Angle    Proper Dih.  Improper Dih.          LJ-14
    1.61549e+01    5.26391e+01    1.62123e+01    4.98771e+00    3.40634e+01
     Coulomb-14        LJ (SR)   Coulomb (SR)   Coul. recip.      Potential
   -1.99375e+03    1.47580e+03   -9.62743e+03    2.58885e+01   -9.99543e+03
    Kinetic En.   Total Energy  Conserved En.    Temperature Pressure (bar)
    1.54234e+03   -8.45309e+03    1.72745e+03    2.96091e+02    5.42485e+02
   Constr. rmsd
    0.00000e+00

           Step           Time
        2540000     2540.00000

   Energies (kJ/mol)
        G96Bond       G96Angle    Proper Dih.  Improper Dih.          LJ-14
    1.08401e+01    4.37213e+01    5.03303e+00    2.31341e+00    3.25966e+01
     Coulomb-14        LJ (SR)   Coulomb (SR)   Coul. recip.      Potential
   -1.98796e+03    1.54473e+03   -9.68561e+03    3.08613e+01   -1.00035e+04
    Kinetic En.   Total Energy  Conserved En.    Temperature Pressure (bar)
    1.73210e+03   -8.27138e+03    1.77010e+03    3.32520e+02    1.48232e+03
   Constr. rmsd
    0.00000e+00

           Step           Time
        2545000     2545.00000

   Energies (kJ/mol)
        G96Bond       G96Angle    Proper Dih.  Improper Dih.          LJ-14
    2.62359e+01    4.74045e+01    2.19795e+00    5.33890e+00    3.28523e+01
     Coulomb-14        LJ (SR)   Coulomb (SR)   Coul. recip.      Potential
   -1.98151e+03    1.27494e+03   -9.27716e+03    3.77562e+01   -9.83194e+03
    Kinetic En.   Total Energy  Conserved En.    Temperature Pressure (bar)
    1.55346e+03   -8.27848e+03    1.76383e+03    2.98226e+02   -7.10640e+02
   Constr. rmsd
    0.00000e+00

           Step           Time
        2550000     2550.00000

   Energies (kJ/mol)
        G96Bond       G96Angle    Proper Dih.  Improper Dih.          LJ-14
    3.08283e+01    3.30954e+01    1.57526e+01    3.96277e+00    3.30483e+01
     Coulomb-14        LJ (SR)   Coulomb (SR)   Coul. recip.      Potential
   -1.98697e+03    1.27631e+03   -9.30864e+03    2.69338e+01   -9.87568e+03
    Kinetic En.   Total Energy  Conserved En.    Temperature Pressure (bar)
    1.52232e+03   -8.35336e+03    1.78354e+03    2.92247e+02   -7.85806e+02
   Constr. rmsd
    0.00000e+00

           Step           Time
        2555000     2555.00000

   Energies (kJ/mol)
        G96Bond       G96Angle    Proper Dih.  Improper Dih.          LJ-14
    1.87879e+01    3.90691e+01    2.06649e+01    8.27800e+00    2.86870e+01
     Coulomb-14        LJ (SR)   Coulomb (SR)   Coul. recip.      Potential
   -1.98122e+03    1.30936e+03   -9.10173e+03    2.57713e+01   -9.63233e+03
    Kinetic En.   Total Energy  Conserved En.    Temperature Pressure (bar)
    1.61285e+03   -8.01948e+03    1.78854e+03    3.09627e+02    1.25694e+02
   Constr. rmsd
    0.00000e+00

           Step           Time
        2560000     2560.00000

   Energies (kJ/mol)
        G96Bond       G96Angle    Proper Dih.  Improper Dih.          LJ-14
    2.85974e+01    4.19356e+01    1.76708e+01    2.69995e+00    3.86871e+01
     Coulomb-14        LJ (SR)   Coulomb (SR)   Coul. recip.      Potential
   -2.00722e+03    1.26682e+03   -9.26498e+03    3.10425e+01   -9.84474e+03
    Kinetic En.   Total Energy  Conserved En.    Temperature Pressure (bar)
    1.59002e+03   -8.25472e+03    1.83036e+03    3.05245e+02    1.33900e+02
   Constr. rmsd
    0.00000e+00

           Step           Time
        2565000     2565.00000

   Energies (kJ/mol)
        G96Bond       G96Angle    Proper Dih.  Improper Dih.          LJ-14
    2.22826e+01    4.16314e+01    8.29260e+00    7.41373e+00    4.20538e+01
     Coulomb-14        LJ (SR)   Coulomb (SR)   Coul. recip.      Potential
   -1.99529e+03    1.21465e+03   -9.07834e+03    3.21090e+01   -9.70519e+03
    Kinetic En.   Total Energy  Conserved En.    Temperature Pressure (bar)
    1.53292e+03   -8.17227e+03    1.85393e+03    2.94283e+02   -7.45487e+01
   Constr. rmsd
    0.00000e+00

           Step           Time
        2570000     2570.00000

   Energies (kJ/mol)
        G96Bond       G96Angle    Proper Dih.  Improper Dih.          LJ-14
    1.94533e+01    3.73426e+01    1.04072e+01    1.74302e+01    2.42408e+01
     Coulomb-14        LJ (SR)   Coulomb (SR)   Coul. recip.      Potential
   -1.97068e+03    1.32910e+03   -9.32597e+03    3.03761e+01   -9.82830e+03
    Kinetic En.   Total Energy  Conserved En.    Temperature Pressure (bar)
    1.61194e+03   -8.21637e+03    1.86931e+03    3.09452e+02    7.20816e+02
   Constr. rmsd
    0.00000e+00

           Step           Time
        2575000     2575.00000

   Energies (kJ/mol)
        G96Bond       G96Angle    Proper Dih.  Improper Dih.          LJ-14
    1.88230e+01    5.80996e+01    1.25812e+01    8.60577e+00    4.35747e+01
     Coulomb-14        LJ (SR)   Coulomb (SR)   Coul. recip.      Potential
   -2.01084e+03    1.25197e+03   -9.19611e+03    3.39223e+01   -9.77937e+03
    Kinetic En.   Total Energy  Conserved En.    Temperature Pressure (bar)
    1.54036e+03   -8.23901e+03    1.86585e+03    2.95710e+02   -3.81022e+02
   Constr. rmsd
    0.00000e+00

           Step           Time
        2580000     2580.00000

   Energies (kJ/mol)
        G96Bond       G96Angle    Proper Dih.  Improper Dih.          LJ-14
    1.75803e+01    3.76593e+01    4.83863e+00    1.19730e+01    3.67687e+01
     Coulomb-14        LJ (SR)   Coulomb (SR)   Coul. recip.      Potential
   -2.00777e+03    1.42666e+03   -9.45357e+03    2.52281e+01   -9.90062e+03
    Kinetic En.   Total Energy  Conserved En.    Temperature Pressure (bar)
    1.65667e+03   -8.24395e+03    1.89367e+03    3.18040e+02    8.97802e+02
   Constr. rmsd
    0.00000e+00

           Step           Time
        2585000     2585.00000

   Energies (kJ/mol)
        G96Bond       G96Angle    Proper Dih.  Improper Dih.          LJ-14
    1.91946e+01    2.90167e+01    6.37901e+00    1.02495e+01    2.12387e+01
     Coulomb-14        LJ (SR)   Coulomb (SR)   Coul. recip.      Potential
   -1.96464e+03    1.42072e+03   -9.52172e+03    2.96779e+01   -9.94988e+03
    Kinetic En.   Total Energy  Conserved En.    Temperature Pressure (bar)
    1.49612e+03   -8.45375e+03    1.93036e+03    2.87218e+02   -8.46378e+01
   Constr. rmsd
    0.00000e+00

           Step           Time
        2590000     2590.00000

   Energies (kJ/mol)
        G96Bond       G96Angle    Proper Dih.  Improper Dih.          LJ-14
    1.37212e+01    3.51998e+01    8.11551e+00    1.57198e+01    3.30116e+01
     Coulomb-14        LJ (SR)   Coulomb (SR)   Coul. recip.      Potential
   -1.99673e+03    1.41565e+03   -9.56910e+03    3.25502e+01   -1.00119e+04
    Kinetic En.   Total Energy  Conserved En.    Temperature Pressure (bar)
    1.46929e+03   -8.54257e+03    1.92498e+03    2.82067e+02   -5.52572e+02
   Constr. rmsd
    0.00000e+00

           Step           Time
        2595000     2595.00000

   Energies (kJ/mol)
        G96Bond       G96Angle    Proper Dih.  Improper Dih.          LJ-14
    1.79974e+01    4.50190e+01    1.84547e+01    1.00662e+01    2.91664e+01
     Coulomb-14        LJ (SR)   Coulomb (SR)   Coul. recip.      Potential
   -1.99337e+03    1.24171e+03   -9.33417e+03    2.49298e+01   -9.94020e+03
    Kinetic En.   Total Energy  Conserved En.    Temperature Pressure (bar)
    1.61316e+03   -8.32704e+03    1.92570e+03    3.09687e+02   -1.43723e+03
   Constr. rmsd
    0.00000e+00

           Step           Time
        2600000     2600.00000

   Energies (kJ/mol)
        G96Bond       G96Angle    Proper Dih.  Improper Dih.          LJ-14
    1.65402e+01    3.61922e+01    6.22445e+00    1.07807e+01    3.34130e+01
     Coulomb-14        LJ (SR)   Coulomb (SR)   Coul. recip.      Potential
   -1.98975e+03    1.34508e+03   -9.24362e+03    4.22271e+01   -9.74292e+03
    Kinetic En.   Total Energy  Conserved En.    Temperature Pressure (bar)
    1.57202e+03   -8.17090e+03    1.96899e+03    3.01788e+02    3.38398e+02
   Constr. rmsd
    0.00000e+00

           Step           Time
        2605000     2605.00000

   Energies (kJ/mol)
        G96Bond       G96Angle    Proper Dih.  Improper Dih.          LJ-14
    3.00700e+01    6.36509e+01    8.47970e+00    2.22205e+00    3.03908e+01
     Coulomb-14        LJ (SR)   Coulomb (SR)   Coul. recip.      Potential
   -1.98849e+03    1.44831e+03   -9.31964e+03    2.90378e+01   -9.69597e+03
    Kinetic En.   Total Energy  Conserved En.    Temperature Pressure (bar)
    1.58460e+03   -8.11137e+03    1.96940e+03    3.04204e+02    1.36244e+03
   Constr. rmsd
    0.00000e+00

           Step           Time
        2610000     2610.00000

   Energies (kJ/mol)
        G96Bond       G96Angle    Proper Dih.  Improper Dih.          LJ-14
    1.91483e+01    6.56263e+01    8.60986e+00    6.50427e+00    3.69455e+01
     Coulomb-14        LJ (SR)   Coulomb (SR)   Coul. recip.      Potential
   -2.00327e+03    1.44653e+03   -9.43914e+03    3.22390e+01   -9.82680e+03
    Kinetic En.   Total Energy  Conserved En.    Temperature Pressure (bar)
    1.61712e+03   -8.20968e+03    1.98500e+03    3.10447e+02    9.85408e+02
   Constr. rmsd
    0.00000e+00

           Step           Time
        2615000     2615.00000

   Energies (kJ/mol)
        G96Bond       G96Angle    Proper Dih.  Improper Dih.          LJ-14
    1.89352e+01    5.27818e+01    7.32201e+00    7.77964e+00    4.35779e+01
     Coulomb-14        LJ (SR)   Coulomb (SR)   Coul. recip.      Potential
   -1.99348e+03    1.48863e+03   -9.61288e+03    3.29202e+01   -9.95441e+03
    Kinetic En.   Total Energy  Conserved En.    Temperature Pressure (bar)
    1.53857e+03   -8.41584e+03    1.98614e+03    2.95367e+02   -4.32590e+01
   Constr. rmsd
    0.00000e+00

           Step           Time
        2620000     2620.00000

   Energies (kJ/mol)
        G96Bond       G96Angle    Proper Dih.  Improper Dih.          LJ-14
    2.33588e+01    4.56570e+01    1.95642e+01    1.64782e+01    3.02244e+01
     Coulomb-14        LJ (SR)   Coulomb (SR)   Coul. recip.      Potential
   -1.97980e+03    1.59882e+03   -9.82308e+03    3.06225e+01   -1.00382e+04
    Kinetic En.   Total Energy  Conserved En.    Temperature Pressure (bar)
    1.63333e+03   -8.40484e+03    2.01931e+03    3.13558e+02    9.23470e+01
   Constr. rmsd
    0.00000e+00

           Step           Time
        2625000     2625.00000

   Energies (kJ/mol)
        G96Bond       G96Angle    Proper Dih.  Improper Dih.          LJ-14
    2.33208e+01    3.59888e+01    4.78426e+00    7.88982e+00    3.51307e+01
     Coulomb-14        LJ (SR)   Coulomb (SR)   Coul. recip.      Potential
   -1.99455e+03    1.36206e+03   -9.42802e+03    3.10434e+01   -9.92236e+03
    Kinetic En.   Total Energy  Conserved En.    Temperature Pressure (bar)
    1.43985e+03   -8.48250e+03    2.02942e+03    2.76415e+02    1.70400e+02
   Constr. rmsd
    0.00000e+00

           Step           Time
        2630000     2630.00000

   Energies (kJ/mol)
        G96Bond       G96Angle    Proper Dih.  Improper Dih.          LJ-14
    3.07286e+01    6.92563e+01    4.82637e+00    6.58584e+00    4.57839e+01
     Coulomb-14        LJ (SR)   Coulomb (SR)   Coul. recip.      Potential
   -2.01281e+03    1.28831e+03   -9.21433e+03    3.08032e+01   -9.75084e+03
    Kinetic En.   Total Energy  Conserved En.    Temperature Pressure (bar)
    1.57764e+03   -8.17320e+03    2.01131e+03    3.02868e+02   -2.73246e+02
   Constr. rmsd
    0.00000e+00

           Step           Time
        2635000     2635.00000

   Energies (kJ/mol)
        G96Bond       G96Angle    Proper Dih.  Improper Dih.          LJ-14
    1.55818e+01    4.71377e+01    8.32380e+00    1.64778e+01    2.62925e+01
     Coulomb-14        LJ (SR)   Coulomb (SR)   Coul. recip.      Potential
   -1.97820e+03    1.26170e+03   -9.23449e+03    3.07536e+01   -9.80642e+03
    Kinetic En.   Total Energy  Conserved En.    Temperature Pressure (bar)
    1.50664e+03   -8.29978e+03    2.03800e+03    2.89238e+02   -1.43456e+03
   Constr. rmsd
    0.00000e+00

           Step           Time
        2640000     2640.00000

   Energies (kJ/mol)
        G96Bond       G96Angle    Proper Dih.  Improper Dih.          LJ-14
    3.39419e+01    4.32203e+01    1.59153e+01    3.79975e+00    3.87622e+01
     Coulomb-14        LJ (SR)   Coulomb (SR)   Coul. recip.      Potential
   -2.00162e+03    1.32840e+03   -9.27136e+03    3.14500e+01   -9.77749e+03
    Kinetic En.   Total Energy  Conserved En.    Temperature Pressure (bar)
    1.70568e+03   -8.07180e+03    2.06972e+03    3.27448e+02    5.56600e+02
   Constr. rmsd
    0.00000e+00

           Step           Time
        2645000     2645.00000

   Energies (kJ/mol)
        G96Bond       G96Angle    Proper Dih.  Improper Dih.          LJ-14
    2.56803e+01    4.75931e+01    1.90186e+01    3.82052e+00    2.34417e+01
     Coulomb-14        LJ (SR)   Coulomb (SR)   Coul. recip.      Potential
   -1.98281e+03    1.24363e+03   -9.20478e+03    2.30443e+01   -9.80136e+03
    Kinetic En.   Total Energy  Conserved En.    Temperature Pressure (bar)
    1.62246e+03   -8.17890e+03    2.10729e+03    3.11472e+02   -4.40060e+02
   Constr. rmsd
    0.00000e+00

           Step           Time
        2650000     2650.00000

   Energies (kJ/mol)
        G96Bond       G96Angle    Proper Dih.  Improper Dih.          LJ-14
    2.41205e+01    3.30965e+01    1.36013e+01    6.89775e+00    3.16681e+01
     Coulomb-14        LJ (SR)   Coulomb (SR)   Coul. recip.      Potential
   -1.98397e+03    1.22836e+03   -9.39553e+03    2.66395e+01   -1.00151e+04
    Kinetic En.   Total Energy  Conserved En.    Temperature Pressure (bar)
    1.62890e+03   -8.38622e+03    2.11835e+03    3.12707e+02   -1.40211e+03
   Constr. rmsd
    0.00000e+00

           Step           Time
        2655000     2655.00000

   Energies (kJ/mol)
        G96Bond       G96Angle    Proper Dih.  Improper Dih.          LJ-14
    2.65138e+01    3.59715e+01    1.44234e+01    5.22604e+00    2.95943e+01
     Coulomb-14        LJ (SR)   Coulomb (SR)   Coul. recip.      Potential
   -1.97805e+03    1.41208e+03   -9.44046e+03    2.50514e+01   -9.86965e+03
    Kinetic En.   Total Energy  Conserved En.    Temperature Pressure (bar)
    1.53606e+03   -8.33359e+03    2.10181e+03    2.94886e+02   -1.49917e+02
   Constr. rmsd
    0.00000e+00

           Step           Time
        2660000     2660.00000

   Energies (kJ/mol)
        G96Bond       G96Angle    Proper Dih.  Improper Dih.          LJ-14
    2.31474e+01    3.89058e+01    4.19989e+00    3.97004e+00    3.34826e+01
     Coulomb-14        LJ (SR)   Coulomb (SR)   Coul. recip.      Potential
   -1.99927e+03    1.19634e+03   -9.13332e+03    3.18532e+01   -9.80068e+03
    Kinetic En.   Total Energy  Conserved En.    Temperature Pressure (bar)
    1.63237e+03   -8.16832e+03    2.11070e+03    3.13374e+02   -9.97211e+02
   Constr. rmsd
    0.00000e+00

           Step           Time
        2665000     2665.00000

   Energies (kJ/mol)
        G96Bond       G96Angle    Proper Dih.  Improper Dih.          LJ-14
    2.04632e+01    4.40122e+01    1.29247e+01    9.84729e+00    2.72599e+01
     Coulomb-14        LJ (SR)   Coulomb (SR)   Coul. recip.      Potential
   -1.96729e+03    1.35649e+03   -9.36985e+03    2.16903e+01   -9.84446e+03
    Kinetic En.   Total Energy  Conserved En.    Temperature Pressure (bar)
    1.50135e+03   -8.34311e+03    2.11637e+03    2.88221e+02   -5.58399e+02
   Constr. rmsd
    0.00000e+00

           Step           Time
        2670000     2670.00000

   Energies (kJ/mol)
        G96Bond       G96Angle    Proper Dih.  Improper Dih.          LJ-14
    1.60991e+01    6.10507e+01    1.20164e+01    1.45738e+01    3.67839e+01
     Coulomb-14        LJ (SR)   Coulomb (SR)   Coul. recip.      Potential
   -2.00121e+03    1.45587e+03   -9.56210e+03    2.76125e+01   -9.93931e+03
    Kinetic En.   Total Energy  Conserved En.    Temperature Pressure (bar)
    1.72976e+03   -8.20954e+03    2.14677e+03    3.32071e+02    8.41096e+02
   Constr. rmsd
    0.00000e+00

           Step           Time
        2675000     2675.00000

   Energies (kJ/mol)
        G96Bond       G96Angle    Proper Dih.  Improper Dih.          LJ-14
    1.45342e+01    3.45624e+01    1.15601e+01    4.16103e+00    2.99724e+01
     Coulomb-14        LJ (SR)   Coulomb (SR)   Coul. recip.      Potential
   -1.98225e+03    1.07321e+03   -9.06118e+03    3.07148e+01   -9.84471e+03
    Kinetic En.   Total Energy  Conserved En.    Temperature Pressure (bar)
    1.57144e+03   -8.27327e+03    2.20535e+03    3.01677e+02   -1.89849e+03
   Constr. rmsd
    0.00000e+00

           Step           Time
        2680000     2680.00000

   Energies (kJ/mol)
        G96Bond       G96Angle    Proper Dih.  Improper Dih.          LJ-14
    1.85491e+01    5.68714e+01    5.35031e+00    5.21956e+00    4.67771e+01
     Coulomb-14        LJ (SR)   Coulomb (SR)   Coul. recip.      Potential
   -2.01417e+03    1.33239e+03   -9.38318e+03    3.11865e+01   -9.90100e+03
    Kinetic En.   Total Energy  Conserved En.    Temperature Pressure (bar)
    1.60987e+03   -8.29113e+03    2.22225e+03    3.09055e+02   -8.21396e+01
   Constr. rmsd
    0.00000e+00

           Step           Time
        2685000     2685.00000

   Energies (kJ/mol)
        G96Bond       G96Angle    Proper Dih.  Improper Dih.          LJ-14
    7.95644e+00    5.49256e+01    3.77853e+00    6.34046e+00    2.15378e+01
     Coulomb-14        LJ (SR)   Coulomb (SR)   Coul. recip.      Potential
   -1.96856e+03    1.34862e+03   -9.48851e+03    2.22305e+01   -9.99168e+03
    Kinetic En.   Total Energy  Conserved En.    Temperature Pressure (bar)
    1.51693e+03   -8.47474e+03    2.27494e+03    2.91214e+02   -4.10603e+02
   Constr. rmsd
    0.00000e+00

           Step           Time
        2690000     2690.00000

   Energies (kJ/mol)
        G96Bond       G96Angle    Proper Dih.  Improper Dih.          LJ-14
    2.80059e+01    2.75901e+01    6.84051e+00    1.81369e+01    3.03071e+01
     Coulomb-14        LJ (SR)   Coulomb (SR)   Coul. recip.      Potential
   -1.98320e+03    1.24424e+03   -9.24650e+03    2.82247e+01   -9.84635e+03
    Kinetic En.   Total Energy  Conserved En.    Temperature Pressure (bar)
    1.56682e+03   -8.27954e+03    2.25167e+03    3.00790e+02   -2.38095e+02
   Constr. rmsd
    0.00000e+00

           Step           Time
        2695000     2695.00000

   Energies (kJ/mol)
        G96Bond       G96Angle    Proper Dih.  Improper Dih.          LJ-14
    1.95001e+01    4.22889e+01    8.43808e+00    2.29606e+00    2.88823e+01
     Coulomb-14        LJ (SR)   Coulomb (SR)   Coul. recip.      Potential
   -1.96814e+03    1.40679e+03   -9.32732e+03    3.69605e+01   -9.75029e+03
    Kinetic En.   Total Energy  Conserved En.    Temperature Pressure (bar)
    1.48113e+03   -8.26916e+03    2.24909e+03    2.84341e+02   -6.60340e+02
   Constr. rmsd
    0.00000e+00

           Step           Time
        2700000     2700.00000

   Energies (kJ/mol)
        G96Bond       G96Angle    Proper Dih.  Improper Dih.          LJ-14
    2.38845e+01    5.33436e+01    1.88780e+01    6.39258e+00    3.70624e+01
     Coulomb-14        LJ (SR)   Coulomb (SR)   Coul. recip.      Potential
   -1.99723e+03    1.19582e+03   -9.11852e+03    2.42117e+01   -9.75615e+03
    Kinetic En.   Total Energy  Conserved En.    Temperature Pressure (bar)
    1.59558e+03   -8.16057e+03    2.26183e+03    3.06312e+02   -1.01598e+03
   Constr. rmsd
    0.00000e+00

           Step           Time
        2705000     2705.00000

   Energies (kJ/mol)
        G96Bond       G96Angle    Proper Dih.  Improper Dih.          LJ-14
    1.18290e+01    3.91561e+01    5.69047e+00    1.83816e+01    4.66581e+01
     Coulomb-14        LJ (SR)   Coulomb (SR)   Coul. recip.      Potential
   -2.00091e+03    1.30948e+03   -9.42666e+03    2.03572e+01   -9.97601e+03
    Kinetic En.   Total Energy  Conserved En.    Temperature Pressure (bar)
    1.58179e+03   -8.39422e+03    2.31952e+03    3.03664e+02   -1.35960e+02
   Constr. rmsd
    0.00000e+00

           Step           Time
        2710000     2710.00000

   Energies (kJ/mol)
        G96Bond       G96Angle    Proper Dih.  Improper Dih.          LJ-14
    1.86429e+01    2.94435e+01    7.85715e+00    1.22641e+01    3.24820e+01
     Coulomb-14        LJ (SR)   Coulomb (SR)   Coul. recip.      Potential
   -1.98125e+03    1.21401e+03   -9.21266e+03    3.23255e+01   -9.84689e+03
    Kinetic En.   Total Energy  Conserved En.    Temperature Pressure (bar)
    1.60889e+03   -8.23799e+03    2.34753e+03    3.08867e+02   -2.69457e+02
   Constr. rmsd
    0.00000e+00

           Step           Time
        2715000     2715.00000

   Energies (kJ/mol)
        G96Bond       G96Angle    Proper Dih.  Improper Dih.          LJ-14
    1.11882e+01    4.04495e+01    5.35674e+00    5.00870e+00    2.71280e+01
     Coulomb-14        LJ (SR)   Coulomb (SR)   Coul. recip.      Potential
   -1.98547e+03    1.42950e+03   -9.44316e+03    2.05623e+01   -9.88944e+03
    Kinetic En.   Total Energy  Conserved En.    Temperature Pressure (bar)
    1.56525e+03   -8.32419e+03    2.34816e+03    3.00488e+02    4.65186e+02
   Constr. rmsd
    0.00000e+00

           Step           Time
        2720000     2720.00000

   Energies (kJ/mol)
        G96Bond       G96Angle    Proper Dih.  Improper Dih.          LJ-14
    8.74843e+00    3.07440e+01    7.23222e+00    6.53369e+00    3.15860e+01
     Coulomb-14        LJ (SR)   Coulomb (SR)   Coul. recip.      Potential
   -1.98111e+03    1.27058e+03   -9.37852e+03    2.02320e+01   -9.98397e+03
    Kinetic En.   Total Energy  Conserved En.    Temperature Pressure (bar)
    1.60513e+03   -8.37884e+03    2.37425e+03    3.08145e+02   -1.14864e+03
   Constr. rmsd
    0.00000e+00

           Step           Time
        2725000     2725.00000

   Energies (kJ/mol)
        G96Bond       G96Angle    Proper Dih.  Improper Dih.          LJ-14
    1.35584e+01    3.64435e+01    1.56928e+01    4.11111e+00    3.10983e+01
     Coulomb-14        LJ (SR)   Coulomb (SR)   Coul. recip.      Potential
   -1.98334e+03    1.21571e+03   -9.17076e+03    2.63695e+01   -9.81112e+03
    Kinetic En.   Total Energy  Conserved En.    Temperature Pressure (bar)
    1.54221e+03   -8.26892e+03    2.36991e+03    2.96065e+02   -1.03514e+03
   Constr. rmsd
    0.00000e+00

           Step           Time
        2730000     2730.00000

   Energies (kJ/mol)
        G96Bond       G96Angle    Proper Dih.  Improper Dih.          LJ-14
    1.95237e+01    3.56341e+01    6.95774e+00    1.77149e+01    3.69288e+01
     Coulomb-14        LJ (SR)   Coulomb (SR)   Coul. recip.      Potential
   -1.99321e+03    1.28936e+03   -9.34211e+03    3.11021e+01   -9.89809e+03
    Kinetic En.   Total Energy  Conserved En.    Temperature Pressure (bar)
    1.50589e+03   -8.39220e+03    2.42846e+03    2.89093e+02   -4.40083e+02
   Constr. rmsd
    0.00000e+00

           Step           Time
        2735000     2735.00000

   Energies (kJ/mol)
        G96Bond       G96Angle    Proper Dih.  Improper Dih.          LJ-14
    3.11830e+01    4.19614e+01    2.42368e+01    4.66057e+00    3.26015e+01
     Coulomb-14        LJ (SR)   Coulomb (SR)   Coul. recip.      Potential
   -1.98735e+03    1.36460e+03   -9.32675e+03    2.80593e+01   -9.78680e+03
    Kinetic En.   Total Energy  Conserved En.    Temperature Pressure (bar)
    1.47951e+03   -8.30730e+03    2.42256e+03    2.84028e+02    8.09040e+02
   Constr. rmsd
    0.00000e+00

           Step           Time
        2740000     2740.00000

   Energies (kJ/mol)
        G96Bond       G96Angle    Proper Dih.  Improper Dih.          LJ-14
    2.18097e+01    4.15852e+01    2.25966e+01    6.98138e+00    3.02496e+01
     Coulomb-14        LJ (SR)   Coulomb (SR)   Coul. recip.      Potential
   -1.98267e+03    1.21760e+03   -9.14260e+03    2.05297e+01   -9.76392e+03
    Kinetic En.   Total Energy  Conserved En.    Temperature Pressure (bar)
    1.52168e+03   -8.24223e+03    2.46168e+03    2.92125e+02   -7.61856e+02
   Constr. rmsd
    0.00000e+00

           Step           Time
        2745000     2745.00000

   Energies (kJ/mol)
        G96Bond       G96Angle    Proper Dih.  Improper Dih.          LJ-14
    1.57494e+01    5.99781e+01    9.46335e+00    4.81955e+00    4.37148e+01
     Coulomb-14        LJ (SR)   Coulomb (SR)   Coul. recip.      Potential
   -2.01283e+03    1.53867e+03   -9.63761e+03    2.42871e+01   -9.95376e+03
    Kinetic En.   Total Energy  Conserved En.    Temperature Pressure (bar)
    1.61148e+03   -8.34228e+03    2.50641e+03    3.09365e+02    2.40296e+03
   Constr. rmsd
    0.00000e+00

           Step           Time
        2750000     2750.00000

   Energies (kJ/mol)
        G96Bond       G96Angle    Proper Dih.  Improper Dih.          LJ-14
    2.30790e+01    3.99389e+01    9.36193e+00    2.70788e+00    2.88983e+01
     Coulomb-14        LJ (SR)   Coulomb (SR)   Coul. recip.      Potential
   -1.98383e+03    1.31748e+03   -9.33851e+03    2.22604e+01   -9.87861e+03
    Kinetic En.   Total Energy  Conserved En.    Temperature Pressure (bar)
    1.57028e+03   -8.30833e+03    2.49496e+03    3.01455e+02   -1.01813e+03
   Constr. rmsd
    0.00000e+00

           Step           Time
        2755000     2755.00000

   Energies (kJ/mol)
        G96Bond       G96Angle    Proper Dih.  Improper Dih.          LJ-14
    2.99257e+01    3.51792e+01    1.16413e+01    9.34011e+00    3.66820e+01
     Coulomb-14        LJ (SR)   Coulomb (SR)   Coul. recip.      Potential
   -1.99121e+03    1.37648e+03   -9.39919e+03    2.30609e+01   -9.86809e+03
    Kinetic En.   Total Energy  Conserved En.    Temperature Pressure (bar)
    1.50681e+03   -8.36128e+03    2.46247e+03    2.89270e+02   -3.99564e+02
   Constr. rmsd
    0.00000e+00

           Step           Time
        2760000     2760.00000

   Energies (kJ/mol)
        G96Bond       G96Angle    Proper Dih.  Improper Dih.          LJ-14
    2.65826e+01    5.79413e+01    1.52460e+01    6.78438e+00    4.05810e+01
     Coulomb-14        LJ (SR)   Coulomb (SR)   Coul. recip.      Potential
   -1.99282e+03    1.36676e+03   -9.37069e+03    2.67078e+01   -9.82291e+03
    Kinetic En.   Total Energy  Conserved En.    Temperature Pressure (bar)
    1.60553e+03   -8.21738e+03    2.49866e+03    3.08221e+02   -4.98543e+02
   Constr. rmsd
    0.00000e+00

           Step           Time
        2765000     2765.00000

   Energies (kJ/mol)
        G96Bond       G96Angle    Proper Dih.  Improper Dih.          LJ-14
    6.44913e+00    6.61272e+01    1.92306e+01    3.94763e+00    4.38041e+01
     Coulomb-14        LJ (SR)   Coulomb (SR)   Coul. recip.      Potential
   -1.99931e+03    1.17231e+03   -9.07185e+03    3.09869e+01   -9.72830e+03
    Kinetic En.   Total Energy  Conserved En.    Temperature Pressure (bar)
    1.56225e+03   -8.16605e+03    2.50559e+03    2.99913e+02   -2.02123e+03
   Constr. rmsd
    0.00000e+00

           Step           Time
        2770000     2770.00000

   Energies (kJ/mol)
        G96Bond       G96Angle    Proper Dih.  Improper Dih.          LJ-14
    2.33187e+01    4.48497e+01    9.04723e+00    6.90028e+00    4.33505e+01
     Coulomb-14        LJ (SR)   Coulomb (SR)   Coul. recip.      Potential
   -1.99913e+03    1.38158e+03   -9.38496e+03    2.71767e+01   -9.84788e+03
    Kinetic En.   Total Energy  Conserved En.    Temperature Pressure (bar)
    1.40632e+03   -8.44156e+03    2.53055e+03    2.69978e+02   -2.27429e+02
   Constr. rmsd
    0.00000e+00

           Step           Time
        2775000     2775.00000

   Energies (kJ/mol)
        G96Bond       G96Angle    Proper Dih.  Improper Dih.          LJ-14
    2.65574e+01    4.92369e+01    4.22046e+00    1.79057e+01    3.35142e+01
     Coulomb-14        LJ (SR)   Coulomb (SR)   Coul. recip.      Potential
   -1.99903e+03    1.43150e+03   -9.49977e+03    2.99940e+01   -9.90587e+03
    Kinetic En.   Total Energy  Conserved En.    Temperature Pressure (bar)
    1.56025e+03   -8.34562e+03    2.55222e+03    2.99530e+02    9.19869e+02
   Constr. rmsd
    0.00000e+00

           Step           Time
        2780000     2780.00000

   Energies (kJ/mol)
        G96Bond       G96Angle    Proper Dih.  Improper Dih.          LJ-14
    7.80197e+00    2.88126e+01    5.46600e+00    2.86709e+00    2.87756e+01
     Coulomb-14        LJ (SR)   Coulomb (SR)   Coul. recip.      Potential
   -1.97376e+03    1.13703e+03   -9.01451e+03    3.14440e+01   -9.74608e+03
    Kinetic En.   Total Energy  Conserved En.    Temperature Pressure (bar)
    1.55263e+03   -8.19345e+03    2.57921e+03    2.98066e+02   -1.72846e+03
   Constr. rmsd
    0.00000e+00

           Step           Time
        2785000     2785.00000

   Energies (kJ/mol)
        G96Bond       G96Angle    Proper Dih.  Improper Dih.          LJ-14
    7.57381e+00    5.55204e+01    5.33468e+00    8.00932e+00    2.93305e+01
     Coulomb-14        LJ (SR)   Coulomb (SR)   Coul. recip.      Potential
   -1.96294e+03    1.34196e+03   -9.41601e+03    4.10638e+01   -9.89016e+03
    Kinetic En.   Total Energy  Conserved En.    Temperature Pressure (bar)
    1.66223e+03   -8.22792e+03    2.57098e+03    3.19108e+02   -8.35807e+02
   Constr. rmsd
    0.00000e+00

           Step           Time
        2790000     2790.00000

   Energies (kJ/mol)
        G96Bond       G96Angle    Proper Dih.  Improper Dih.          LJ-14
    1.89546e+01    3.00412e+01    5.07530e+00    3.85687e+00    3.13854e+01
     Coulomb-14        LJ (SR)   Coulomb (SR)   Coul. recip.      Potential
   -1.98200e+03    1.50651e+03   -9.44783e+03    3.43461e+01   -9.79966e+03
    Kinetic En.   Total Energy  Conserved En.    Temperature Pressure (bar)
    1.55388e+03   -8.24577e+03    2.64377e+03    2.98307e+02    2.20891e+03
   Constr. rmsd
    0.00000e+00

           Step           Time
        2795000     2795.00000

   Energies (kJ/mol)
        G96Bond       G96Angle    Proper Dih.  Improper Dih.          LJ-14
    1.94652e+01    6.39687e+01    9.15913e+00    8.92598e+00    2.39413e+01
     Coulomb-14        LJ (SR)   Coulomb (SR)   Coul. recip.      Potential
   -1.96491e+03    1.29321e+03   -9.31775e+03    2.04199e+01   -9.84357e+03
    Kinetic En.   Total Energy  Conserved En.    Temperature Pressure (bar)
    1.56149e+03   -8.28209e+03    2.63401e+03    2.99766e+02    4.71496e+02
   Constr. rmsd
    0.00000e+00

           Step           Time
        2800000     2800.00000

   Energies (kJ/mol)
        G96Bond       G96Angle    Proper Dih.  Improper Dih.          LJ-14
    3.44583e+01    4.48854e+01    9.60944e+00    5.93199e+00    3.90360e+01
     Coulomb-14        LJ (SR)   Coulomb (SR)   Coul. recip.      Potential
   -1.99985e+03    1.18302e+03   -9.12482e+03    2.63513e+01   -9.78138e+03
    Kinetic En.   Total Energy  Conserved En.    Temperature Pressure (bar)
    1.60325e+03   -8.17813e+03    2.61854e+03    3.07784e+02   -6.20315e+02
   Constr. rmsd
    0.00000e+00

           Step           Time
        2805000     2805.00000

   Energies (kJ/mol)
        G96Bond       G96Angle    Proper Dih.  Improper Dih.          LJ-14
    4.55605e+00    3.37596e+01    4.80806e+00    2.20426e+01    3.05344e+01
     Coulomb-14        LJ (SR)   Coulomb (SR)   Coul. recip.      Potential
   -1.98755e+03    1.30160e+03   -9.42071e+03    2.20910e+01   -9.98887e+03
    Kinetic En.   Total Energy  Conserved En.    Temperature Pressure (bar)
    1.57282e+03   -8.41605e+03    2.63333e+03    3.01941e+02   -1.64955e+03
   Constr. rmsd
    0.00000e+00

           Step           Time
        2810000     2810.00000

   Energies (kJ/mol)
        G96Bond       G96Angle    Proper Dih.  Improper Dih.          LJ-14
    2.40805e+01    4.09967e+01    9.57087e+00    7.47255e+00    3.70667e+01
     Coulomb-14        LJ (SR)   Coulomb (SR)   Coul. recip.      Potential
   -2.00073e+03    1.39878e+03   -9.40908e+03    2.94146e+01   -9.86243e+03
    Kinetic En.   Total Energy  Conserved En.    Temperature Pressure (bar)
    1.60260e+03   -8.25983e+03    2.66832e+03    3.07659e+02    6.58462e+02
   Constr. rmsd
    0.00000e+00

           Step           Time
        2815000     2815.00000

   Energies (kJ/mol)
        G96Bond       G96Angle    Proper Dih.  Improper Dih.          LJ-14
    2.43654e+01    4.44044e+01    4.97084e+00    1.37585e+01    2.70570e+01
     Coulomb-14        LJ (SR)   Coulomb (SR)   Coul. recip.      Potential
   -1.98768e+03    1.49298e+03   -9.58848e+03    2.69369e+01   -9.94168e+03
    Kinetic En.   Total Energy  Conserved En.    Temperature Pressure (bar)
    1.51131e+03   -8.43037e+03    2.71812e+03    2.90134e+02    1.04778e+03
   Constr. rmsd
    0.00000e+00

           Step           Time
        2820000     2820.00000

   Energies (kJ/mol)
        G96Bond       G96Angle    Proper Dih.  Improper Dih.          LJ-14
    1.26417e+01    2.26845e+01    1.24009e+01    3.10263e+00    2.61189e+01
     Coulomb-14        LJ (SR)   Coulomb (SR)   Coul. recip.      Potential
   -1.96385e+03    1.46892e+03   -9.50377e+03    3.32544e+01   -9.88849e+03
    Kinetic En.   Total Energy  Conserved En.    Temperature Pressure (bar)
    1.62125e+03   -8.26724e+03    2.71848e+03    3.11240e+02    8.31533e+02
   Constr. rmsd
    0.00000e+00

           Step           Time
        2825000     2825.00000

   Energies (kJ/mol)
        G96Bond       G96Angle    Proper Dih.  Improper Dih.          LJ-14
    2.37642e+01    4.15831e+01    1.14730e+01    4.79712e+00    3.92624e+01
     Coulomb-14        LJ (SR)   Coulomb (SR)   Coul. recip.      Potential
   -2.00526e+03    1.43309e+03   -9.44744e+03    2.51390e+01   -9.87360e+03
    Kinetic En.   Total Energy  Conserved En.    Temperature Pressure (bar)
    1.49500e+03   -8.37860e+03    2.73997e+03    2.87002e+02    1.19719e+03
   Constr. rmsd
    0.00000e+00

           Step           Time
        2830000     2830.00000

   Energies (kJ/mol)
        G96Bond       G96Angle    Proper Dih.  Improper Dih.          LJ-14
    2.51182e+01    4.18667e+01    1.66728e+01    7.34155e+00    3.45276e+01
     Coulomb-14        LJ (SR)   Coulomb (SR)   Coul. recip.      Potential
   -1.98955e+03    1.28541e+03   -9.18237e+03    2.93553e+01   -9.73162e+03
    Kinetic En.   Total Energy  Conserved En.    Temperature Pressure (bar)
    1.63417e+03   -8.09746e+03    2.71356e+03    3.13719e+02   -8.41811e+02
   Constr. rmsd
    0.00000e+00

           Step           Time
        2835000     2835.00000

   Energies (kJ/mol)
        G96Bond       G96Angle    Proper Dih.  Improper Dih.          LJ-14
    3.70584e+01    4.63024e+01    2.26116e+01    1.31012e+00    3.11980e+01
     Coulomb-14        LJ (SR)   Coulomb (SR)   Coul. recip.      Potential
   -1.99399e+03    1.20613e+03   -9.07678e+03    2.72891e+01   -9.69887e+03
    Kinetic En.   Total Energy  Conserved En.    Temperature Pressure (bar)
    1.54391e+03   -8.15495e+03    2.73944e+03    2.96393e+02   -9.39912e+02
   Constr. rmsd
    0.00000e+00

           Step           Time
        2840000     2840.00000

   Energies (kJ/mol)
        G96Bond       G96Angle    Proper Dih.  Improper Dih.          LJ-14
    2.94704e+01    5.68755e+01    1.35646e+01    6.18224e+00    3.97316e+01
     Coulomb-14        LJ (SR)   Coulomb (SR)   Coul. recip.      Potential
   -2.00502e+03    1.26435e+03   -9.08391e+03    2.46044e+01   -9.65415e+03
    Kinetic En.   Total Energy  Conserved En.    Temperature Pressure (bar)
    1.53931e+03   -8.11484e+03    2.76028e+03    2.95509e+02   -7.53545e+02
   Constr. rmsd
    0.00000e+00

           Step           Time
        2845000     2845.00000

   Energies (kJ/mol)
        G96Bond       G96Angle    Proper Dih.  Improper Dih.          LJ-14
    1.61685e+01    4.38103e+01    9.17175e+00    1.25430e+01    3.53756e+01
     Coulomb-14        LJ (SR)   Coulomb (SR)   Coul. recip.      Potential
   -1.99863e+03    1.35363e+03   -9.31108e+03    2.89805e+01   -9.81003e+03
    Kinetic En.   Total Energy  Conserved En.    Temperature Pressure (bar)
    1.57925e+03   -8.23078e+03    2.78926e+03    3.03177e+02    8.19621e+01
   Constr. rmsd
    0.00000e+00

           Step           Time
        2850000     2850.00000

   Energies (kJ/mol)
        G96Bond       G96Angle    Proper Dih.  Improper Dih.          LJ-14
    1.80117e+01    4.40895e+01    8.97522e+00    9.26829e+00    3.48905e+01
     Coulomb-14        LJ (SR)   Coulomb (SR)   Coul. recip.      Potential
   -1.99341e+03    1.28041e+03   -9.34058e+03    2.60892e+01   -9.91226e+03
    Kinetic En.   Total Energy  Conserved En.    Temperature Pressure (bar)
    1.53109e+03   -8.38117e+03    2.82481e+03    2.93931e+02   -4.65979e+02
   Constr. rmsd
    0.00000e+00

           Step           Time
        2855000     2855.00000

   Energies (kJ/mol)
        G96Bond       G96Angle    Proper Dih.  Improper Dih.          LJ-14
    1.78637e+01    3.00019e+01    1.54478e+01    4.96310e+00    2.70481e+01
     Coulomb-14        LJ (SR)   Coulomb (SR)   Coul. recip.      Potential
   -1.97089e+03    1.42299e+03   -9.47404e+03    3.94422e+01   -9.88719e+03
    Kinetic En.   Total Energy  Conserved En.    Temperature Pressure (bar)
    1.53819e+03   -8.34899e+03    2.87007e+03    2.95295e+02    1.37424e+03
   Constr. rmsd
    0.00000e+00

           Step           Time
        2860000     2860.00000

   Energies (kJ/mol)
        G96Bond       G96Angle    Proper Dih.  Improper Dih.          LJ-14
    1.75168e+01    5.46169e+01    7.95729e+00    8.21424e+00    3.69765e+01
     Coulomb-14        LJ (SR)   Coulomb (SR)   Coul. recip.      Potential
   -1.99510e+03    1.19784e+03   -9.31360e+03    1.99436e+01   -9.96564e+03
    Kinetic En.   Total Energy  Conserved En.    Temperature Pressure (bar)
    1.61078e+03   -8.35486e+03    2.88777e+03    3.09230e+02   -1.53576e+03
   Constr. rmsd
    0.00000e+00

           Step           Time
        2865000     2865.00000

   Energies (kJ/mol)
        G96Bond       G96Angle    Proper Dih.  Improper Dih.          LJ-14
    1.76777e+01    3.70569e+01    1.27589e+01    9.76217e+00    3.00600e+01
     Coulomb-14        LJ (SR)   Coulomb (SR)   Coul. recip.      Potential
   -1.97874e+03    1.32211e+03   -9.37060e+03    2.17685e+01   -9.89815e+03
    Kinetic En.   Total Energy  Conserved En.    Temperature Pressure (bar)
    1.57271e+03   -8.32544e+03    2.87179e+03    3.01921e+02   -3.17761e+02
   Constr. rmsd
    0.00000e+00

           Step           Time
        2870000     2870.00000

   Energies (kJ/mol)
        G96Bond       G96Angle    Proper Dih.  Improper Dih.          LJ-14
    9.40740e+00    5.17634e+01    8.82678e+00    4.04277e+00    2.88818e+01
     Coulomb-14        LJ (SR)   Coulomb (SR)   Coul. recip.      Potential
   -1.97368e+03    1.27968e+03   -9.36639e+03    2.56293e+01   -9.93184e+03
    Kinetic En.   Total Energy  Conserved En.    Temperature Pressure (bar)
    1.57254e+03   -8.35930e+03    2.91329e+03    3.01888e+02   -9.99878e+02
   Constr. rmsd
    0.00000e+00

           Step           Time
        2875000     2875.00000

   Energies (kJ/mol)
        G96Bond       G96Angle    Proper Dih.  Improper Dih.          LJ-14
    2.78230e+01    4.55177e+01    2.30217e+01    8.75704e+00    4.67448e+01
     Coulomb-14        LJ (SR)   Coulomb (SR)   Coul. recip.      Potential
   -2.02061e+03    1.35411e+03   -9.36768e+03    5.43991e+01   -9.82792e+03
    Kinetic En.   Total Energy  Conserved En.    Temperature Pressure (bar)
    1.64821e+03   -8.17971e+03    2.90837e+03    3.16414e+02    9.04039e+02
   Constr. rmsd
    0.00000e+00

           Step           Time
        2880000     2880.00000

   Energies (kJ/mol)
        G96Bond       G96Angle    Proper Dih.  Improper Dih.          LJ-14
    1.02273e+01    5.54824e+01    1.01759e+01    8.37173e+00    3.36063e+01
     Coulomb-14        LJ (SR)   Coulomb (SR)   Coul. recip.      Potential
   -1.98958e+03    1.34751e+03   -9.23088e+03    3.30076e+01   -9.72208e+03
    Kinetic En.   Total Energy  Conserved En.    Temperature Pressure (bar)
    1.61221e+03   -8.10987e+03    2.92798e+03    3.09504e+02    2.78877e+02
   Constr. rmsd
    0.00000e+00

           Step           Time
        2885000     2885.00000

   Energies (kJ/mol)
        G96Bond       G96Angle    Proper Dih.  Improper Dih.          LJ-14
    1.20798e+01    3.60395e+01    1.83523e+01    9.58824e+00    2.68780e+01
     Coulomb-14        LJ (SR)   Coulomb (SR)   Coul. recip.      Potential
   -1.97705e+03    1.27303e+03   -9.32533e+03    3.13844e+01   -9.89503e+03
    Kinetic En.   Total Energy  Conserved En.    Temperature Pressure (bar)
    1.55381e+03   -8.34122e+03    2.95584e+03    2.98292e+02   -6.28718e+02
   Constr. rmsd
    0.00000e+00

           Step           Time
        2890000     2890.00000

   Energies (kJ/mol)
        G96Bond       G96Angle    Proper Dih.  Improper Dih.          LJ-14
    8.24284e+00    4.25013e+01    2.59954e+01    9.92204e+00    3.61696e+01
     Coulomb-14        LJ (SR)   Coulomb (SR)   Coul. recip.      Potential
   -1.98494e+03    1.27731e+03   -9.30924e+03    3.15622e+01   -9.86248e+03
    Kinetic En.   Total Energy  Conserved En.    Temperature Pressure (bar)
    1.53380e+03   -8.32868e+03    2.95633e+03    2.94452e+02   -9.93725e+02
   Constr. rmsd
    0.00000e+00

           Step           Time
        2895000     2895.00000

   Energies (kJ/mol)
        G96Bond       G96Angle    Proper Dih.  Improper Dih.          LJ-14
    2.16034e+01    3.55719e+01    3.48941e+00    8.31880e+00    3.18996e+01
     Coulomb-14        LJ (SR)   Coulomb (SR)   Coul. recip.      Potential
   -1.99035e+03    1.26657e+03   -9.17688e+03    4.17499e+01   -9.75803e+03
    Kinetic En.   Total Energy  Conserved En.    Temperature Pressure (bar)
    1.52738e+03   -8.23065e+03    2.97444e+03    2.93219e+02   -1.67266e+02
   Constr. rmsd
    0.00000e+00

           Step           Time
        2900000     2900.00000

   Energies (kJ/mol)
        G96Bond       G96Angle    Proper Dih.  Improper Dih.          LJ-14
    1.39300e+01    4.09154e+01    1.48460e+01    9.47287e+00    2.28108e+01
     Coulomb-14        LJ (SR)   Coulomb (SR)   Coul. recip.      Potential
   -1.96679e+03    1.26328e+03   -9.32072e+03    2.23230e+01   -9.89994e+03
    Kinetic En.   Total Energy  Conserved En.    Temperature Pressure (bar)
    1.52763e+03   -8.37231e+03    2.96828e+03    2.93266e+02   -1.59507e+03
   Constr. rmsd
    0.00000e+00

           Step           Time
        2905000     2905.00000

   Energies (kJ/mol)
        G96Bond       G96Angle    Proper Dih.  Improper Dih.          LJ-14
    3.16832e+01    4.75710e+01    1.31177e+00    3.51702e+00    3.17197e+01
     Coulomb-14        LJ (SR)   Coulomb (SR)   Coul. recip.      Potential
   -1.98584e+03    1.35217e+03   -9.28488e+03    3.86800e+01   -9.76406e+03
    Kinetic En.   Total Energy  Conserved En.    Temperature Pressure (bar)
    1.53505e+03   -8.22901e+03    3.00658e+03    2.94691e+02    3.86178e+02
   Constr. rmsd
    0.00000e+00

           Step           Time
        2910000     2910.00000

   Energies (kJ/mol)
        G96Bond       G96Angle    Proper Dih.  Improper Dih.          LJ-14
    2.21422e+01    3.91310e+01    1.24206e+01    1.21191e+01    3.22830e+01
     Coulomb-14        LJ (SR)   Coulomb (SR)   Coul. recip.      Potential
   -1.98163e+03    1.40127e+03   -9.41149e+03    2.66901e+01   -9.84707e+03
    Kinetic En.   Total Energy  Conserved En.    Temperature Pressure (bar)
    1.48462e+03   -8.36245e+03    2.99363e+03    2.85010e+02   -1.11037e+03
   Constr. rmsd
    0.00000e+00

           Step           Time
        2915000     2915.00000

   Energies (kJ/mol)
        G96Bond       G96Angle    Proper Dih.  Improper Dih.          LJ-14
    2.35480e+01    4.63852e+01    1.74489e+01    3.06594e+00    3.29719e+01
     Coulomb-14        LJ (SR)   Coulomb (SR)   Coul. recip.      Potential
   -1.98220e+03    1.31467e+03   -9.37952e+03    2.91490e+01   -9.89447e+03
    Kinetic En.   Total Energy  Conserved En.    Temperature Pressure (bar)
    1.49744e+03   -8.39703e+03    3.07014e+03    2.87472e+02   -7.45675e+02
   Constr. rmsd
    0.00000e+00

           Step           Time
        2920000     2920.00000

   Energies (kJ/mol)
        G96Bond       G96Angle    Proper Dih.  Improper Dih.          LJ-14
    3.10303e+01    3.69516e+01    1.32966e+01    1.57702e+01    3.33114e+01
     Coulomb-14        LJ (SR)   Coulomb (SR)   Coul. recip.      Potential
   -1.98561e+03    1.22345e+03   -9.24012e+03    2.46849e+01   -9.84724e+03
    Kinetic En.   Total Energy  Conserved En.    Temperature Pressure (bar)
    1.56627e+03   -8.28097e+03    3.05311e+03    3.00684e+02   -1.70887e+03
   Constr. rmsd
    0.00000e+00

           Step           Time
        2925000     2925.00000

   Energies (kJ/mol)
        G96Bond       G96Angle    Proper Dih.  Improper Dih.          LJ-14
    1.52544e+01    3.98354e+01    4.21826e+01    1.34303e+01    2.55351e+01
     Coulomb-14        LJ (SR)   Coulomb (SR)   Coul. recip.      Potential
   -1.99355e+03    1.34693e+03   -9.42935e+03    2.77453e+01   -9.91199e+03
    Kinetic En.   Total Energy  Conserved En.    Temperature Pressure (bar)
    1.61888e+03   -8.29311e+03    3.11460e+03    3.10785e+02   -2.86380e+02
   Constr. rmsd
    0.00000e+00

           Step           Time
        2930000     2930.00000

   Energies (kJ/mol)
        G96Bond       G96Angle    Proper Dih.  Improper Dih.          LJ-14
    2.42339e+01    5.05593e+01    1.40418e+01    1.02940e+00    3.30486e+01
     Coulomb-14        LJ (SR)   Coulomb (SR)   Coul. recip.      Potential
   -1.99183e+03    1.22417e+03   -9.25742e+03    3.16332e+01   -9.87053e+03
    Kinetic En.   Total Energy  Conserved En.    Temperature Pressure (bar)
    1.54891e+03   -8.32162e+03    3.11435e+03    2.97352e+02   -1.20971e+03
   Constr. rmsd
    0.00000e+00

           Step           Time
        2935000     2935.00000

   Energies (kJ/mol)
        G96Bond       G96Angle    Proper Dih.  Improper Dih.          LJ-14
    9.01082e+00    3.67623e+01    5.49808e+00    1.87147e+01    3.40793e+01
     Coulomb-14        LJ (SR)   Coulomb (SR)   Coul. recip.      Potential
   -1.98199e+03    1.41190e+03   -9.30423e+03    3.08374e+01   -9.73941e+03
    Kinetic En.   Total Energy  Conserved En.    Temperature Pressure (bar)
    1.50553e+03   -8.23388e+03    3.10594e+03    2.89025e+02    3.65155e+02
   Constr. rmsd
    0.00000e+00

           Step           Time
        2940000     2940.00000

   Energies (kJ/mol)
        G96Bond       G96Angle    Proper Dih.  Improper Dih.          LJ-14
    3.36947e+01    3.30084e+01    1.27168e+01    2.93079e+00    3.42898e+01
     Coulomb-14        LJ (SR)   Coulomb (SR)   Coul. recip.      Potential
   -1.99406e+03    1.57912e+03   -9.58395e+03    2.85164e+01   -9.85372e+03
    Kinetic En.   Total Energy  Conserved En.    Temperature Pressure (bar)
    1.60180e+03   -8.25193e+03    3.13232e+03    3.07505e+02    2.30266e+03
   Constr. rmsd
    0.00000e+00

           Step           Time
        2945000     2945.00000

   Energies (kJ/mol)
        G96Bond       G96Angle    Proper Dih.  Improper Dih.          LJ-14
    1.87119e+01    4.07953e+01    9.34507e+00    6.98584e+00    3.58778e+01
     Coulomb-14        LJ (SR)   Coulomb (SR)   Coul. recip.      Potential
   -1.98265e+03    1.48395e+03   -9.56853e+03    2.23352e+01   -9.93318e+03
    Kinetic En.   Total Energy  Conserved En.    Temperature Pressure (bar)
    1.64733e+03   -8.28585e+03    3.15206e+03    3.16246e+02    8.11358e+02
   Constr. rmsd
    0.00000e+00

           Step           Time
        2950000     2950.00000

   Energies (kJ/mol)
        G96Bond       G96Angle    Proper Dih.  Improper Dih.          LJ-14
    1.18759e+01    5.71068e+01    6.41548e+00    7.00276e+00    2.99530e+01
     Coulomb-14        LJ (SR)   Coulomb (SR)   Coul. recip.      Potential
   -1.99446e+03    1.25059e+03   -9.12449e+03    2.79294e+01   -9.72808e+03
    Kinetic En.   Total Energy  Conserved En.    Temperature Pressure (bar)
    1.54069e+03   -8.18738e+03    3.13289e+03    2.95774e+02   -2.15958e+02
   Constr. rmsd
    0.00000e+00

           Step           Time
        2955000     2955.00000

   Energies (kJ/mol)
        G96Bond       G96Angle    Proper Dih.  Improper Dih.          LJ-14
    1.19963e+01    3.90204e+01    5.53695e+00    1.18161e+01    3.40539e+01
     Coulomb-14        LJ (SR)   Coulomb (SR)   Coul. recip.      Potential
   -1.98710e+03    1.22628e+03   -9.18985e+03    2.46234e+01   -9.82363e+03
    Kinetic En.   Total Energy  Conserved En.    Temperature Pressure (bar)
    1.68769e+03   -8.13594e+03    3.19386e+03    3.23994e+02   -9.23259e+02
   Constr. rmsd
    0.00000e+00

           Step           Time
        2960000     2960.00000

   Energies (kJ/mol)
        G96Bond       G96Angle    Proper Dih.  Improper Dih.          LJ-14
    1.46647e+01    4.78265e+01    6.40181e+00    1.51892e+01    2.57826e+01
     Coulomb-14        LJ (SR)   Coulomb (SR)   Coul. recip.      Potential
   -1.96340e+03    1.41534e+03   -9.50958e+03    2.82747e+01   -9.91950e+03
    Kinetic En.   Total Energy  Conserved En.    Temperature Pressure (bar)
    1.56529e+03   -8.35422e+03    3.20189e+03    3.00496e+02   -1.08457e+03
   Constr. rmsd
    0.00000e+00

           Step           Time
        2965000     2965.00000

   Energies (kJ/mol)
        G96Bond       G96Angle    Proper Dih.  Improper Dih.          LJ-14
    1.01137e+01    3.80530e+01    3.65087e+00    1.32537e+01    3.41072e+01
     Coulomb-14        LJ (SR)   Coulomb (SR)   Coul. recip.      Potential
   -1.97354e+03    1.27772e+03   -9.26258e+03    2.63326e+01   -9.83290e+03
    Kinetic En.   Total Energy  Conserved En.    Temperature Pressure (bar)
    1.46473e+03   -8.36817e+03    3.22948e+03    2.81192e+02   -1.85996e+03
   Constr. rmsd
    0.00000e+00

           Step           Time
        2970000     2970.00000

   Energies (kJ/mol)
        G96Bond       G96Angle    Proper Dih.  Improper Dih.          LJ-14
    2.14522e+01    2.75505e+01    1.81385e+01    5.50572e+00    4.03438e+01
     Coulomb-14        LJ (SR)   Coulomb (SR)   Coul. recip.      Potential
   -1.99965e+03    1.24939e+03   -9.26376e+03    2.59299e+01   -9.87509e+03
    Kinetic En.   Total Energy  Conserved En.    Temperature Pressure (bar)
    1.53551e+03   -8.33958e+03    3.25952e+03    2.94779e+02    2.46029e+02
   Constr. rmsd
    0.00000e+00

           Step           Time
        2975000     2975.00000

   Energies (kJ/mol)
        G96Bond       G96Angle    Proper Dih.  Improper Dih.          LJ-14
    2.52520e+01    4.00309e+01    9.75673e+00    3.87154e+00    3.12481e+01
     Coulomb-14        LJ (SR)   Coulomb (SR)   Coul. recip.      Potential
   -1.98301e+03    1.34960e+03   -9.39966e+03    2.95186e+01   -9.89339e+03
    Kinetic En.   Total Energy  Conserved En.    Temperature Pressure (bar)
    1.57030e+03   -8.32309e+03    3.25583e+03    3.01459e+02   -3.24302e+02
   Constr. rmsd
    0.00000e+00

           Step           Time
        2980000     2980.00000

   Energies (kJ/mol)
        G96Bond       G96Angle    Proper Dih.  Improper Dih.          LJ-14
    1.04283e+01    2.38918e+01    5.06802e+00    5.12927e+00    2.92671e+01
     Coulomb-14        LJ (SR)   Coulomb (SR)   Coul. recip.      Potential
   -1.96782e+03    1.45894e+03   -9.39718e+03    2.26673e+01   -9.80960e+03
    Kinetic En.   Total Energy  Conserved En.    Temperature Pressure (bar)
    1.44530e+03   -8.36430e+03    3.30533e+03    2.77462e+02    9.05045e+02
   Constr. rmsd
    0.00000e+00

           Step           Time
        2985000     2985.00000

   Energies (kJ/mol)
        G96Bond       G96Angle    Proper Dih.  Improper Dih.          LJ-14
    1.27627e+01    4.48190e+01    4.09506e+00    3.39647e+00    2.60172e+01
     Coulomb-14        LJ (SR)   Coulomb (SR)   Coul. recip.      Potential
   -1.97990e+03    1.32598e+03   -9.48804e+03    2.63500e+01   -1.00245e+04
    Kinetic En.   Total Energy  Conserved En.    Temperature Pressure (bar)
    1.45463e+03   -8.56989e+03    3.30642e+03    2.79252e+02   -2.80642e+02
   Constr. rmsd
    0.00000e+00

           Step           Time
        2990000     2990.00000

   Energies (kJ/mol)
        G96Bond       G96Angle    Proper Dih.  Improper Dih.          LJ-14
    2.49256e+01    3.20905e+01    1.31802e+01    7.87129e+00    3.24776e+01
     Coulomb-14        LJ (SR)   Coulomb (SR)   Coul. recip.      Potential
   -1.99753e+03    1.46710e+03   -9.46771e+03    3.41880e+01   -9.85341e+03
    Kinetic En.   Total Energy  Conserved En.    Temperature Pressure (bar)
    1.57040e+03   -8.28301e+03    3.30007e+03    3.01478e+02    1.61791e+03
   Constr. rmsd
    0.00000e+00

           Step           Time
        2995000     2995.00000

   Energies (kJ/mol)
        G96Bond       G96Angle    Proper Dih.  Improper Dih.          LJ-14
    7.41651e+00    2.68042e+01    9.44476e+00    5.28779e+00    2.37631e+01
     Coulomb-14        LJ (SR)   Coulomb (SR)   Coul. recip.      Potential
   -1.96282e+03    1.27430e+03   -9.31010e+03    3.80070e+01   -9.88790e+03
    Kinetic En.   Total Energy  Conserved En.    Temperature Pressure (bar)
    1.55193e+03   -8.33596e+03    3.31469e+03    2.97933e+02   -1.25455e+03
   Constr. rmsd
    0.00000e+00

           Step           Time
        3000000     3000.00000

   Energies (kJ/mol)
        G96Bond       G96Angle    Proper Dih.  Improper Dih.          LJ-14
    2.06286e+01    4.73657e+01    1.32021e+01    6.51762e+00    3.30723e+01
     Coulomb-14        LJ (SR)   Coulomb (SR)   Coul. recip.      Potential
   -1.99214e+03    1.44120e+03   -9.34186e+03    1.92801e+01   -9.75273e+03
    Kinetic En.   Total Energy  Conserved En.    Temperature Pressure (bar)
    1.67376e+03   -8.07898e+03    3.32279e+03    3.21319e+02    1.43457e+03
   Constr. rmsd
    0.00000e+00

           Step           Time
        3005000     3005.00000

   Energies (kJ/mol)
        G96Bond       G96Angle    Proper Dih.  Improper Dih.          LJ-14
    2.06705e+01    5.09938e+01    3.83227e+00    7.17881e-01    3.12606e+01
     Coulomb-14        LJ (SR)   Coulomb (SR)   Coul. recip.      Potential
   -1.98521e+03    1.41727e+03   -9.36936e+03    2.41942e+01   -9.80563e+03
    Kinetic En.   Total Energy  Conserved En.    Temperature Pressure (bar)
    1.65387e+03   -8.15176e+03    3.36673e+03    3.17502e+02    9.75659e+02
   Constr. rmsd
    0.00000e+00

           Step           Time
        3010000     3010.00000

   Energies (kJ/mol)
        G96Bond       G96Angle    Proper Dih.  Improper Dih.          LJ-14
    1.39839e+01    3.26376e+01    1.43840e+01    3.60449e+00    3.02145e+01
     Coulomb-14        LJ (SR)   Coulomb (SR)   Coul. recip.      Potential
   -1.97922e+03    1.46613e+03   -9.41122e+03    2.77088e+01   -9.80177e+03
    Kinetic En.   Total Energy  Conserved En.    Temperature Pressure (bar)
    1.61159e+03   -8.19018e+03    3.40386e+03    3.09386e+02    1.01524e+03
   Constr. rmsd
    0.00000e+00

           Step           Time
        3015000     3015.00000

   Energies (kJ/mol)
        G96Bond       G96Angle    Proper Dih.  Improper Dih.          LJ-14
    1.70450e+01    5.13767e+01    5.76663e+00    2.09155e+01    3.51343e+01
     Coulomb-14        LJ (SR)   Coulomb (SR)   Coul. recip.      Potential
   -1.99441e+03    1.42926e+03   -9.44198e+03    2.58858e+01   -9.85101e+03
    Kinetic En.   Total Energy  Conserved En.    Temperature Pressure (bar)
    1.58416e+03   -8.26685e+03    3.40226e+03    3.04119e+02    1.22862e+03
   Constr. rmsd
    0.00000e+00

           Step           Time
        3020000     3020.00000

   Energies (kJ/mol)
        G96Bond       G96Angle    Proper Dih.  Improper Dih.          LJ-14
    1.89130e+01    6.35527e+01    9.79878e+00    1.28174e+01    3.75111e+01
     Coulomb-14        LJ (SR)   Coulomb (SR)   Coul. recip.      Potential
   -1.99326e+03    1.51965e+03   -9.64533e+03    2.57773e+01   -9.95056e+03
    Kinetic En.   Total Energy  Conserved En.    Temperature Pressure (bar)
    1.41592e+03   -8.53465e+03    3.42852e+03    2.71820e+02    1.22269e+03
   Constr. rmsd
    0.00000e+00

           Step           Time
        3025000     3025.00000

   Energies (kJ/mol)
        G96Bond       G96Angle    Proper Dih.  Improper Dih.          LJ-14
    2.00784e+01    3.78126e+01    1.69348e+01    3.70489e+00    2.68532e+01
     Coulomb-14        LJ (SR)   Coulomb (SR)   Coul. recip.      Potential
   -1.98036e+03    1.27133e+03   -9.27123e+03    2.33655e+01   -9.85152e+03
    Kinetic En.   Total Energy  Conserved En.    Temperature Pressure (bar)
    1.49500e+03   -8.35652e+03    3.44185e+03    2.87003e+02   -3.47955e+02
   Constr. rmsd
    0.00000e+00

           Step           Time
        3030000     3030.00000

   Energies (kJ/mol)
        G96Bond       G96Angle    Proper Dih.  Improper Dih.          LJ-14
    1.07268e+01    2.52971e+01    7.33962e+00    2.25685e+01    3.85161e+01
     Coulomb-14        LJ (SR)   Coulomb (SR)   Coul. recip.      Potential
   -1.99288e+03    1.36694e+03   -9.47283e+03    3.39579e+01   -9.96036e+03
    Kinetic En.   Total Energy  Conserved En.    Temperature Pressure (bar)
    1.49267e+03   -8.46769e+03    3.48301e+03    2.86556e+02    3.93119e+02
   Constr. rmsd
    0.00000e+00

           Step           Time
        3035000     3035.00000

   Energies (kJ/mol)
        G96Bond       G96Angle    Proper Dih.  Improper Dih.          LJ-14
    1.91726e+01    3.26325e+01    6.44468e+00    7.15602e+00    2.90367e+01
     Coulomb-14        LJ (SR)   Coulomb (SR)   Coul. recip.      Potential
   -1.97406e+03    1.43147e+03   -9.51957e+03    2.68272e+01   -9.94089e+03
    Kinetic En.   Total Energy  Conserved En.    Temperature Pressure (bar)
    1.43057e+03   -8.51032e+03    3.48894e+03    2.74633e+02    6.23148e+02
   Constr. rmsd
    0.00000e+00

           Step           Time
        3040000     3040.00000

   Energies (kJ/mol)
        G96Bond       G96Angle    Proper Dih.  Improper Dih.          LJ-14
    2.00155e+01    4.85611e+01    9.01100e+00    5.28424e+00    4.00772e+01
     Coulomb-14        LJ (SR)   Coulomb (SR)   Coul. recip.      Potential
   -1.98698e+03    1.48262e+03   -9.49219e+03    2.15987e+01   -9.85201e+03
    Kinetic En.   Total Energy  Conserved En.    Temperature Pressure (bar)
    1.48665e+03   -8.36536e+03    3.53026e+03    2.85399e+02    1.97995e+03
   Constr. rmsd
    0.00000e+00

           Step           Time
        3045000     3045.00000

   Energies (kJ/mol)
        G96Bond       G96Angle    Proper Dih.  Improper Dih.          LJ-14
    1.06204e+01    5.34865e+01    1.91762e+01    5.75354e+00    3.62000e+01
     Coulomb-14        LJ (SR)   Coulomb (SR)   Coul. recip.      Potential
   -1.99322e+03    1.29173e+03   -9.38346e+03    2.46349e+01   -9.93508e+03
    Kinetic En.   Total Energy  Conserved En.    Temperature Pressure (bar)
    1.58283e+03   -8.35224e+03    3.51644e+03    3.03864e+02   -1.02229e+03
   Constr. rmsd
    0.00000e+00

           Step           Time
        3050000     3050.00000

   Energies (kJ/mol)
        G96Bond       G96Angle    Proper Dih.  Improper Dih.          LJ-14
    9.67319e+00    5.15530e+01    9.76037e+00    7.37776e+00    2.67646e+01
     Coulomb-14        LJ (SR)   Coulomb (SR)   Coul. recip.      Potential
   -1.96938e+03    1.44329e+03   -9.43447e+03    2.29896e+01   -9.83244e+03
    Kinetic En.   Total Energy  Conserved En.    Temperature Pressure (bar)
    1.58711e+03   -8.24533e+03    3.54284e+03    3.04685e+02    7.76046e+02
   Constr. rmsd
    0.00000e+00

           Step           Time
        3055000     3055.00000

   Energies (kJ/mol)
        G96Bond       G96Angle    Proper Dih.  Improper Dih.          LJ-14
    2.45198e+01    5.03070e+01    7.90275e+00    1.20883e+01    3.14594e+01
     Coulomb-14        LJ (SR)   Coulomb (SR)   Coul. recip.      Potential
   -1.98681e+03    1.41777e+03   -9.51006e+03    2.52635e+01   -9.92755e+03
    Kinetic En.   Total Energy  Conserved En.    Temperature Pressure (bar)
    1.63812e+03   -8.28943e+03    3.59743e+03    3.14478e+02    1.31334e+03
   Constr. rmsd
    0.00000e+00

           Step           Time
        3060000     3060.00000

   Energies (kJ/mol)
        G96Bond       G96Angle    Proper Dih.  Improper Dih.          LJ-14
    2.59711e+01    3.98823e+01    9.69778e+00    4.89372e+00    3.32580e+01
     Coulomb-14        LJ (SR)   Coulomb (SR)   Coul. recip.      Potential
   -1.98751e+03    1.35228e+03   -9.42111e+03    2.65044e+01   -9.91614e+03
    Kinetic En.   Total Energy  Conserved En.    Temperature Pressure (bar)
    1.57663e+03   -8.33951e+03    3.58771e+03    3.02673e+02    3.79062e+02
   Constr. rmsd
    0.00000e+00

           Step           Time
        3065000     3065.00000

   Energies (kJ/mol)
        G96Bond       G96Angle    Proper Dih.  Improper Dih.          LJ-14
    2.06062e+01    4.60257e+01    1.26583e+01    1.98199e+00    3.01574e+01
     Coulomb-14        LJ (SR)   Coulomb (SR)   Coul. recip.      Potential
   -1.98845e+03    1.34880e+03   -9.31745e+03    2.77182e+01   -9.81796e+03
    Kinetic En.   Total Energy  Conserved En.    Temperature Pressure (bar)
    1.55019e+03   -8.26778e+03    3.55406e+03    2.97597e+02   -5.76762e+02
   Constr. rmsd
    0.00000e+00

           Step           Time
        3070000     3070.00000

   Energies (kJ/mol)
        G96Bond       G96Angle    Proper Dih.  Improper Dih.          LJ-14
    1.07585e+01    4.05132e+01    1.54250e+01    9.18844e+00    3.37335e+01
     Coulomb-14        LJ (SR)   Coulomb (SR)   Coul. recip.      Potential
   -1.99660e+03    1.25900e+03   -9.20126e+03    2.59536e+01   -9.80329e+03
    Kinetic En.   Total Energy  Conserved En.    Temperature Pressure (bar)
    1.45159e+03   -8.35170e+03    3.59613e+03    2.78668e+02   -5.85847e+02
   Constr. rmsd
    0.00000e+00

           Step           Time
        3075000     3075.00000

   Energies (kJ/mol)
        G96Bond       G96Angle    Proper Dih.  Improper Dih.          LJ-14
    2.59251e+01    4.62251e+01    1.86590e+01    1.42809e+01    3.22669e+01
     Coulomb-14        LJ (SR)   Coulomb (SR)   Coul. recip.      Potential
   -1.99893e+03    1.39211e+03   -9.41707e+03    2.55112e+01   -9.86102e+03
    Kinetic En.   Total Energy  Conserved En.    Temperature Pressure (bar)
    1.59094e+03   -8.27008e+03    3.63053e+03    3.05421e+02    1.92162e+02
   Constr. rmsd
    0.00000e+00

           Step           Time
        3080000     3080.00000

   Energies (kJ/mol)
        G96Bond       G96Angle    Proper Dih.  Improper Dih.          LJ-14
    1.45690e+01    3.86869e+01    1.00513e+01    1.51973e+01    2.86715e+01
     Coulomb-14        LJ (SR)   Coulomb (SR)   Coul. recip.      Potential
   -1.97523e+03    1.25268e+03   -9.24397e+03    3.03398e+01   -9.82901e+03
    Kinetic En.   Total Energy  Conserved En.    Temperature Pressure (bar)
    1.51946e+03   -8.30955e+03    3.65037e+03    2.91698e+02   -1.29281e+03
   Constr. rmsd
    0.00000e+00

           Step           Time
        3085000     3085.00000

   Energies (kJ/mol)
        G96Bond       G96Angle    Proper Dih.  Improper Dih.          LJ-14
    1.24839e+01    5.20283e+01    1.67818e+01    7.05358e+00    2.89785e+01
     Coulomb-14        LJ (SR)   Coulomb (SR)   Coul. recip.      Potential
   -1.98911e+03    1.27754e+03   -9.22223e+03    3.94115e+01   -9.77706e+03
    Kinetic En.   Total Energy  Conserved En.    Temperature Pressure (bar)
    1.59259e+03   -8.18447e+03    3.66090e+03    3.05737e+02   -1.28282e+02
   Constr. rmsd
    0.00000e+00

           Step           Time
        3090000     3090.00000

   Energies (kJ/mol)
        G96Bond       G96Angle    Proper Dih.  Improper Dih.          LJ-14
    3.19224e+01    4.55527e+01    1.21814e+01    9.27369e+00    3.48277e+01
     Coulomb-14        LJ (SR)   Coulomb (SR)   Coul. recip.      Potential
   -1.99337e+03    1.23062e+03   -9.18648e+03    2.23381e+01   -9.79313e+03
    Kinetic En.   Total Energy  Conserved En.    Temperature Pressure (bar)
    1.54868e+03   -8.24445e+03    3.68835e+03    2.97308e+02   -1.92144e+02
   Constr. rmsd
    0.00000e+00

           Step           Time
        3095000     3095.00000

   Energies (kJ/mol)
        G96Bond       G96Angle    Proper Dih.  Improper Dih.          LJ-14
    2.76371e+01    4.35685e+01    5.71812e+00    1.16351e+01    2.55440e+01
     Coulomb-14        LJ (SR)   Coulomb (SR)   Coul. recip.      Potential
   -1.96215e+03    1.20729e+03   -9.32033e+03    3.62002e+01   -9.92490e+03
    Kinetic En.   Total Energy  Conserved En.    Temperature Pressure (bar)
    1.55825e+03   -8.36665e+03    3.73518e+03    2.99144e+02   -1.48251e+03
   Constr. rmsd
    0.00000e+00

           Step           Time
        3100000     3100.00000

   Energies (kJ/mol)
        G96Bond       G96Angle    Proper Dih.  Improper Dih.          LJ-14
    3.12075e+01    3.45288e+01    8.88639e+00    2.78604e+00    3.07150e+01
     Coulomb-14        LJ (SR)   Coulomb (SR)   Coul. recip.      Potential
   -1.98179e+03    1.60398e+03   -9.88251e+03    2.44868e+01   -1.01277e+04
    Kinetic En.   Total Energy  Conserved En.    Temperature Pressure (bar)
    1.59169e+03   -8.53603e+03    3.74542e+03    3.05564e+02    1.82506e+03
   Constr. rmsd
    0.00000e+00

           Step           Time
        3105000     3105.00000

   Energies (kJ/mol)
        G96Bond       G96Angle    Proper Dih.  Improper Dih.          LJ-14
    1.69579e+01    3.38872e+01    4.63788e+00    1.38954e+01    2.32958e+01
     Coulomb-14        LJ (SR)   Coulomb (SR)   Coul. recip.      Potential
   -1.96824e+03    1.33334e+03   -9.37638e+03    3.40135e+01   -9.88459e+03
    Kinetic En.   Total Energy  Conserved En.    Temperature Pressure (bar)
    1.48355e+03   -8.40105e+03    3.72273e+03    2.84804e+02   -7.07536e+02
   Constr. rmsd
    0.00000e+00

           Step           Time
        3110000     3110.00000

   Energies (kJ/mol)
        G96Bond       G96Angle    Proper Dih.  Improper Dih.          LJ-14
    7.99104e+00    5.61430e+01    6.55278e+00    1.00860e+01    3.36022e+01
     Coulomb-14        LJ (SR)   Coulomb (SR)   Coul. recip.      Potential
   -1.98718e+03    1.33885e+03   -9.38752e+03    3.33416e+01   -9.88812e+03
    Kinetic En.   Total Energy  Conserved En.    Temperature Pressure (bar)
    1.52806e+03   -8.36006e+03    3.74924e+03    2.93349e+02   -3.56386e+02
   Constr. rmsd
    0.00000e+00

           Step           Time
        3115000     3115.00000

   Energies (kJ/mol)
        G96Bond       G96Angle    Proper Dih.  Improper Dih.          LJ-14
    2.34517e+01    3.13743e+01    8.43703e+00    7.09163e+00    2.83472e+01
     Coulomb-14        LJ (SR)   Coulomb (SR)   Coul. recip.      Potential
   -1.97715e+03    1.29722e+03   -9.20139e+03    3.04397e+01   -9.75217e+03
    Kinetic En.   Total Energy  Conserved En.    Temperature Pressure (bar)
    1.51697e+03   -8.23520e+03    3.76833e+03    2.91221e+02    3.96516e+02
   Constr. rmsd
    0.00000e+00

           Step           Time
        3120000     3120.00000

   Energies (kJ/mol)
        G96Bond       G96Angle    Proper Dih.  Improper Dih.          LJ-14
    2.03759e+01    5.35502e+01    1.30966e+01    1.90706e+00    3.48345e+01
     Coulomb-14        LJ (SR)   Coulomb (SR)   Coul. recip.      Potential
   -1.99556e+03    1.38375e+03   -9.45886e+03    2.43246e+01   -9.92258e+03
    Kinetic En.   Total Energy  Conserved En.    Temperature Pressure (bar)
    1.55010e+03   -8.37248e+03    3.76223e+03    2.97581e+02    5.26897e+02
   Constr. rmsd
    0.00000e+00

           Step           Time
        3125000     3125.00000

   Energies (kJ/mol)
        G96Bond       G96Angle    Proper Dih.  Improper Dih.          LJ-14
    2.19832e+01    4.19892e+01    8.78885e+00    6.36311e+00    2.64023e+01
     Coulomb-14        LJ (SR)   Coulomb (SR)   Coul. recip.      Potential
   -1.97544e+03    1.47100e+03   -9.53452e+03    2.58586e+01   -9.90757e+03
    Kinetic En.   Total Energy  Conserved En.    Temperature Pressure (bar)
    1.49796e+03   -8.40961e+03    3.77137e+03    2.87571e+02    6.36105e+02
   Constr. rmsd
    0.00000e+00

           Step           Time
        3130000     3130.00000

   Energies (kJ/mol)
        G96Bond       G96Angle    Proper Dih.  Improper Dih.          LJ-14
    2.76940e+01    2.78692e+01    5.50167e+00    9.15941e+00    3.15668e+01
     Coulomb-14        LJ (SR)   Coulomb (SR)   Coul. recip.      Potential
   -1.98626e+03    1.28585e+03   -9.20449e+03    2.92574e+01   -9.77385e+03
    Kinetic En.   Total Energy  Conserved En.    Temperature Pressure (bar)
    1.55380e+03   -8.22005e+03    3.83407e+03    2.98291e+02    5.27051e+02
   Constr. rmsd
    0.00000e+00

           Step           Time
        3135000     3135.00000

   Energies (kJ/mol)
        G96Bond       G96Angle    Proper Dih.  Improper Dih.          LJ-14
    2.10639e+01    4.65925e+01    8.59080e+00    1.08144e+01    2.67728e+01
     Coulomb-14        LJ (SR)   Coulomb (SR)   Coul. recip.      Potential
   -1.97932e+03    1.29868e+03   -9.32784e+03    3.06845e+01   -9.86396e+03
    Kinetic En.   Total Energy  Conserved En.    Temperature Pressure (bar)
    1.59203e+03   -8.27192e+03    3.82440e+03    3.05631e+02   -7.85731e+02
   Constr. rmsd
    0.00000e+00

           Step           Time
        3140000     3140.00000

   Energies (kJ/mol)
        G96Bond       G96Angle    Proper Dih.  Improper Dih.          LJ-14
    1.77769e+01    4.91284e+01    1.67704e+01    1.08351e+01    3.23624e+01
     Coulomb-14        LJ (SR)   Coulomb (SR)   Coul. recip.      Potential
   -1.98851e+03    1.30839e+03   -9.38301e+03    3.82860e+01   -9.89797e+03
    Kinetic En.   Total Energy  Conserved En.    Temperature Pressure (bar)
    1.52582e+03   -8.37216e+03    3.86223e+03    2.92918e+02   -5.98839e+02
   Constr. rmsd
    0.00000e+00

           Step           Time
        3145000     3145.00000

   Energies (kJ/mol)
        G96Bond       G96Angle    Proper Dih.  Improper Dih.          LJ-14
    2.20872e+01    9.20089e+01    8.22843e+00    6.13213e+00    3.69027e+01
     Coulomb-14        LJ (SR)   Coulomb (SR)   Coul. recip.      Potential
   -1.99205e+03    1.33155e+03   -9.45590e+03    2.54147e+01   -9.92562e+03
    Kinetic En.   Total Energy  Conserved En.    Temperature Pressure (bar)
    1.58699e+03   -8.33863e+03    3.89071e+03    3.04663e+02   -9.57140e+02
   Constr. rmsd
    0.00000e+00

           Step           Time
        3150000     3150.00000

   Energies (kJ/mol)
        G96Bond       G96Angle    Proper Dih.  Improper Dih.          LJ-14
    5.55789e+00    4.65464e+01    7.06172e+00    5.33492e+00    2.39653e+01
     Coulomb-14        LJ (SR)   Coulomb (SR)   Coul. recip.      Potential
   -1.96769e+03    1.24844e+03   -9.21328e+03    3.24375e+01   -9.81162e+03
    Kinetic En.   Total Energy  Conserved En.    Temperature Pressure (bar)
    1.59454e+03   -8.21708e+03    3.88420e+03    3.06112e+02   -1.03462e+03
   Constr. rmsd
    0.00000e+00

           Step           Time
        3155000     3155.00000

   Energies (kJ/mol)
        G96Bond       G96Angle    Proper Dih.  Improper Dih.          LJ-14
    5.64896e+00    5.59059e+01    8.40536e+00    6.90251e+00    2.26263e+01
     Coulomb-14        LJ (SR)   Coulomb (SR)   Coul. recip.      Potential
   -1.96007e+03    1.24018e+03   -9.41719e+03    2.26748e+01   -1.00149e+04
    Kinetic En.   Total Energy  Conserved En.    Temperature Pressure (bar)
    1.49129e+03   -8.52362e+03    3.89397e+03    2.86291e+02   -1.92136e+03
   Constr. rmsd
    0.00000e+00

           Step           Time
        3160000     3160.00000

   Energies (kJ/mol)
        G96Bond       G96Angle    Proper Dih.  Improper Dih.          LJ-14
    2.36640e+01    3.83358e+01    4.27107e+00    7.58193e+00    2.97310e+01
     Coulomb-14        LJ (SR)   Coulomb (SR)   Coul. recip.      Potential
   -1.98459e+03    1.17126e+03   -9.12076e+03    3.49924e+01   -9.79551e+03
    Kinetic En.   Total Energy  Conserved En.    Temperature Pressure (bar)
    1.56004e+03   -8.23547e+03    3.91935e+03    2.99488e+02   -1.11030e+03
   Constr. rmsd
    0.00000e+00

           Step           Time
        3165000     3165.00000

   Energies (kJ/mol)
        G96Bond       G96Angle    Proper Dih.  Improper Dih.          LJ-14
    3.75191e+00    4.29775e+01    8.29936e+00    1.09044e+01    3.00112e+01
     Coulomb-14        LJ (SR)   Coulomb (SR)   Coul. recip.      Potential
   -1.97836e+03    1.38134e+03   -9.55472e+03    2.38402e+01   -1.00320e+04
    Kinetic En.   Total Energy  Conserved En.    Temperature Pressure (bar)
    1.48736e+03   -8.54459e+03    3.93312e+03    2.85536e+02   -7.66174e+02
   Constr. rmsd
    0.00000e+00

           Step           Time
        3170000     3170.00000

   Energies (kJ/mol)
        G96Bond       G96Angle    Proper Dih.  Improper Dih.          LJ-14
    1.82785e+01    6.54126e+01    1.26978e+01    1.52316e+00    3.60554e+01
     Coulomb-14        LJ (SR)   Coulomb (SR)   Coul. recip.      Potential
   -1.98314e+03    1.48332e+03   -9.56155e+03    2.83637e+01   -9.89905e+03
    Kinetic En.   Total Energy  Conserved En.    Temperature Pressure (bar)
    1.61901e+03   -8.28004e+03    3.93935e+03    3.10810e+02    7.04931e+02
   Constr. rmsd
    0.00000e+00

           Step           Time
        3175000     3175.00000

   Energies (kJ/mol)
        G96Bond       G96Angle    Proper Dih.  Improper Dih.          LJ-14
    1.39467e+01    4.26157e+01    6.56713e+00    1.05267e+01    3.06194e+01
     Coulomb-14        LJ (SR)   Coulomb (SR)   Coul. recip.      Potential
   -1.98488e+03    1.37527e+03   -9.20428e+03    3.06675e+01   -9.67894e+03
    Kinetic En.   Total Energy  Conserved En.    Temperature Pressure (bar)
    1.50219e+03   -8.17675e+03    3.93387e+03    2.88383e+02    1.70898e+02
   Constr. rmsd
    0.00000e+00

           Step           Time
        3180000     3180.00000

   Energies (kJ/mol)
        G96Bond       G96Angle    Proper Dih.  Improper Dih.          LJ-14
    3.07041e+01    3.29792e+01    9.53252e+00    8.50208e+00    3.50935e+01
     Coulomb-14        LJ (SR)   Coulomb (SR)   Coul. recip.      Potential
   -1.98053e+03    1.37097e+03   -9.50821e+03    2.45465e+01   -9.97641e+03
    Kinetic En.   Total Energy  Conserved En.    Temperature Pressure (bar)
    1.67132e+03   -8.30509e+03    3.97220e+03    3.20852e+02   -7.09220e+02
   Constr. rmsd
    0.00000e+00

           Step           Time
        3185000     3185.00000

   Energies (kJ/mol)
        G96Bond       G96Angle    Proper Dih.  Improper Dih.          LJ-14
    1.73531e+01    4.71241e+01    8.03982e+00    5.02720e+00    4.25472e+01
     Coulomb-14        LJ (SR)   Coulomb (SR)   Coul. recip.      Potential
   -2.00699e+03    1.35581e+03   -9.39098e+03    2.32056e+01   -9.89886e+03
    Kinetic En.   Total Energy  Conserved En.    Temperature Pressure (bar)
    1.55813e+03   -8.34073e+03    4.01679e+03    2.99122e+02   -2.49547e+02
   Constr. rmsd
    0.00000e+00

           Step           Time
        3190000     3190.00000

   Energies (kJ/mol)
        G96Bond       G96Angle    Proper Dih.  Improper Dih.          LJ-14
    1.34509e+01    5.15557e+01    1.88437e+00    1.16239e+01    2.64296e+01
     Coulomb-14        LJ (SR)   Coulomb (SR)   Coul. recip.      Potential
   -1.96094e+03    1.34907e+03   -9.42195e+03    2.88380e+01   -9.90004e+03
    Kinetic En.   Total Energy  Conserved En.    Temperature Pressure (bar)
    1.61716e+03   -8.28288e+03    4.02517e+03    3.10454e+02   -3.33623e+02
   Constr. rmsd
    0.00000e+00

           Step           Time
        3195000     3195.00000

   Energies (kJ/mol)
        G96Bond       G96Angle    Proper Dih.  Improper Dih.          LJ-14
    2.72188e+01    5.19721e+01    8.19420e+00    4.93601e+00    3.14975e+01
     Coulomb-14        LJ (SR)   Coulomb (SR)   Coul. recip.      Potential
   -1.98572e+03    1.35140e+03   -9.36201e+03    2.06086e+01   -9.85191e+03
    Kinetic En.   Total Energy  Conserved En.    Temperature Pressure (bar)
    1.47181e+03   -8.38010e+03    4.02520e+03    2.82551e+02   -3.23231e+02
   Constr. rmsd
    0.00000e+00

           Step           Time
        3200000     3200.00000

   Energies (kJ/mol)
        G96Bond       G96Angle    Proper Dih.  Improper Dih.          LJ-14
    1.42482e+01    5.21124e+01    9.94746e+00    5.13982e+00    2.09702e+01
     Coulomb-14        LJ (SR)   Coulomb (SR)   Coul. recip.      Potential
   -1.95182e+03    1.47690e+03   -9.62533e+03    2.55076e+01   -9.97232e+03
    Kinetic En.   Total Energy  Conserved En.    Temperature Pressure (bar)
    1.49707e+03   -8.47525e+03    4.06323e+03    2.87399e+02   -4.30912e+02
   Constr. rmsd
    0.00000e+00

           Step           Time
        3205000     3205.00000

   Energies (kJ/mol)
        G96Bond       G96Angle    Proper Dih.  Improper Dih.          LJ-14
    3.75721e+01    5.40836e+01    6.09936e+00    2.70870e+00    4.25086e+01
     Coulomb-14        LJ (SR)   Coulomb (SR)   Coul. recip.      Potential
   -2.00793e+03    1.49092e+03   -9.42166e+03    2.78155e+01   -9.76788e+03
    Kinetic En.   Total Energy  Conserved En.    Temperature Pressure (bar)
    1.55668e+03   -8.21121e+03    4.05833e+03    2.98844e+02    1.92296e+03
   Constr. rmsd
    0.00000e+00

           Step           Time
        3210000     3210.00000

   Energies (kJ/mol)
        G96Bond       G96Angle    Proper Dih.  Improper Dih.          LJ-14
    1.99282e+01    3.05597e+01    4.72621e+00    3.58934e+00    4.20004e+01
     Coulomb-14        LJ (SR)   Coulomb (SR)   Coul. recip.      Potential
   -2.00151e+03    1.43018e+03   -9.41554e+03    2.71009e+01   -9.85896e+03
    Kinetic En.   Total Energy  Conserved En.    Temperature Pressure (bar)
    1.56378e+03   -8.29518e+03    4.07828e+03    3.00207e+02    7.58756e+02
   Constr. rmsd
    0.00000e+00

           Step           Time
        3215000     3215.00000

   Energies (kJ/mol)
        G96Bond       G96Angle    Proper Dih.  Improper Dih.          LJ-14
    1.77920e+01    4.09295e+01    7.63753e+00    1.02363e+01    2.51416e+01
     Coulomb-14        LJ (SR)   Coulomb (SR)   Coul. recip.      Potential
   -1.96206e+03    1.28825e+03   -9.32817e+03    3.06995e+01   -9.86954e+03
    Kinetic En.   Total Energy  Conserved En.    Temperature Pressure (bar)
    1.66217e+03   -8.20737e+03    4.10645e+03    3.19095e+02   -6.51127e+02
   Constr. rmsd
    0.00000e+00

           Step           Time
        3220000     3220.00000

   Energies (kJ/mol)
        G96Bond       G96Angle    Proper Dih.  Improper Dih.          LJ-14
    1.55586e+01    2.23181e+01    1.21244e+01    1.53370e+01    2.72536e+01
     Coulomb-14        LJ (SR)   Coulomb (SR)   Coul. recip.      Potential
   -1.97472e+03    1.27890e+03   -9.07519e+03    3.18828e+01   -9.64654e+03
    Kinetic En.   Total Energy  Conserved En.    Temperature Pressure (bar)
    1.55233e+03   -8.09421e+03    4.07607e+03    2.98009e+02   -4.69648e+02
   Constr. rmsd
    0.00000e+00

           Step           Time
        3225000     3225.00000

   Energies (kJ/mol)
        G96Bond       G96Angle    Proper Dih.  Improper Dih.          LJ-14
    2.16671e+01    6.13644e+01    1.28726e+01    3.47033e+00    3.17367e+01
     Coulomb-14        LJ (SR)   Coulomb (SR)   Coul. recip.      Potential
   -1.98073e+03    1.29642e+03   -9.23782e+03    4.35739e+01   -9.74745e+03
    Kinetic En.   Total Energy  Conserved En.    Temperature Pressure (bar)
    1.68042e+03   -8.06702e+03    4.09590e+03    3.22599e+02   -2.26232e+02
   Constr. rmsd
    0.00000e+00

           Step           Time
        3230000     3230.00000

   Energies (kJ/mol)
        G96Bond       G96Angle    Proper Dih.  Improper Dih.          LJ-14
    1.39147e+01    5.25478e+01    6.28690e+00    2.41639e+01    3.39408e+01
     Coulomb-14        LJ (SR)   Coulomb (SR)   Coul. recip.      Potential
   -2.01300e+03    1.32352e+03   -9.21222e+03    2.59996e+01   -9.74485e+03
    Kinetic En.   Total Energy  Conserved En.    Temperature Pressure (bar)
    1.61333e+03   -8.13152e+03    4.12459e+03    3.09719e+02    2.41130e+02
   Constr. rmsd
    0.00000e+00

           Step           Time
        3235000     3235.00000

   Energies (kJ/mol)
        G96Bond       G96Angle    Proper Dih.  Improper Dih.          LJ-14
    1.32407e+01    4.02215e+01    3.30097e+00    9.52420e+00    3.66526e+01
     Coulomb-14        LJ (SR)   Coulomb (SR)   Coul. recip.      Potential
   -2.00126e+03    1.39388e+03   -9.36234e+03    2.53102e+01   -9.84147e+03
    Kinetic En.   Total Energy  Conserved En.    Temperature Pressure (bar)
    1.46355e+03   -8.37792e+03    4.17031e+03    2.80965e+02    5.65055e+02
   Constr. rmsd
    0.00000e+00

           Step           Time
        3240000     3240.00000

   Energies (kJ/mol)
        G96Bond       G96Angle    Proper Dih.  Improper Dih.          LJ-14
    1.85420e+01    5.05627e+01    4.24745e+00    3.27505e+01    3.25224e+01
     Coulomb-14        LJ (SR)   Coulomb (SR)   Coul. recip.      Potential
   -1.99066e+03    1.43278e+03   -9.34520e+03    2.40854e+01   -9.74037e+03
    Kinetic En.   Total Energy  Conserved En.    Temperature Pressure (bar)
    1.51120e+03   -8.22917e+03    4.17027e+03    2.90113e+02   -5.45424e+02
   Constr. rmsd
    0.00000e+00

           Step           Time
        3245000     3245.00000

   Energies (kJ/mol)
        G96Bond       G96Angle    Proper Dih.  Improper Dih.          LJ-14
    1.92047e+01    4.34097e+01    1.02155e+01    9.24531e+00    2.40061e+01
     Coulomb-14        LJ (SR)   Coulomb (SR)   Coul. recip.      Potential
   -1.97435e+03    1.14822e+03   -9.21063e+03    2.83160e+01   -9.90236e+03
    Kinetic En.   Total Energy  Conserved En.    Temperature Pressure (bar)
    1.53540e+03   -8.36696e+03    4.17124e+03    2.94759e+02   -2.57702e+03
   Constr. rmsd
    0.00000e+00

           Step           Time
        3250000     3250.00000

   Energies (kJ/mol)
        G96Bond       G96Angle    Proper Dih.  Improper Dih.          LJ-14
    2.30655e+01    3.97398e+01    7.44495e+00    4.58297e+00    4.20518e+01
     Coulomb-14        LJ (SR)   Coulomb (SR)   Coul. recip.      Potential
   -2.00096e+03    1.23080e+03   -9.17271e+03    2.67278e+01   -9.79926e+03
    Kinetic En.   Total Energy  Conserved En.    Temperature Pressure (bar)
    1.61184e+03   -8.18742e+03    4.21365e+03    3.09432e+02   -1.04450e+03
   Constr. rmsd
    0.00000e+00

           Step           Time
        3255000     3255.00000

   Energies (kJ/mol)
        G96Bond       G96Angle    Proper Dih.  Improper Dih.          LJ-14
    8.57866e+00    6.31809e+01    7.68265e+00    1.56956e+01    2.72810e+01
     Coulomb-14        LJ (SR)   Coulomb (SR)   Coul. recip.      Potential
   -1.98967e+03    1.15073e+03   -9.09528e+03    3.06834e+01   -9.78112e+03
    Kinetic En.   Total Energy  Conserved En.    Temperature Pressure (bar)
    1.49093e+03   -8.29019e+03    4.21712e+03    2.86222e+02   -2.29661e+03
   Constr. rmsd
    0.00000e+00

           Step           Time
        3260000     3260.00000

   Energies (kJ/mol)
        G96Bond       G96Angle    Proper Dih.  Improper Dih.          LJ-14
    2.05569e+01    4.18005e+01    5.32360e+00    3.05303e+00    3.84480e+01
     Coulomb-14        LJ (SR)   Coulomb (SR)   Coul. recip.      Potential
   -1.99098e+03    1.18753e+03   -9.06318e+03    3.32653e+01   -9.72418e+03
    Kinetic En.   Total Energy  Conserved En.    Temperature Pressure (bar)
    1.55270e+03   -8.17148e+03    4.23001e+03    2.98079e+02   -1.42313e+03
   Constr. rmsd
    0.00000e+00

           Step           Time
        3265000     3265.00000

   Energies (kJ/mol)
        G96Bond       G96Angle    Proper Dih.  Improper Dih.          LJ-14
    1.21515e+01    5.03176e+01    7.08140e+00    2.38387e+00    3.11169e+01
     Coulomb-14        LJ (SR)   Coulomb (SR)   Coul. recip.      Potential
   -1.98751e+03    1.27084e+03   -9.23091e+03    2.35033e+01   -9.82103e+03
    Kinetic En.   Total Energy  Conserved En.    Temperature Pressure (bar)
    1.54212e+03   -8.27892e+03    4.26531e+03    2.96048e+02   -9.15187e+02
   Constr. rmsd
    0.00000e+00

           Step           Time
        3270000     3270.00000

   Energies (kJ/mol)
        G96Bond       G96Angle    Proper Dih.  Improper Dih.          LJ-14
    2.73658e+01    3.17532e+01    9.26089e+00    3.90680e+00    3.16775e+01
     Coulomb-14        LJ (SR)   Coulomb (SR)   Coul. recip.      Potential
   -1.99368e+03    1.41720e+03   -9.34430e+03    2.68719e+01   -9.78994e+03
    Kinetic En.   Total Energy  Conserved En.    Temperature Pressure (bar)
    1.53366e+03   -8.25627e+03    4.27272e+03    2.94425e+02    4.10098e+02
   Constr. rmsd
    0.00000e+00

           Step           Time
        3275000     3275.00000

   Energies (kJ/mol)
        G96Bond       G96Angle    Proper Dih.  Improper Dih.          LJ-14
    1.13247e+01    4.49198e+01    6.28234e+00    2.43085e+01    2.48847e+01
     Coulomb-14        LJ (SR)   Coulomb (SR)   Coul. recip.      Potential
   -1.97005e+03    1.34430e+03   -9.48849e+03    3.17794e+01   -9.97074e+03
    Kinetic En.   Total Energy  Conserved En.    Temperature Pressure (bar)
    1.62800e+03   -8.34274e+03    4.29039e+03    3.12535e+02   -1.89662e+03
   Constr. rmsd
    0.00000e+00

           Step           Time
        3280000     3280.00000

   Energies (kJ/mol)
        G96Bond       G96Angle    Proper Dih.  Improper Dih.          LJ-14
    1.90935e+01    4.65587e+01    1.00631e+01    6.50414e+00    2.88573e+01
     Coulomb-14        LJ (SR)   Coulomb (SR)   Coul. recip.      Potential
   -1.97479e+03    1.33555e+03   -9.45015e+03    2.42896e+01   -9.95402e+03
    Kinetic En.   Total Energy  Conserved En.    Temperature Pressure (bar)
    1.69919e+03   -8.25484e+03    4.29892e+03    3.26201e+02   -9.41321e+02
   Constr. rmsd
    0.00000e+00

           Step           Time
        3285000     3285.00000

   Energies (kJ/mol)
        G96Bond       G96Angle    Proper Dih.  Improper Dih.          LJ-14
    2.62571e+01    4.26615e+01    2.95628e+00    1.06982e+01    2.64597e+01
     Coulomb-14        LJ (SR)   Coulomb (SR)   Coul. recip.      Potential
   -1.98170e+03    1.28952e+03   -9.24211e+03    2.22230e+01   -9.80304e+03
    Kinetic En.   Total Energy  Conserved En.    Temperature Pressure (bar)
    1.48562e+03   -8.31742e+03    4.36025e+03    2.85201e+02   -2.93189e+01
   Constr. rmsd
    0.00000e+00

           Step           Time
        3290000     3290.00000

   Energies (kJ/mol)
        G96Bond       G96Angle    Proper Dih.  Improper Dih.          LJ-14
    1.47655e+01    3.21591e+01    1.43802e+01    6.35609e+00    3.00677e+01
     Coulomb-14        LJ (SR)   Coulomb (SR)   Coul. recip.      Potential
   -1.98445e+03    1.38915e+03   -9.57899e+03    2.83089e+01   -1.00482e+04
    Kinetic En.   Total Energy  Conserved En.    Temperature Pressure (bar)
    1.54157e+03   -8.50667e+03    4.38887e+03    2.95944e+02   -8.30702e+02
   Constr. rmsd
    0.00000e+00

           Step           Time
        3295000     3295.00000

   Energies (kJ/mol)
        G96Bond       G96Angle    Proper Dih.  Improper Dih.          LJ-14
    2.43381e+01    2.19485e+01    9.36849e+00    4.81218e+00    2.53797e+01
     Coulomb-14        LJ (SR)   Coulomb (SR)   Coul. recip.      Potential
   -1.96802e+03    1.34207e+03   -9.33241e+03    2.77519e+01   -9.84476e+03
    Kinetic En.   Total Energy  Conserved En.    Temperature Pressure (bar)
    1.59121e+03   -8.25355e+03    4.41059e+03    3.05473e+02    3.90711e+02
   Constr. rmsd
    0.00000e+00

           Step           Time
        3300000     3300.00000

   Energies (kJ/mol)
        G96Bond       G96Angle    Proper Dih.  Improper Dih.          LJ-14
    9.79478e+00    3.85685e+01    7.87409e+00    5.80984e+00    3.13585e+01
     Coulomb-14        LJ (SR)   Coulomb (SR)   Coul. recip.      Potential
   -1.98547e+03    1.31736e+03   -9.36912e+03    2.66804e+01   -9.91715e+03
    Kinetic En.   Total Energy  Conserved En.    Temperature Pressure (bar)
    1.46861e+03   -8.44854e+03    4.41637e+03    2.81937e+02   -5.71752e+02
   Constr. rmsd
    0.00000e+00

           Step           Time
        3305000     3305.00000

   Energies (kJ/mol)
        G96Bond       G96Angle    Proper Dih.  Improper Dih.          LJ-14
    2.66355e+01    4.31802e+01    5.00636e+00    1.44062e+01    2.34536e+01
     Coulomb-14        LJ (SR)   Coulomb (SR)   Coul. recip.      Potential
   -1.98061e+03    1.32577e+03   -9.39056e+03    2.65165e+01   -9.90620e+03
    Kinetic En.   Total Energy  Conserved En.    Temperature Pressure (bar)
    1.64095e+03   -8.26525e+03    4.42601e+03    3.15021e+02   -6.19562e+02
   Constr. rmsd
    0.00000e+00

           Step           Time
        3310000     3310.00000

   Energies (kJ/mol)
        G96Bond       G96Angle    Proper Dih.  Improper Dih.          LJ-14
    1.28843e+01    2.80071e+01    5.01484e+00    5.45274e+00    3.97591e+01
     Coulomb-14        LJ (SR)   Coulomb (SR)   Coul. recip.      Potential
   -1.99696e+03    1.34312e+03   -9.34840e+03    2.98870e+01   -9.88124e+03
    Kinetic En.   Total Energy  Conserved En.    Temperature Pressure (bar)
    1.75046e+03   -8.13078e+03    4.46552e+03    3.36045e+02   -1.00065e+02
   Constr. rmsd
    0.00000e+00

           Step           Time
        3315000     3315.00000

   Energies (kJ/mol)
        G96Bond       G96Angle    Proper Dih.  Improper Dih.          LJ-14
    3.07799e+01    2.92865e+01    1.16277e+01    7.91190e+00    3.91378e+01
     Coulomb-14        LJ (SR)   Coulomb (SR)   Coul. recip.      Potential
   -1.99488e+03    1.29598e+03   -9.14168e+03    2.88005e+01   -9.69304e+03
    Kinetic En.   Total Energy  Conserved En.    Temperature Pressure (bar)
    1.71692e+03   -7.97612e+03    4.44915e+03    3.29606e+02    3.56342e+02
   Constr. rmsd
    0.00000e+00

           Step           Time
        3320000     3320.00000

   Energies (kJ/mol)
        G96Bond       G96Angle    Proper Dih.  Improper Dih.          LJ-14
    1.74322e+01    4.67845e+01    1.23393e+01    1.08600e+01    3.69035e+01
     Coulomb-14        LJ (SR)   Coulomb (SR)   Coul. recip.      Potential
   -2.00245e+03    1.22193e+03   -9.05642e+03    2.15857e+01   -9.69104e+03
    Kinetic En.   Total Energy  Conserved En.    Temperature Pressure (bar)
    1.71267e+03   -7.97837e+03    4.48765e+03    3.28790e+02    7.65249e+01
   Constr. rmsd
    0.00000e+00

           Step           Time
        3325000     3325.00000

   Energies (kJ/mol)
        G96Bond       G96Angle    Proper Dih.  Improper Dih.          LJ-14
    1.65464e+01    3.47216e+01    8.49871e+00    1.74525e+00    2.36944e+01
     Coulomb-14        LJ (SR)   Coulomb (SR)   Coul. recip.      Potential
   -1.96664e+03    1.34849e+03   -9.40648e+03    3.92140e+01   -9.90021e+03
    Kinetic En.   Total Energy  Conserved En.    Temperature Pressure (bar)
    1.58667e+03   -8.31354e+03    4.48900e+03    3.04601e+02   -7.32681e+02
   Constr. rmsd
    0.00000e+00

           Step           Time
        3330000     3330.00000

   Energies (kJ/mol)
        G96Bond       G96Angle    Proper Dih.  Improper Dih.          LJ-14
    2.63001e+01    3.57957e+01    7.61197e+00    1.17702e+01    3.17978e+01
     Coulomb-14        LJ (SR)   Coulomb (SR)   Coul. recip.      Potential
   -1.98671e+03    1.49844e+03   -9.51343e+03    2.84981e+01   -9.85993e+03
    Kinetic En.   Total Energy  Conserved En.    Temperature Pressure (bar)
    1.54761e+03   -8.31231e+03    4.50172e+03    2.97103e+02    1.07014e+03
   Constr. rmsd
    0.00000e+00

           Step           Time
        3335000     3335.00000

   Energies (kJ/mol)
        G96Bond       G96Angle    Proper Dih.  Improper Dih.          LJ-14
    2.36553e+01    2.93359e+01    1.29777e+01    7.84752e+00    3.55449e+01
     Coulomb-14        LJ (SR)   Coulomb (SR)   Coul. recip.      Potential
   -1.99956e+03    1.41083e+03   -9.36258e+03    2.47758e+01   -9.81718e+03
    Kinetic En.   Total Energy  Conserved En.    Temperature Pressure (bar)
    1.43516e+03   -8.38202e+03    4.53177e+03    2.75515e+02    9.59875e+02
   Constr. rmsd
    0.00000e+00

           Step           Time
        3340000     3340.00000

   Energies (kJ/mol)
        G96Bond       G96Angle    Proper Dih.  Improper Dih.          LJ-14
    2.77249e+01    4.47462e+01    1.19678e+01    1.73618e+01    3.59405e+01
     Coulomb-14        LJ (SR)   Coulomb (SR)   Coul. recip.      Potential
   -2.00206e+03    1.42987e+03   -9.58510e+03    2.25922e+01   -9.99696e+03
    Kinetic En.   Total Energy  Conserved En.    Temperature Pressure (bar)
    1.57602e+03   -8.42094e+03    4.56727e+03    3.02557e+02    1.15724e+03
   Constr. rmsd
    0.00000e+00

           Step           Time
        3345000     3345.00000

   Energies (kJ/mol)
        G96Bond       G96Angle    Proper Dih.  Improper Dih.          LJ-14
    2.55018e+01    4.84080e+01    5.11762e+00    4.49377e+00    2.71306e+01
     Coulomb-14        LJ (SR)   Coulomb (SR)   Coul. recip.      Potential
   -1.97528e+03    1.33710e+03   -9.34829e+03    4.02694e+01   -9.83554e+03
    Kinetic En.   Total Energy  Conserved En.    Temperature Pressure (bar)
    1.67981e+03   -8.15573e+03    4.57591e+03    3.22482e+02    3.36444e+02
   Constr. rmsd
    0.00000e+00

           Step           Time
        3350000     3350.00000

   Energies (kJ/mol)
        G96Bond       G96Angle    Proper Dih.  Improper Dih.          LJ-14
    2.04089e+01    4.60702e+01    1.34335e+01    1.69017e+01    6.26192e+01
     Coulomb-14        LJ (SR)   Coulomb (SR)   Coul. recip.      Potential
   -2.01611e+03    1.40438e+03   -9.29988e+03    2.32319e+01   -9.72895e+03
    Kinetic En.   Total Energy  Conserved En.    Temperature Pressure (bar)
    1.51347e+03   -8.21547e+03    4.60738e+03    2.90549e+02    1.61210e+03
   Constr. rmsd
    0.00000e+00

           Step           Time
        3355000     3355.00000

   Energies (kJ/mol)
        G96Bond       G96Angle    Proper Dih.  Improper Dih.          LJ-14
    1.52882e+01    5.62206e+01    5.30873e+00    1.35540e+01    4.00828e+01
     Coulomb-14        LJ (SR)   Coulomb (SR)   Coul. recip.      Potential
   -2.00252e+03    1.22417e+03   -9.09264e+03    3.08550e+01   -9.70968e+03
    Kinetic En.   Total Energy  Conserved En.    Temperature Pressure (bar)
    1.52256e+03   -8.18712e+03    4.57326e+03    2.92293e+02   -9.02117e+02
   Constr. rmsd
    0.00000e+00

           Step           Time
        3360000     3360.00000

   Energies (kJ/mol)
        G96Bond       G96Angle    Proper Dih.  Improper Dih.          LJ-14
    2.25458e+01    4.42166e+01    7.46990e+00    1.12658e+01    3.79927e+01
     Coulomb-14        LJ (SR)   Coulomb (SR)   Coul. recip.      Potential
   -1.98894e+03    1.25484e+03   -9.21709e+03    2.31574e+01   -9.80455e+03
    Kinetic En.   Total Energy  Conserved En.    Temperature Pressure (bar)
    1.52946e+03   -8.27509e+03    4.61219e+03    2.93618e+02   -5.13777e+02
   Constr. rmsd
    0.00000e+00

           Step           Time
        3365000     3365.00000

   Energies (kJ/mol)
        G96Bond       G96Angle    Proper Dih.  Improper Dih.          LJ-14
    2.12096e+01    5.09777e+01    9.45372e+00    5.78038e+00    2.69503e+01
     Coulomb-14        LJ (SR)   Coulomb (SR)   Coul. recip.      Potential
   -1.97415e+03    1.48681e+03   -9.45421e+03    2.89043e+01   -9.79827e+03
    Kinetic En.   Total Energy  Conserved En.    Temperature Pressure (bar)
    1.45358e+03   -8.34469e+03    4.63927e+03    2.79051e+02    1.11689e+03
   Constr. rmsd
    0.00000e+00

           Step           Time
        3370000     3370.00000

   Energies (kJ/mol)
        G96Bond       G96Angle    Proper Dih.  Improper Dih.          LJ-14
    3.88453e+01    5.28592e+01    3.50993e+00    6.38380e+00    2.51530e+01
     Coulomb-14        LJ (SR)   Coulomb (SR)   Coul. recip.      Potential
   -1.96824e+03    1.54744e+03   -9.63776e+03    2.93448e+01   -9.90246e+03
    Kinetic En.   Total Energy  Conserved En.    Temperature Pressure (bar)
    1.65652e+03   -8.24594e+03    4.66133e+03    3.18010e+02    3.06807e+01
   Constr. rmsd
    0.00000e+00

           Step           Time
        3375000     3375.00000

   Energies (kJ/mol)
        G96Bond       G96Angle    Proper Dih.  Improper Dih.          LJ-14
    1.41031e+01    5.51406e+01    8.62715e+00    8.51991e+00    2.72809e+01
     Coulomb-14        LJ (SR)   Coulomb (SR)   Coul. recip.      Potential
   -1.97451e+03    1.47519e+03   -9.35848e+03    2.82366e+01   -9.71589e+03
    Kinetic En.   Total Energy  Conserved En.    Temperature Pressure (bar)
    1.58340e+03   -8.13248e+03    4.69607e+03    3.03974e+02    1.71240e+03
   Constr. rmsd
    0.00000e+00

           Step           Time
        3380000     3380.00000

   Energies (kJ/mol)
        G96Bond       G96Angle    Proper Dih.  Improper Dih.          LJ-14
    2.16994e+01    5.51768e+01    4.21281e+00    1.80036e+01    3.75636e+01
     Coulomb-14        LJ (SR)   Coulomb (SR)   Coul. recip.      Potential
   -1.98867e+03    1.38697e+03   -9.42745e+03    3.60413e+01   -9.85645e+03
    Kinetic En.   Total Energy  Conserved En.    Temperature Pressure (bar)
    1.54623e+03   -8.31023e+03    4.71380e+03    2.96837e+02   -3.44331e+01
   Constr. rmsd
    0.00000e+00

           Step           Time
        3385000     3385.00000

   Energies (kJ/mol)
        G96Bond       G96Angle    Proper Dih.  Improper Dih.          LJ-14
    9.74963e+00    3.91094e+01    1.09210e+01    8.16163e+00    2.88804e+01
     Coulomb-14        LJ (SR)   Coulomb (SR)   Coul. recip.      Potential
   -1.96981e+03    1.41667e+03   -9.48917e+03    2.21002e+01   -9.92339e+03
    Kinetic En.   Total Energy  Conserved En.    Temperature Pressure (bar)
    1.54011e+03   -8.38328e+03    4.72113e+03    2.95662e+02    2.20501e+01
   Constr. rmsd
    0.00000e+00

           Step           Time
        3390000     3390.00000

   Energies (kJ/mol)
        G96Bond       G96Angle    Proper Dih.  Improper Dih.          LJ-14
    2.24341e+01    3.95709e+01    3.53538e+00    5.56000e+00    2.93852e+01
     Coulomb-14        LJ (SR)   Coulomb (SR)   Coul. recip.      Potential
   -1.98473e+03    1.41411e+03   -9.62951e+03    2.27832e+01   -1.00769e+04
    Kinetic En.   Total Energy  Conserved En.    Temperature Pressure (bar)
    1.54100e+03   -8.53586e+03    4.72176e+03    2.95834e+02   -6.18458e+02
   Constr. rmsd
    0.00000e+00

           Step           Time
        3395000     3395.00000

   Energies (kJ/mol)
        G96Bond       G96Angle    Proper Dih.  Improper Dih.          LJ-14
    2.07684e+01    3.90999e+01    3.75950e+00    1.47496e+01    4.19759e+01
     Coulomb-14        LJ (SR)   Coulomb (SR)   Coul. recip.      Potential
   -2.01225e+03    1.32137e+03   -9.51018e+03    2.21476e+01   -1.00586e+04
    Kinetic En.   Total Energy  Conserved En.    Temperature Pressure (bar)
    1.54343e+03   -8.51513e+03    4.77471e+03    2.96300e+02    1.66621e+02
   Constr. rmsd
    0.00000e+00

           Step           Time
        3400000     3400.00000

   Energies (kJ/mol)
        G96Bond       G96Angle    Proper Dih.  Improper Dih.          LJ-14
    1.82489e+01    5.99411e+01    6.63667e+00    8.18645e+00    3.21073e+01
     Coulomb-14        LJ (SR)   Coulomb (SR)   Coul. recip.      Potential
   -1.99512e+03    1.29710e+03   -9.45737e+03    2.27506e+01   -1.00075e+04
    Kinetic En.   Total Energy  Conserved En.    Temperature Pressure (bar)
    1.53650e+03   -8.47103e+03    4.77095e+03    2.94969e+02   -1.09356e+03
   Constr. rmsd
    0.00000e+00

           Step           Time
        3405000     3405.00000

   Energies (kJ/mol)
        G96Bond       G96Angle    Proper Dih.  Improper Dih.          LJ-14
    1.52523e+01    5.51402e+01    4.97428e+00    2.02860e+01    2.97557e+01
     Coulomb-14        LJ (SR)   Coulomb (SR)   Coul. recip.      Potential
   -1.99507e+03    1.21866e+03   -9.15179e+03    3.31595e+01   -9.76963e+03
    Kinetic En.   Total Energy  Conserved En.    Temperature Pressure (bar)
    1.62488e+03   -8.14475e+03    4.79113e+03    3.11936e+02   -6.24568e+02
   Constr. rmsd
    0.00000e+00

           Step           Time
        3410000     3410.00000

   Energies (kJ/mol)
        G96Bond       G96Angle    Proper Dih.  Improper Dih.          LJ-14
    1.07694e+01    4.45670e+01    7.52052e+00    6.45069e-01    3.27835e+01
     Coulomb-14        LJ (SR)   Coulomb (SR)   Coul. recip.      Potential
   -1.97596e+03    1.39267e+03   -9.32190e+03    2.62410e+01   -9.78267e+03
    Kinetic En.   Total Energy  Conserved En.    Temperature Pressure (bar)
    1.59171e+03   -8.19095e+03    4.80322e+03    3.05569e+02    7.49413e+02
   Constr. rmsd
    0.00000e+00

           Step           Time
        3415000     3415.00000

   Energies (kJ/mol)
        G96Bond       G96Angle    Proper Dih.  Improper Dih.          LJ-14
    2.62664e+01    4.39577e+01    3.71362e+00    8.32374e+00    4.15632e+01
     Coulomb-14        LJ (SR)   Coulomb (SR)   Coul. recip.      Potential
   -2.01636e+03    1.21349e+03   -9.03623e+03    3.30845e+01   -9.68219e+03
    Kinetic En.   Total Energy  Conserved En.    Temperature Pressure (bar)
    1.61251e+03   -8.06968e+03    4.79170e+03    3.09561e+02   -1.27998e+02
   Constr. rmsd
    0.00000e+00

           Step           Time
        3420000     3420.00000

   Energies (kJ/mol)
        G96Bond       G96Angle    Proper Dih.  Improper Dih.          LJ-14
    1.95700e+01    5.66950e+01    6.07136e+00    2.16240e+01    3.67604e+01
     Coulomb-14        LJ (SR)   Coulomb (SR)   Coul. recip.      Potential
   -2.00327e+03    1.29365e+03   -9.31356e+03    2.43584e+01   -9.85810e+03
    Kinetic En.   Total Energy  Conserved En.    Temperature Pressure (bar)
    1.49770e+03   -8.36041e+03    4.83981e+03    2.87520e+02   -6.76559e+02
   Constr. rmsd
    0.00000e+00

           Step           Time
        3425000     3425.00000

   Energies (kJ/mol)
        G96Bond       G96Angle    Proper Dih.  Improper Dih.          LJ-14
    1.69596e+01    3.39794e+01    6.23662e+00    1.03271e+01    3.23113e+01
     Coulomb-14        LJ (SR)   Coulomb (SR)   Coul. recip.      Potential
   -1.99403e+03    1.15229e+03   -9.18165e+03    2.66058e+01   -9.89698e+03
    Kinetic En.   Total Energy  Conserved En.    Temperature Pressure (bar)
    1.50233e+03   -8.39465e+03    4.84363e+03    2.88409e+02   -1.61076e+03
   Constr. rmsd
    0.00000e+00

           Step           Time
        3430000     3430.00000

   Energies (kJ/mol)
        G96Bond       G96Angle    Proper Dih.  Improper Dih.          LJ-14
    3.16669e+01    5.44142e+01    1.55196e+01    2.99022e+00    4.05188e+01
     Coulomb-14        LJ (SR)   Coulomb (SR)   Coul. recip.      Potential
   -1.99872e+03    1.42106e+03   -9.48878e+03    2.94634e+01   -9.89187e+03
    Kinetic En.   Total Energy  Conserved En.    Temperature Pressure (bar)
    1.49703e+03   -8.39484e+03    4.87130e+03    2.87393e+02    1.22329e+03
   Constr. rmsd
    0.00000e+00

           Step           Time
        3435000     3435.00000

   Energies (kJ/mol)
        G96Bond       G96Angle    Proper Dih.  Improper Dih.          LJ-14
    1.28982e+01    4.42096e+01    1.99109e+01    6.40791e+00    2.81824e+01
     Coulomb-14        LJ (SR)   Coulomb (SR)   Coul. recip.      Potential
   -1.98223e+03    1.56824e+03   -9.72055e+03    2.20129e+01   -1.00009e+04
    Kinetic En.   Total Energy  Conserved En.    Temperature Pressure (bar)
    1.56632e+03   -8.43459e+03    4.85352e+03    3.00695e+02    4.58597e+02
   Constr. rmsd
    0.00000e+00

           Step           Time
        3440000     3440.00000

   Energies (kJ/mol)
        G96Bond       G96Angle    Proper Dih.  Improper Dih.          LJ-14
    2.87206e+01    4.77775e+01    5.53766e+00    3.28083e+00    3.05932e+01
     Coulomb-14        LJ (SR)   Coulomb (SR)   Coul. recip.      Potential
   -1.98542e+03    1.32495e+03   -9.45801e+03    3.01255e+01   -9.97245e+03
    Kinetic En.   Total Energy  Conserved En.    Temperature Pressure (bar)
    1.56436e+03   -8.40809e+03    4.89657e+03    3.00318e+02   -7.56611e+02
   Constr. rmsd
    0.00000e+00

           Step           Time
        3445000     3445.00000

   Energies (kJ/mol)
        G96Bond       G96Angle    Proper Dih.  Improper Dih.          LJ-14
    1.58325e+01    5.27932e+01    4.27592e+00    1.69192e+01    3.52551e+01
     Coulomb-14        LJ (SR)   Coulomb (SR)   Coul. recip.      Potential
   -1.99658e+03    1.24319e+03   -9.28107e+03    3.37851e+01   -9.87560e+03
    Kinetic En.   Total Energy  Conserved En.    Temperature Pressure (bar)
    1.57597e+03   -8.29963e+03    4.92250e+03    3.02546e+02   -9.93228e+02
   Constr. rmsd
    0.00000e+00

           Step           Time
        3450000     3450.00000

   Energies (kJ/mol)
        G96Bond       G96Angle    Proper Dih.  Improper Dih.          LJ-14
    2.91207e+01    4.30543e+01    6.29446e+00    7.52123e+00    3.19943e+01
     Coulomb-14        LJ (SR)   Coulomb (SR)   Coul. recip.      Potential
   -1.99283e+03    1.49320e+03   -9.66488e+03    2.71748e+01   -1.00193e+04
    Kinetic En.   Total Energy  Conserved En.    Temperature Pressure (bar)
    1.55874e+03   -8.46060e+03    4.91857e+03    2.99240e+02    7.41281e+02
   Constr. rmsd
    0.00000e+00

           Step           Time
        3455000     3455.00000

   Energies (kJ/mol)
        G96Bond       G96Angle    Proper Dih.  Improper Dih.          LJ-14
    1.64203e+01    4.42599e+01    1.14998e+01    1.52128e+01    3.88789e+01
     Coulomb-14        LJ (SR)   Coulomb (SR)   Coul. recip.      Potential
   -1.99666e+03    1.40082e+03   -9.49631e+03    2.31370e+01   -9.94275e+03
    Kinetic En.   Total Energy  Conserved En.    Temperature Pressure (bar)
    1.51994e+03   -8.42281e+03    4.95922e+03    2.91791e+02    6.36426e+02
   Constr. rmsd
    0.00000e+00

           Step           Time
        3460000     3460.00000

   Energies (kJ/mol)
        G96Bond       G96Angle    Proper Dih.  Improper Dih.          LJ-14
    1.60922e+01    3.37646e+01    8.25217e+00    7.02624e+00    3.30014e+01
     Coulomb-14        LJ (SR)   Coulomb (SR)   Coul. recip.      Potential
   -1.98798e+03    1.39573e+03   -9.53068e+03    3.37564e+01   -9.99103e+03
    Kinetic En.   Total Energy  Conserved En.    Temperature Pressure (bar)
    1.66285e+03   -8.32819e+03    5.00235e+03    3.19225e+02    8.97491e+02
   Constr. rmsd
    0.00000e+00

           Step           Time
        3465000     3465.00000

   Energies (kJ/mol)
        G96Bond       G96Angle    Proper Dih.  Improper Dih.          LJ-14
    9.61714e+00    3.19231e+01    1.09418e+01    2.99355e+00    3.06530e+01
     Coulomb-14        LJ (SR)   Coulomb (SR)   Coul. recip.      Potential
   -1.98618e+03    1.42968e+03   -9.56881e+03    3.10795e+01   -1.00081e+04
    Kinetic En.   Total Energy  Conserved En.    Temperature Pressure (bar)
    1.59405e+03   -8.41406e+03    4.98711e+03    3.06017e+02   -7.09580e+02
   Constr. rmsd
    0.00000e+00

           Step           Time
        3470000     3470.00000

   Energies (kJ/mol)
        G96Bond       G96Angle    Proper Dih.  Improper Dih.          LJ-14
    1.25380e+01    3.66934e+01    9.81993e+00    4.63979e+00    3.35063e+01
     Coulomb-14        LJ (SR)   Coulomb (SR)   Coul. recip.      Potential
   -1.98053e+03    1.30989e+03   -9.34293e+03    2.70428e+01   -9.88934e+03
    Kinetic En.   Total Energy  Conserved En.    Temperature Pressure (bar)
    1.64864e+03   -8.24069e+03    4.99606e+03    3.16499e+02   -4.43914e+02
   Constr. rmsd
    0.00000e+00

           Step           Time
        3475000     3475.00000

   Energies (kJ/mol)
        G96Bond       G96Angle    Proper Dih.  Improper Dih.          LJ-14
    1.65791e+01    3.74142e+01    3.48150e+00    3.12384e+00    3.30327e+01
     Coulomb-14        LJ (SR)   Coulomb (SR)   Coul. recip.      Potential
   -1.98914e+03    1.23863e+03   -9.15050e+03    3.01307e+01   -9.77725e+03
    Kinetic En.   Total Energy  Conserved En.    Temperature Pressure (bar)
    1.68655e+03   -8.09069e+03    5.00093e+03    3.23776e+02   -7.66483e+02
   Constr. rmsd
    0.00000e+00

           Step           Time
        3480000     3480.00000

   Energies (kJ/mol)
        G96Bond       G96Angle    Proper Dih.  Improper Dih.          LJ-14
    2.75957e+01    4.02286e+01    1.56256e+01    1.19945e+01    3.51756e+01
     Coulomb-14        LJ (SR)   Coulomb (SR)   Coul. recip.      Potential
   -2.00316e+03    1.42995e+03   -9.49566e+03    3.41307e+01   -9.90413e+03
    Kinetic En.   Total Energy  Conserved En.    Temperature Pressure (bar)
    1.49807e+03   -8.40606e+03    5.01785e+03    2.87592e+02    7.43826e+02
   Constr. rmsd
    0.00000e+00

           Step           Time
        3485000     3485.00000

   Energies (kJ/mol)
        G96Bond       G96Angle    Proper Dih.  Improper Dih.          LJ-14
    1.35580e+01    4.97601e+01    4.61744e+00    6.65792e+00    4.33723e+01
     Coulomb-14        LJ (SR)   Coulomb (SR)   Coul. recip.      Potential
   -2.01012e+03    1.36618e+03   -9.35093e+03    2.90916e+01   -9.84781e+03
    Kinetic En.   Total Energy  Conserved En.    Temperature Pressure (bar)
    1.55352e+03   -8.29429e+03    5.01329e+03    2.98238e+02   -3.14664e+02
   Constr. rmsd
    0.00000e+00

           Step           Time
        3490000     3490.00000

   Energies (kJ/mol)
        G96Bond       G96Angle    Proper Dih.  Improper Dih.          LJ-14
    1.61113e+01    3.57679e+01    7.73571e+00    2.04070e+01    2.36218e+01
     Coulomb-14        LJ (SR)   Coulomb (SR)   Coul. recip.      Potential
   -1.97312e+03    1.22583e+03   -9.20755e+03    3.55352e+01   -9.81566e+03
    Kinetic En.   Total Energy  Conserved En.    Temperature Pressure (bar)
    1.54256e+03   -8.27310e+03    5.05460e+03    2.96133e+02   -1.77158e+03
   Constr. rmsd
    0.00000e+00

           Step           Time
        3495000     3495.00000

   Energies (kJ/mol)
        G96Bond       G96Angle    Proper Dih.  Improper Dih.          LJ-14
    2.77315e+01    5.88467e+01    6.07142e+00    7.98244e+00    4.11233e+01
     Coulomb-14        LJ (SR)   Coulomb (SR)   Coul. recip.      Potential
   -2.00223e+03    1.31096e+03   -9.22220e+03    2.87213e+01   -9.74300e+03
    Kinetic En.   Total Energy  Conserved En.    Temperature Pressure (bar)
    1.61095e+03   -8.13204e+03    5.08119e+03    3.09263e+02    6.56931e+02
   Constr. rmsd
    0.00000e+00

           Step           Time
        3500000     3500.00000

   Energies (kJ/mol)
        G96Bond       G96Angle    Proper Dih.  Improper Dih.          LJ-14
    2.42895e+01    5.54870e+01    4.44152e+00    7.90837e+00    4.24473e+01
     Coulomb-14        LJ (SR)   Coulomb (SR)   Coul. recip.      Potential
   -1.99084e+03    1.24561e+03   -9.13420e+03    2.98469e+01   -9.71500e+03
    Kinetic En.   Total Energy  Conserved En.    Temperature Pressure (bar)
    1.56846e+03   -8.14654e+03    5.11940e+03    3.01105e+02   -2.23308e+02
   Constr. rmsd
    0.00000e+00

           Step           Time
        3505000     3505.00000

   Energies (kJ/mol)
        G96Bond       G96Angle    Proper Dih.  Improper Dih.          LJ-14
    1.26055e+01    3.46627e+01    1.04854e+01    4.68902e+00    2.88559e+01
     Coulomb-14        LJ (SR)   Coulomb (SR)   Coul. recip.      Potential
   -1.98035e+03    1.48272e+03   -9.55385e+03    2.94965e+01   -9.93069e+03
    Kinetic En.   Total Energy  Conserved En.    Temperature Pressure (bar)
    1.56437e+03   -8.36631e+03    5.16588e+03    3.00320e+02    1.37039e+03
   Constr. rmsd
    0.00000e+00

           Step           Time
        3510000     3510.00000

   Energies (kJ/mol)
        G96Bond       G96Angle    Proper Dih.  Improper Dih.          LJ-14
    2.03257e+01    4.53927e+01    9.63501e+00    1.05723e+01    4.03713e+01
     Coulomb-14        LJ (SR)   Coulomb (SR)   Coul. recip.      Potential
   -2.00748e+03    1.43059e+03   -9.51230e+03    2.11272e+01   -9.94177e+03
    Kinetic En.   Total Energy  Conserved En.    Temperature Pressure (bar)
    1.60360e+03   -8.33817e+03    5.15676e+03    3.07850e+02    6.22447e+02
   Constr. rmsd
    0.00000e+00

           Step           Time
        3515000     3515.00000

   Energies (kJ/mol)
        G96Bond       G96Angle    Proper Dih.  Improper Dih.          LJ-14
    3.39242e+01    3.52046e+01    5.57062e+00    4.16416e+00    3.37045e+01
     Coulomb-14        LJ (SR)   Coulomb (SR)   Coul. recip.      Potential
   -1.98990e+03    1.34993e+03   -9.44267e+03    2.55528e+01   -9.94452e+03
    Kinetic En.   Total Energy  Conserved En.    Temperature Pressure (bar)
    1.58817e+03   -8.35635e+03    5.15528e+03    3.04889e+02   -4.91432e+01
   Constr. rmsd
    0.00000e+00

           Step           Time
        3520000     3520.00000

   Energies (kJ/mol)
        G96Bond       G96Angle    Proper Dih.  Improper Dih.          LJ-14
    2.00944e+01    3.99316e+01    1.05861e+01    1.96147e+01    4.19843e+01
     Coulomb-14        LJ (SR)   Coulomb (SR)   Coul. recip.      Potential
   -2.00014e+03    1.27080e+03   -9.11550e+03    2.51792e+01   -9.68746e+03
    Kinetic En.   Total Energy  Conserved En.    Temperature Pressure (bar)
    1.69346e+03   -7.99400e+03    5.19521e+03    3.25102e+02    5.78646e+01
   Constr. rmsd
    0.00000e+00

           Step           Time
        3525000     3525.00000

   Energies (kJ/mol)
        G96Bond       G96Angle    Proper Dih.  Improper Dih.          LJ-14
    1.60727e+01    3.39112e+01    1.60513e+01    7.02478e+00    2.28315e+01
     Coulomb-14        LJ (SR)   Coulomb (SR)   Coul. recip.      Potential
   -1.98019e+03    1.36415e+03   -9.26839e+03    2.56931e+01   -9.76285e+03
    Kinetic En.   Total Energy  Conserved En.    Temperature Pressure (bar)
    1.56683e+03   -8.19602e+03    5.16034e+03    3.00793e+02   -2.36259e+02
   Constr. rmsd
    0.00000e+00

           Step           Time
        3530000     3530.00000

   Energies (kJ/mol)
        G96Bond       G96Angle    Proper Dih.  Improper Dih.          LJ-14
    1.91003e+01    2.95110e+01    1.17974e+01    1.21381e+01    3.21435e+01
     Coulomb-14        LJ (SR)   Coulomb (SR)   Coul. recip.      Potential
   -1.99947e+03    1.36412e+03   -9.33613e+03    2.88457e+01   -9.83795e+03
    Kinetic En.   Total Energy  Conserved En.    Temperature Pressure (bar)
    1.63247e+03   -8.20548e+03    5.19886e+03    3.13394e+02   -6.97478e+01
   Constr. rmsd
    0.00000e+00

           Step           Time
        3535000     3535.00000

   Energies (kJ/mol)
        G96Bond       G96Angle    Proper Dih.  Improper Dih.          LJ-14
    1.64163e+01    2.90696e+01    6.00299e+00    7.59525e+00    4.01781e+01
     Coulomb-14        LJ (SR)   Coulomb (SR)   Coul. recip.      Potential
   -2.00482e+03    1.39243e+03   -9.31001e+03    2.45604e+01   -9.79858e+03
    Kinetic En.   Total Energy  Conserved En.    Temperature Pressure (bar)
    1.57988e+03   -8.21870e+03    5.21537e+03    3.03298e+02    1.08048e+02
   Constr. rmsd
    0.00000e+00

           Step           Time
        3540000     3540.00000

   Energies (kJ/mol)
        G96Bond       G96Angle    Proper Dih.  Improper Dih.          LJ-14
    1.52079e+01    3.10137e+01    1.21105e+01    3.25519e+00    3.54241e+01
     Coulomb-14        LJ (SR)   Coulomb (SR)   Coul. recip.      Potential
   -1.99500e+03    1.33195e+03   -9.20529e+03    2.21127e+01   -9.74921e+03
    Kinetic En.   Total Energy  Conserved En.    Temperature Pressure (bar)
    1.44601e+03   -8.30320e+03    5.22024e+03    2.77599e+02   -6.57097e+01
   Constr. rmsd
    0.00000e+00

           Step           Time
        3545000     3545.00000

   Energies (kJ/mol)
        G96Bond       G96Angle    Proper Dih.  Improper Dih.          LJ-14
    1.20598e+01    5.39765e+01    5.83459e+00    8.34966e+00    3.93371e+01
     Coulomb-14        LJ (SR)   Coulomb (SR)   Coul. recip.      Potential
   -2.00673e+03    1.19640e+03   -9.11241e+03    2.99645e+01   -9.77322e+03
    Kinetic En.   Total Energy  Conserved En.    Temperature Pressure (bar)
    1.59029e+03   -8.18293e+03    5.23677e+03    3.05296e+02   -1.30285e+03
   Constr. rmsd
    0.00000e+00

           Step           Time
        3550000     3550.00000

   Energies (kJ/mol)
        G96Bond       G96Angle    Proper Dih.  Improper Dih.          LJ-14
    1.01440e+01    2.53150e+01    1.17653e+01    5.87463e+00    3.77143e+01
     Coulomb-14        LJ (SR)   Coulomb (SR)   Coul. recip.      Potential
   -1.98747e+03    1.40315e+03   -9.18010e+03    2.15236e+01   -9.65209e+03
    Kinetic En.   Total Energy  Conserved En.    Temperature Pressure (bar)
    1.53139e+03   -8.12069e+03    5.24943e+03    2.93989e+02    8.08894e+01
   Constr. rmsd
    0.00000e+00

           Step           Time
        3555000     3555.00000

   Energies (kJ/mol)
        G96Bond       G96Angle    Proper Dih.  Improper Dih.          LJ-14
    2.18559e+01    3.26220e+01    1.17373e+01    1.46148e+01    3.52132e+01
     Coulomb-14        LJ (SR)   Coulomb (SR)   Coul. recip.      Potential
   -1.98027e+03    1.27374e+03   -9.28398e+03    1.73051e+01   -9.85717e+03
    Kinetic En.   Total Energy  Conserved En.    Temperature Pressure (bar)
    1.65447e+03   -8.20270e+03    5.26997e+03    3.17617e+02   -1.34087e+03
   Constr. rmsd
    0.00000e+00

           Step           Time
        3560000     3560.00000

   Energies (kJ/mol)
        G96Bond       G96Angle    Proper Dih.  Improper Dih.          LJ-14
    1.44041e+01    5.10275e+01    9.58441e+00    1.88303e+01    2.70713e+01
     Coulomb-14        LJ (SR)   Coulomb (SR)   Coul. recip.      Potential
   -1.98520e+03    1.17082e+03   -9.17209e+03    2.72049e+01   -9.83835e+03
    Kinetic En.   Total Energy  Conserved En.    Temperature Pressure (bar)
    1.60895e+03   -8.22940e+03    5.30064e+03    3.08878e+02   -2.41806e+03
   Constr. rmsd
    0.00000e+00

           Step           Time
        3565000     3565.00000

   Energies (kJ/mol)
        G96Bond       G96Angle    Proper Dih.  Improper Dih.          LJ-14
    2.27267e+01    2.59543e+01    8.20391e+00    9.74352e+00    4.15161e+01
     Coulomb-14        LJ (SR)   Coulomb (SR)   Coul. recip.      Potential
   -2.00884e+03    1.29405e+03   -9.13263e+03    2.08180e+01   -9.71847e+03
    Kinetic En.   Total Energy  Conserved En.    Temperature Pressure (bar)
    1.62855e+03   -8.08991e+03    5.31918e+03    3.12641e+02    4.21479e+02
   Constr. rmsd
    0.00000e+00

           Step           Time
        3570000     3570.00000

   Energies (kJ/mol)
        G96Bond       G96Angle    Proper Dih.  Improper Dih.          LJ-14
    1.78436e+01    5.37793e+01    7.84663e+00    5.99153e+00    3.65060e+01
     Coulomb-14        LJ (SR)   Coulomb (SR)   Coul. recip.      Potential
   -2.00952e+03    1.38339e+03   -9.41244e+03    3.26549e+01   -9.88395e+03
    Kinetic En.   Total Energy  Conserved En.    Temperature Pressure (bar)
    1.57943e+03   -8.30451e+03    5.34806e+03    3.03212e+02    2.03568e+02
   Constr. rmsd
    0.00000e+00

           Step           Time
        3575000     3575.00000

   Energies (kJ/mol)
        G96Bond       G96Angle    Proper Dih.  Improper Dih.          LJ-14
    1.87144e+01    4.45512e+01    1.54753e+01    2.10621e+00    4.08755e+01
     Coulomb-14        LJ (SR)   Coulomb (SR)   Coul. recip.      Potential
   -2.00689e+03    1.31585e+03   -9.36067e+03    2.98367e+01   -9.90016e+03
    Kinetic En.   Total Energy  Conserved En.    Temperature Pressure (bar)
    1.67262e+03   -8.22754e+03    5.36623e+03    3.21102e+02   -1.02775e+02
   Constr. rmsd
    0.00000e+00

           Step           Time
        3580000     3580.00000

   Energies (kJ/mol)
        G96Bond       G96Angle    Proper Dih.  Improper Dih.          LJ-14
    1.61832e+01    3.36767e+01    9.66714e+00    7.67472e+00    3.86553e+01
     Coulomb-14        LJ (SR)   Coulomb (SR)   Coul. recip.      Potential
   -2.00030e+03    1.49478e+03   -9.58613e+03    3.08193e+01   -9.95497e+03
    Kinetic En.   Total Energy  Conserved En.    Temperature Pressure (bar)
    1.62960e+03   -8.32537e+03    5.38468e+03    3.12843e+02    1.25656e+03
   Constr. rmsd
    0.00000e+00

           Step           Time
        3585000     3585.00000

   Energies (kJ/mol)
        G96Bond       G96Angle    Proper Dih.  Improper Dih.          LJ-14
    1.81721e+01    4.79117e+01    8.64460e+00    2.68669e+00    3.22029e+01
     Coulomb-14        LJ (SR)   Coulomb (SR)   Coul. recip.      Potential
   -2.00325e+03    1.26490e+03   -9.25350e+03    2.20679e+01   -9.86017e+03
    Kinetic En.   Total Energy  Conserved En.    Temperature Pressure (bar)
    1.55255e+03   -8.30761e+03    5.42387e+03    2.98052e+02    1.45738e+02
   Constr. rmsd
    0.00000e+00

           Step           Time
        3590000     3590.00000

   Energies (kJ/mol)
        G96Bond       G96Angle    Proper Dih.  Improper Dih.          LJ-14
    1.83738e+01    6.64112e+01    2.04806e+01    3.24200e+00    3.90482e+01
     Coulomb-14        LJ (SR)   Coulomb (SR)   Coul. recip.      Potential
   -2.00754e+03    1.27522e+03   -9.53464e+03    2.51670e+01   -1.00942e+04
    Kinetic En.   Total Energy  Conserved En.    Temperature Pressure (bar)
    1.55431e+03   -8.53992e+03    5.42805e+03    2.98390e+02   -1.27652e+03
   Constr. rmsd
    0.00000e+00

           Step           Time
        3595000     3595.00000

   Energies (kJ/mol)
        G96Bond       G96Angle    Proper Dih.  Improper Dih.          LJ-14
    3.02252e+01    2.91496e+01    1.12575e+01    1.16410e+00    3.84979e+01
     Coulomb-14        LJ (SR)   Coulomb (SR)   Coul. recip.      Potential
   -1.99669e+03    1.53967e+03   -9.65278e+03    3.08184e+01   -9.96868e+03
    Kinetic En.   Total Energy  Conserved En.    Temperature Pressure (bar)
    1.61706e+03   -8.35162e+03    5.43550e+03    3.10436e+02    1.10795e+03
   Constr. rmsd
    0.00000e+00

           Step           Time
        3600000     3600.00000

   Energies (kJ/mol)
        G96Bond       G96Angle    Proper Dih.  Improper Dih.          LJ-14
    2.20670e+01    5.16662e+01    2.10845e+01    2.16792e+00    2.56286e+01
     Coulomb-14        LJ (SR)   Coulomb (SR)   Coul. recip.      Potential
   -1.97854e+03    1.45123e+03   -9.52515e+03    2.85454e+01   -9.90130e+03
    Kinetic En.   Total Energy  Conserved En.    Temperature Pressure (bar)
    1.51951e+03   -8.38179e+03    5.44224e+03    2.91707e+02    2.49080e+02
   Constr. rmsd
    0.00000e+00

           Step           Time
        3605000     3605.00000

   Energies (kJ/mol)
        G96Bond       G96Angle    Proper Dih.  Improper Dih.          LJ-14
    1.94220e+01    4.84673e+01    1.71828e+01    7.49734e+00    2.85226e+01
     Coulomb-14        LJ (SR)   Coulomb (SR)   Coul. recip.      Potential
   -1.98875e+03    1.23709e+03   -9.16473e+03    2.98200e+01   -9.76547e+03
    Kinetic En.   Total Energy  Conserved En.    Temperature Pressure (bar)
    1.51609e+03   -8.24938e+03    5.43840e+03    2.91051e+02   -9.76422e+02
   Constr. rmsd
    0.00000e+00

           Step           Time
        3610000     3610.00000

   Energies (kJ/mol)
        G96Bond       G96Angle    Proper Dih.  Improper Dih.          LJ-14
    1.26049e+01    4.71370e+01    6.51489e+00    9.03657e+00    2.75104e+01
     Coulomb-14        LJ (SR)   Coulomb (SR)   Coul. recip.      Potential
   -1.97754e+03    1.20800e+03   -9.17174e+03    2.59927e+01   -9.81249e+03
    Kinetic En.   Total Energy  Conserved En.    Temperature Pressure (bar)
    1.58462e+03   -8.22787e+03    5.46417e+03    3.04207e+02   -1.26188e+03
   Constr. rmsd
    0.00000e+00

           Step           Time
        3615000     3615.00000

   Energies (kJ/mol)
        G96Bond       G96Angle    Proper Dih.  Improper Dih.          LJ-14
    1.58044e+01    4.00394e+01    1.37144e+01    3.25776e+00    3.00162e+01
     Coulomb-14        LJ (SR)   Coulomb (SR)   Coul. recip.      Potential
   -1.97333e+03    1.43716e+03   -9.36812e+03    2.79459e+01   -9.77352e+03
    Kinetic En.   Total Energy  Conserved En.    Temperature Pressure (bar)
    1.68432e+03   -8.08920e+03    5.48498e+03    3.23347e+02   -1.65114e+02
   Constr. rmsd
    0.00000e+00

           Step           Time
        3620000     3620.00000

   Energies (kJ/mol)
        G96Bond       G96Angle    Proper Dih.  Improper Dih.          LJ-14
    1.50916e+01    4.02665e+01    6.53339e+00    1.09938e+01    3.34805e+01
     Coulomb-14        LJ (SR)   Coulomb (SR)   Coul. recip.      Potential
   -1.98620e+03    1.19073e+03   -9.02953e+03    2.71721e+01   -9.69146e+03
    Kinetic En.   Total Energy  Conserved En.    Temperature Pressure (bar)
    1.52376e+03   -8.16770e+03    5.51223e+03    2.92523e+02   -5.99509e+02
   Constr. rmsd
    0.00000e+00

           Step           Time
        3625000     3625.00000

   Energies (kJ/mol)
        G96Bond       G96Angle    Proper Dih.  Improper Dih.          LJ-14
    1.61839e+01    4.06501e+01    6.60599e+00    7.62653e+00    4.67767e+01
     Coulomb-14        LJ (SR)   Coulomb (SR)   Coul. recip.      Potential
   -2.00372e+03    1.35075e+03   -9.24467e+03    3.49374e+01   -9.74487e+03
    Kinetic En.   Total Energy  Conserved En.    Temperature Pressure (bar)
    1.58592e+03   -8.15894e+03    5.52519e+03    3.04458e+02    6.75049e+02
   Constr. rmsd
    0.00000e+00

           Step           Time
        3630000     3630.00000

   Energies (kJ/mol)
        G96Bond       G96Angle    Proper Dih.  Improper Dih.          LJ-14
    2.63186e+01    4.64965e+01    2.43932e+01    1.61296e+01    2.71511e+01
     Coulomb-14        LJ (SR)   Coulomb (SR)   Coul. recip.      Potential
   -1.98974e+03    1.30315e+03   -9.26822e+03    2.24006e+01   -9.79192e+03
    Kinetic En.   Total Energy  Conserved En.    Temperature Pressure (bar)
    1.52045e+03   -8.27147e+03    5.55665e+03    2.91888e+02   -8.21836e+01
   Constr. rmsd
    0.00000e+00

           Step           Time
        3635000     3635.00000

   Energies (kJ/mol)
        G96Bond       G96Angle    Proper Dih.  Improper Dih.          LJ-14
    1.32906e+01    6.99932e+01    3.44062e+00    1.76425e+00    4.08931e+01
     Coulomb-14        LJ (SR)   Coulomb (SR)   Coul. recip.      Potential
   -2.00234e+03    1.33789e+03   -9.32928e+03    2.35094e+01   -9.84083e+03
    Kinetic En.   Total Energy  Conserved En.    Temperature Pressure (bar)
    1.60378e+03   -8.23705e+03    5.59875e+03    3.07886e+02    2.67958e+02
   Constr. rmsd
    0.00000e+00

           Step           Time
        3640000     3640.00000

   Energies (kJ/mol)
        G96Bond       G96Angle    Proper Dih.  Improper Dih.          LJ-14
    1.31510e+01    4.23825e+01    1.05642e+01    1.08298e+01    3.51956e+01
     Coulomb-14        LJ (SR)   Coulomb (SR)   Coul. recip.      Potential
   -2.00219e+03    1.45633e+03   -9.47421e+03    2.79945e+01   -9.87995e+03
    Kinetic En.   Total Energy  Conserved En.    Temperature Pressure (bar)
    1.52515e+03   -8.35480e+03    5.62154e+03    2.92791e+02    1.69276e+03
   Constr. rmsd
    0.00000e+00

           Step           Time
        3645000     3645.00000

   Energies (kJ/mol)
        G96Bond       G96Angle    Proper Dih.  Improper Dih.          LJ-14
    5.19437e+00    3.23295e+01    1.75647e+01    5.97931e+00    3.82280e+01
     Coulomb-14        LJ (SR)   Coulomb (SR)   Coul. recip.      Potential
   -1.98896e+03    1.41497e+03   -9.48982e+03    3.46343e+01   -9.92988e+03
    Kinetic En.   Total Energy  Conserved En.    Temperature Pressure (bar)
    1.48502e+03   -8.44486e+03    5.61365e+03    2.85087e+02   -2.17911e+02
   Constr. rmsd
    0.00000e+00

           Step           Time
        3650000     3650.00000

   Energies (kJ/mol)
        G96Bond       G96Angle    Proper Dih.  Improper Dih.          LJ-14
    1.72936e+01    4.25246e+01    9.29825e+00    1.13923e+01    3.38980e+01
     Coulomb-14        LJ (SR)   Coulomb (SR)   Coul. recip.      Potential
   -1.99562e+03    1.29619e+03   -9.36853e+03    2.64051e+01   -9.92715e+03
    Kinetic En.   Total Energy  Conserved En.    Temperature Pressure (bar)
    1.47049e+03   -8.45666e+03    5.66421e+03    2.82297e+02   -5.20669e+02
   Constr. rmsd
    0.00000e+00

           Step           Time
        3655000     3655.00000

   Energies (kJ/mol)
        G96Bond       G96Angle    Proper Dih.  Improper Dih.          LJ-14
    1.29190e+01    3.91505e+01    2.02052e+01    6.91958e+00    3.90814e+01
     Coulomb-14        LJ (SR)   Coulomb (SR)   Coul. recip.      Potential
   -1.99724e+03    1.39638e+03   -9.42020e+03    2.08433e+01   -9.88194e+03
    Kinetic En.   Total Energy  Conserved En.    Temperature Pressure (bar)
    1.49553e+03   -8.38642e+03    5.67779e+03    2.87104e+02    8.53145e+02
   Constr. rmsd
    0.00000e+00

           Step           Time
        3660000     3660.00000

   Energies (kJ/mol)
        G96Bond       G96Angle    Proper Dih.  Improper Dih.          LJ-14
    2.59152e+01    4.08157e+01    6.49682e+00    1.48298e+01    3.41993e+01
     Coulomb-14        LJ (SR)   Coulomb (SR)   Coul. recip.      Potential
   -1.99575e+03    1.28598e+03   -9.36933e+03    3.02393e+01   -9.92661e+03
    Kinetic En.   Total Energy  Conserved En.    Temperature Pressure (bar)
    1.49808e+03   -8.42853e+03    5.68981e+03    2.87593e+02   -4.48831e+02
   Constr. rmsd
    0.00000e+00

           Step           Time
        3665000     3665.00000

   Energies (kJ/mol)
        G96Bond       G96Angle    Proper Dih.  Improper Dih.          LJ-14
    1.22587e+01    5.83515e+01    7.93510e+00    5.75586e+00    3.62877e+01
     Coulomb-14        LJ (SR)   Coulomb (SR)   Coul. recip.      Potential
   -1.99864e+03    1.32306e+03   -9.23996e+03    3.34288e+01   -9.76152e+03
    Kinetic En.   Total Energy  Conserved En.    Temperature Pressure (bar)
    1.57649e+03   -8.18503e+03    5.67412e+03    3.02647e+02   -2.31837e+01
   Constr. rmsd
    0.00000e+00

           Step           Time
        3670000     3670.00000

   Energies (kJ/mol)
        G96Bond       G96Angle    Proper Dih.  Improper Dih.          LJ-14
    1.56812e+01    3.04621e+01    6.81319e+00    7.10502e+00    2.33818e+01
     Coulomb-14        LJ (SR)   Coulomb (SR)   Coul. recip.      Potential
   -1.96155e+03    1.11702e+03   -9.00618e+03    2.06081e+01   -9.74666e+03
    Kinetic En.   Total Energy  Conserved En.    Temperature Pressure (bar)
    1.58472e+03   -8.16193e+03    5.69595e+03    3.04228e+02   -2.65612e+03
   Constr. rmsd
    0.00000e+00

           Step           Time
        3675000     3675.00000

   Energies (kJ/mol)
        G96Bond       G96Angle    Proper Dih.  Improper Dih.          LJ-14
    9.19499e+00    3.12650e+01    5.75895e+00    1.08642e+01    3.98509e+01
     Coulomb-14        LJ (SR)   Coulomb (SR)   Coul. recip.      Potential
   -2.00128e+03    1.26976e+03   -9.09992e+03    2.95563e+01   -9.70495e+03
    Kinetic En.   Total Energy  Conserved En.    Temperature Pressure (bar)
    1.57135e+03   -8.13360e+03    5.70298e+03    3.01660e+02   -5.86233e+02
   Constr. rmsd
    0.00000e+00

           Step           Time
        3680000     3680.00000

   Energies (kJ/mol)
        G96Bond       G96Angle    Proper Dih.  Improper Dih.          LJ-14
    8.82510e+00    5.34080e+01    7.76846e+00    4.63716e+00    3.87161e+01
     Coulomb-14        LJ (SR)   Coulomb (SR)   Coul. recip.      Potential
   -1.98297e+03    1.31625e+03   -9.32309e+03    3.03400e+01   -9.84612e+03
    Kinetic En.   Total Energy  Conserved En.    Temperature Pressure (bar)
    1.63781e+03   -8.20831e+03    5.71432e+03    3.14419e+02   -1.08575e+03
   Constr. rmsd
    0.00000e+00

           Step           Time
        3685000     3685.00000

   Energies (kJ/mol)
        G96Bond       G96Angle    Proper Dih.  Improper Dih.          LJ-14
    1.95883e+01    4.47507e+01    6.70451e+00    1.24880e+01    3.39421e+01
     Coulomb-14        LJ (SR)   Coulomb (SR)   Coul. recip.      Potential
   -2.00036e+03    1.41555e+03   -9.38807e+03    2.84842e+01   -9.82692e+03
    Kinetic En.   Total Energy  Conserved En.    Temperature Pressure (bar)
    1.60854e+03   -8.21838e+03    5.75399e+03    3.08800e+02    1.72350e+02
   Constr. rmsd
    0.00000e+00

           Step           Time
        3690000     3690.00000

   Energies (kJ/mol)
        G96Bond       G96Angle    Proper Dih.  Improper Dih.          LJ-14
    3.30272e+01    3.93964e+01    1.21839e+01    6.97624e+00    4.06000e+01
     Coulomb-14        LJ (SR)   Coulomb (SR)   Coul. recip.      Potential
   -2.01192e+03    1.30316e+03   -9.27081e+03    2.22295e+01   -9.82516e+03
    Kinetic En.   Total Energy  Conserved En.    Temperature Pressure (bar)
    1.51566e+03   -8.30949e+03    5.78360e+03    2.90969e+02    6.96910e+02
   Constr. rmsd
    0.00000e+00

           Step           Time
        3695000     3695.00000

   Energies (kJ/mol)
        G96Bond       G96Angle    Proper Dih.  Improper Dih.          LJ-14
    1.41128e+01    3.11037e+01    6.57705e+00    3.57695e+00    3.68186e+01
     Coulomb-14        LJ (SR)   Coulomb (SR)   Coul. recip.      Potential
   -1.98644e+03    1.40600e+03   -9.47935e+03    2.12283e+01   -9.94637e+03
    Kinetic En.   Total Energy  Conserved En.    Temperature Pressure (bar)
    1.59894e+03   -8.34743e+03    5.78357e+03    3.06956e+02   -3.34083e+02
   Constr. rmsd
    0.00000e+00

           Step           Time
        3700000     3700.00000

   Energies (kJ/mol)
        G96Bond       G96Angle    Proper Dih.  Improper Dih.          LJ-14
    2.97679e+01    3.71208e+01    1.15190e+01    1.66813e+00    3.75484e+01
     Coulomb-14        LJ (SR)   Coulomb (SR)   Coul. recip.      Potential
   -2.00000e+03    1.34729e+03   -9.44401e+03    2.53229e+01   -9.95378e+03
    Kinetic En.   Total Energy  Conserved En.    Temperature Pressure (bar)
    1.55361e+03   -8.40017e+03    5.79883e+03    2.98254e+02   -8.67558e+02
   Constr. rmsd
    0.00000e+00

           Step           Time
        3705000     3705.00000

   Energies (kJ/mol)
        G96Bond       G96Angle    Proper Dih.  Improper Dih.          LJ-14
    3.33763e+01    3.16316e+01    1.58711e+01    8.39130e+00    3.02392e+01
     Coulomb-14        LJ (SR)   Coulomb (SR)   Coul. recip.      Potential
   -1.99480e+03    1.40653e+03   -9.30673e+03    2.68762e+01   -9.74862e+03
    Kinetic En.   Total Energy  Conserved En.    Temperature Pressure (bar)
    1.56805e+03   -8.18057e+03    5.80999e+03    3.01026e+02    1.03864e+03
   Constr. rmsd
    0.00000e+00

           Step           Time
        3710000     3710.00000

   Energies (kJ/mol)
        G96Bond       G96Angle    Proper Dih.  Improper Dih.          LJ-14
    1.14458e+01    3.56351e+01    8.39039e+00    1.61482e+01    2.86974e+01
     Coulomb-14        LJ (SR)   Coulomb (SR)   Coul. recip.      Potential
   -1.97981e+03    1.45745e+03   -9.54317e+03    2.90544e+01   -9.93616e+03
    Kinetic En.   Total Energy  Conserved En.    Temperature Pressure (bar)
    1.50061e+03   -8.43555e+03    5.84880e+03    2.88079e+02    3.80133e+02
   Constr. rmsd
    0.00000e+00

           Step           Time
        3715000     3715.00000

   Energies (kJ/mol)
        G96Bond       G96Angle    Proper Dih.  Improper Dih.          LJ-14
    1.92709e+01    4.69057e+01    1.51578e+01    1.31888e+01    1.98261e+01
     Coulomb-14        LJ (SR)   Coulomb (SR)   Coul. recip.      Potential
   -1.95509e+03    1.41077e+03   -9.62839e+03    2.60559e+01   -1.00323e+04
    Kinetic En.   Total Energy  Conserved En.    Temperature Pressure (bar)
    1.49287e+03   -8.53944e+03    5.89783e+03    2.86595e+02   -3.26439e+02
   Constr. rmsd
    0.00000e+00

           Step           Time
        3720000     3720.00000

   Energies (kJ/mol)
        G96Bond       G96Angle    Proper Dih.  Improper Dih.          LJ-14
    1.76431e+01    3.23043e+01    1.87294e+01    1.44395e+01    3.13968e+01
     Coulomb-14        LJ (SR)   Coulomb (SR)   Coul. recip.      Potential
   -1.98542e+03    1.37221e+03   -9.36878e+03    3.04957e+01   -9.83698e+03
    Kinetic En.   Total Energy  Conserved En.    Temperature Pressure (bar)
    1.65526e+03   -8.18171e+03    5.89444e+03    3.17769e+02    5.31040e+02
   Constr. rmsd
    0.00000e+00

           Step           Time
        3725000     3725.00000

   Energies (kJ/mol)
        G96Bond       G96Angle    Proper Dih.  Improper Dih.          LJ-14
    1.35858e+01    3.93382e+01    1.53619e+01    2.35217e+00    3.43561e+01
     Coulomb-14        LJ (SR)   Coulomb (SR)   Coul. recip.      Potential
   -1.99278e+03    1.46101e+03   -9.44412e+03    2.97353e+01   -9.84117e+03
    Kinetic En.   Total Energy  Conserved En.    Temperature Pressure (bar)
    1.60340e+03   -8.23776e+03    5.88736e+03    3.07813e+02    9.93036e+02
   Constr. rmsd
    0.00000e+00

           Step           Time
        3730000     3730.00000

   Energies (kJ/mol)
        G96Bond       G96Angle    Proper Dih.  Improper Dih.          LJ-14
    1.76191e+01    4.30012e+01    6.81350e+00    1.55470e+00    2.49096e+01
     Coulomb-14        LJ (SR)   Coulomb (SR)   Coul. recip.      Potential
   -1.98497e+03    1.46980e+03   -9.44308e+03    2.38012e+01   -9.84055e+03
    Kinetic En.   Total Energy  Conserved En.    Temperature Pressure (bar)
    1.56396e+03   -8.27659e+03    5.92240e+03    3.00241e+02    8.93558e+02
   Constr. rmsd
    0.00000e+00

           Step           Time
        3735000     3735.00000

   Energies (kJ/mol)
        G96Bond       G96Angle    Proper Dih.  Improper Dih.          LJ-14
    2.03531e+01    3.63667e+01    1.04965e+01    1.79828e+00    2.57558e+01
     Coulomb-14        LJ (SR)   Coulomb (SR)   Coul. recip.      Potential
   -1.97310e+03    1.32144e+03   -9.37538e+03    2.52238e+01   -9.90704e+03
    Kinetic En.   Total Energy  Conserved En.    Temperature Pressure (bar)
    1.45675e+03   -8.45028e+03    5.92724e+03    2.79660e+02   -8.33911e+02
   Constr. rmsd
    0.00000e+00

           Step           Time
        3740000     3740.00000

   Energies (kJ/mol)
        G96Bond       G96Angle    Proper Dih.  Improper Dih.          LJ-14
    7.05391e+00    4.61780e+01    3.11009e+00    6.92191e+00    3.06284e+01
     Coulomb-14        LJ (SR)   Coulomb (SR)   Coul. recip.      Potential
   -1.97605e+03    1.43165e+03   -9.40759e+03    2.48583e+01   -9.83324e+03
    Kinetic En.   Total Energy  Conserved En.    Temperature Pressure (bar)
    1.57835e+03   -8.25489e+03    5.97126e+03    3.03003e+02    3.10804e+02
   Constr. rmsd
    0.00000e+00

           Step           Time
        3745000     3745.00000

   Energies (kJ/mol)
        G96Bond       G96Angle    Proper Dih.  Improper Dih.          LJ-14
    2.20048e+01    4.84166e+01    1.09636e+01    1.76503e+01    4.16622e+01
     Coulomb-14        LJ (SR)   Coulomb (SR)   Coul. recip.      Potential
   -2.00237e+03    1.31822e+03   -9.33331e+03    3.71345e+01   -9.83962e+03
    Kinetic En.   Total Energy  Conserved En.    Temperature Pressure (bar)
    1.58705e+03   -8.25258e+03    5.95015e+03    3.04674e+02   -7.46918e+02
   Constr. rmsd
    0.00000e+00

           Step           Time
        3750000     3750.00000

   Energies (kJ/mol)
        G96Bond       G96Angle    Proper Dih.  Improper Dih.          LJ-14
    1.15571e+01    6.97550e+01    8.22283e+00    8.71994e+00    3.85924e+01
     Coulomb-14        LJ (SR)   Coulomb (SR)   Coul. recip.      Potential
   -1.99842e+03    1.22110e+03   -9.24975e+03    2.69874e+01   -9.86324e+03
    Kinetic En.   Total Energy  Conserved En.    Temperature Pressure (bar)
    1.50437e+03   -8.35887e+03    5.97537e+03    2.88802e+02   -2.07219e+03
   Constr. rmsd
    0.00000e+00

           Step           Time
        3755000     3755.00000

   Energies (kJ/mol)
        G96Bond       G96Angle    Proper Dih.  Improper Dih.          LJ-14
    2.90589e+01    4.36749e+01    1.28895e+01    5.13478e+00    3.30571e+01
     Coulomb-14        LJ (SR)   Coulomb (SR)   Coul. recip.      Potential
   -1.99875e+03    1.34677e+03   -9.37514e+03    2.89024e+01   -9.87440e+03
    Kinetic En.   Total Energy  Conserved En.    Temperature Pressure (bar)
    1.51169e+03   -8.36271e+03    5.98730e+03    2.90207e+02    2.90663e+02
   Constr. rmsd
    0.00000e+00

           Step           Time
        3760000     3760.00000

   Energies (kJ/mol)
        G96Bond       G96Angle    Proper Dih.  Improper Dih.          LJ-14
    2.46491e+01    4.18175e+01    5.52768e+00    5.28271e+00    3.35100e+01
     Coulomb-14        LJ (SR)   Coulomb (SR)   Coul. recip.      Potential
   -1.97521e+03    1.30692e+03   -9.40410e+03    3.69105e+01   -9.92469e+03
    Kinetic En.   Total Energy  Conserved En.    Temperature Pressure (bar)
    1.57951e+03   -8.34518e+03    6.00489e+03    3.03227e+02   -9.88128e+02
   Constr. rmsd
    0.00000e+00

           Step           Time
        3765000     3765.00000

   Energies (kJ/mol)
        G96Bond       G96Angle    Proper Dih.  Improper Dih.          LJ-14
    1.97953e+01    6.52284e+01    9.60198e+00    8.28765e+00    4.68924e+01
     Coulomb-14        LJ (SR)   Coulomb (SR)   Coul. recip.      Potential
   -2.01557e+03    1.31042e+03   -9.37416e+03    2.29607e+01   -9.90653e+03
    Kinetic En.   Total Energy  Conserved En.    Temperature Pressure (bar)
    1.71582e+03   -8.19072e+03    6.01872e+03    3.29394e+02   -4.25402e+02
   Constr. rmsd
    0.00000e+00

           Step           Time
        3770000     3770.00000

   Energies (kJ/mol)
        G96Bond       G96Angle    Proper Dih.  Improper Dih.          LJ-14
    2.40955e+01    3.98739e+01    5.19493e+00    1.41591e+01    3.46960e+01
     Coulomb-14        LJ (SR)   Coulomb (SR)   Coul. recip.      Potential
   -1.98404e+03    1.45396e+03   -9.59697e+03    2.45115e+01   -9.98452e+03
    Kinetic En.   Total Energy  Conserved En.    Temperature Pressure (bar)
    1.57660e+03   -8.40792e+03    6.05159e+03    3.02667e+02   -9.66692e+01
   Constr. rmsd
    0.00000e+00

           Step           Time
        3775000     3775.00000

   Energies (kJ/mol)
        G96Bond       G96Angle    Proper Dih.  Improper Dih.          LJ-14
    1.32625e+01    4.31603e+01    1.21116e+01    3.82304e+00    3.07585e+01
     Coulomb-14        LJ (SR)   Coulomb (SR)   Coul. recip.      Potential
   -1.99064e+03    1.30536e+03   -9.28467e+03    3.52627e+01   -9.83158e+03
    Kinetic En.   Total Energy  Conserved En.    Temperature Pressure (bar)
    1.53305e+03   -8.29853e+03    6.07119e+03    2.94307e+02    1.96314e+02
   Constr. rmsd
    0.00000e+00

           Step           Time
        3780000     3780.00000

   Energies (kJ/mol)
        G96Bond       G96Angle    Proper Dih.  Improper Dih.          LJ-14
    2.49386e+01    2.33796e+01    7.67946e+00    9.62776e+00    4.36105e+01
     Coulomb-14        LJ (SR)   Coulomb (SR)   Coul. recip.      Potential
   -1.99898e+03    1.27999e+03   -9.12873e+03    2.55127e+01   -9.71297e+03
    Kinetic En.   Total Energy  Conserved En.    Temperature Pressure (bar)
    1.55015e+03   -8.16282e+03    6.05991e+03    2.97590e+02    2.51671e+02
   Constr. rmsd
    0.00000e+00

           Step           Time
        3785000     3785.00000

   Energies (kJ/mol)
        G96Bond       G96Angle    Proper Dih.  Improper Dih.          LJ-14
    1.03543e+01    2.63881e+01    6.60888e+00    1.54074e+01    3.71724e+01
     Coulomb-14        LJ (SR)   Coulomb (SR)   Coul. recip.      Potential
   -1.99132e+03    1.61642e+03   -9.64676e+03    2.72468e+01   -9.89848e+03
    Kinetic En.   Total Energy  Conserved En.    Temperature Pressure (bar)
    1.59495e+03   -8.30353e+03    6.08636e+03    3.06190e+02    1.86300e+03
   Constr. rmsd
    0.00000e+00

           Step           Time
        3790000     3790.00000

   Energies (kJ/mol)
        G96Bond       G96Angle    Proper Dih.  Improper Dih.          LJ-14
    1.92319e+01    5.26091e+01    8.20419e+00    5.80005e+00    2.50801e+01
     Coulomb-14        LJ (SR)   Coulomb (SR)   Coul. recip.      Potential
   -1.96970e+03    1.39242e+03   -9.49238e+03    2.10705e+01   -9.93766e+03
    Kinetic En.   Total Energy  Conserved En.    Temperature Pressure (bar)
    1.58760e+03   -8.35006e+03    6.11645e+03    3.04779e+02   -6.54099e+02
   Constr. rmsd
    0.00000e+00

           Step           Time
        3795000     3795.00000

   Energies (kJ/mol)
        G96Bond       G96Angle    Proper Dih.  Improper Dih.          LJ-14
    2.29612e+01    2.79907e+01    3.83288e+00    7.81938e+00    4.13010e+01
     Coulomb-14        LJ (SR)   Coulomb (SR)   Coul. recip.      Potential
   -2.00683e+03    1.29737e+03   -9.33773e+03    2.46439e+01   -9.91864e+03
    Kinetic En.   Total Energy  Conserved En.    Temperature Pressure (bar)
    1.54085e+03   -8.37779e+03    6.11358e+03    2.95805e+02   -7.13922e+02
   Constr. rmsd
    0.00000e+00

           Step           Time
        3800000     3800.00000

   Energies (kJ/mol)
        G96Bond       G96Angle    Proper Dih.  Improper Dih.          LJ-14
    2.88148e+01    4.74785e+01    1.13164e+01    2.11911e+01    4.23612e+01
     Coulomb-14        LJ (SR)   Coulomb (SR)   Coul. recip.      Potential
   -2.01598e+03    1.33640e+03   -9.36822e+03    2.38475e+01   -9.87279e+03
    Kinetic En.   Total Energy  Conserved En.    Temperature Pressure (bar)
    1.56669e+03   -8.30610e+03    6.12876e+03    3.00765e+02    2.79906e+02
   Constr. rmsd
    0.00000e+00

           Step           Time
        3805000     3805.00000

   Energies (kJ/mol)
        G96Bond       G96Angle    Proper Dih.  Improper Dih.          LJ-14
    1.37000e+01    5.11222e+01    1.85270e+01    1.21728e+01    2.81533e+01
     Coulomb-14        LJ (SR)   Coulomb (SR)   Coul. recip.      Potential
   -1.97585e+03    1.25027e+03   -9.27393e+03    1.98730e+01   -9.85596e+03
    Kinetic En.   Total Energy  Conserved En.    Temperature Pressure (bar)
    1.61807e+03   -8.23790e+03    6.15494e+03    3.10629e+02   -1.54690e+03
   Constr. rmsd
    0.00000e+00

           Step           Time
        3810000     3810.00000

   Energies (kJ/mol)
        G96Bond       G96Angle    Proper Dih.  Improper Dih.          LJ-14
    3.93566e+01    3.34459e+01    7.56321e+00    3.32920e+00    3.72242e+01
     Coulomb-14        LJ (SR)   Coulomb (SR)   Coul. recip.      Potential
   -2.00322e+03    1.55821e+03   -9.52162e+03    2.92111e+01   -9.81650e+03
    Kinetic En.   Total Energy  Conserved En.    Temperature Pressure (bar)
    1.57660e+03   -8.23990e+03    6.22100e+03    3.02667e+02    3.60849e+03
   Constr. rmsd
    0.00000e+00

           Step           Time
        3815000     3815.00000

   Energies (kJ/mol)
        G96Bond       G96Angle    Proper Dih.  Improper Dih.          LJ-14
    2.42811e+01    4.81555e+01    9.09959e+00    1.21734e+01    3.50781e+01
     Coulomb-14        LJ (SR)   Coulomb (SR)   Coul. recip.      Potential
   -1.99603e+03    1.43111e+03   -9.44658e+03    2.96803e+01   -9.85303e+03
    Kinetic En.   Total Energy  Conserved En.    Temperature Pressure (bar)
    1.71830e+03   -8.13473e+03    6.21207e+03    3.29871e+02    4.15200e+02
   Constr. rmsd
    0.00000e+00

           Step           Time
        3820000     3820.00000

   Energies (kJ/mol)
        G96Bond       G96Angle    Proper Dih.  Improper Dih.          LJ-14
    3.76973e+01    3.98798e+01    9.78868e+00    4.41377e-01    3.08205e+01
     Coulomb-14        LJ (SR)   Coulomb (SR)   Coul. recip.      Potential
   -1.98078e+03    1.27060e+03   -9.34536e+03    2.70374e+01   -9.90987e+03
    Kinetic En.   Total Energy  Conserved En.    Temperature Pressure (bar)
    1.60908e+03   -8.30079e+03    6.24443e+03    3.08903e+02   -1.37826e+03
   Constr. rmsd
    0.00000e+00

           Step           Time
        3825000     3825.00000

   Energies (kJ/mol)
        G96Bond       G96Angle    Proper Dih.  Improper Dih.          LJ-14
    1.77792e+01    6.73366e+01    7.39068e+00    7.83674e+00    3.78378e+01
     Coulomb-14        LJ (SR)   Coulomb (SR)   Coul. recip.      Potential
   -2.00244e+03    1.25270e+03   -9.33079e+03    2.44834e+01   -9.91787e+03
    Kinetic En.   Total Energy  Conserved En.    Temperature Pressure (bar)
    1.56724e+03   -8.35063e+03    6.27163e+03    3.00871e+02   -1.49975e+03
   Constr. rmsd
    0.00000e+00

           Step           Time
        3830000     3830.00000

   Energies (kJ/mol)
        G96Bond       G96Angle    Proper Dih.  Improper Dih.          LJ-14
    1.09904e+01    3.81740e+01    1.36824e+01    7.38868e+00    2.84931e+01
     Coulomb-14        LJ (SR)   Coulomb (SR)   Coul. recip.      Potential
   -1.98014e+03    1.54819e+03   -9.55368e+03    2.63346e+01   -9.86056e+03
    Kinetic En.   Total Energy  Conserved En.    Temperature Pressure (bar)
    1.57141e+03   -8.28915e+03    6.29178e+03    3.01671e+02    2.21602e+03
   Constr. rmsd
    0.00000e+00

           Step           Time
        3835000     3835.00000

   Energies (kJ/mol)
        G96Bond       G96Angle    Proper Dih.  Improper Dih.          LJ-14
    2.35703e+01    4.70325e+01    1.20213e+01    9.25961e+00    3.15703e+01
     Coulomb-14        LJ (SR)   Coulomb (SR)   Coul. recip.      Potential
   -1.98739e+03    1.30702e+03   -9.37158e+03    3.51115e+01   -9.89339e+03
    Kinetic En.   Total Energy  Conserved En.    Temperature Pressure (bar)
    1.60180e+03   -8.29159e+03    6.26939e+03    3.07506e+02   -7.88763e+02
   Constr. rmsd
    0.00000e+00

           Step           Time
        3840000     3840.00000

   Energies (kJ/mol)
        G96Bond       G96Angle    Proper Dih.  Improper Dih.          LJ-14
    3.07735e+01    5.28919e+01    1.09386e+01    8.12498e+00    3.81907e+01
     Coulomb-14        LJ (SR)   Coulomb (SR)   Coul. recip.      Potential
   -2.00687e+03    1.41481e+03   -9.48862e+03    2.59008e+01   -9.91386e+03
    Kinetic En.   Total Energy  Conserved En.    Temperature Pressure (bar)
    1.69647e+03   -8.21739e+03    6.28302e+03    3.25679e+02    8.92814e+02
   Constr. rmsd
    0.00000e+00

           Step           Time
        3845000     3845.00000

   Energies (kJ/mol)
        G96Bond       G96Angle    Proper Dih.  Improper Dih.          LJ-14
    3.06807e+01    3.22003e+01    2.19736e+01    1.60465e+00    3.11281e+01
     Coulomb-14        LJ (SR)   Coulomb (SR)   Coul. recip.      Potential
   -1.98532e+03    1.43003e+03   -9.51078e+03    3.01082e+01   -9.91837e+03
    Kinetic En.   Total Energy  Conserved En.    Temperature Pressure (bar)
    1.56687e+03   -8.35150e+03    6.31757e+03    3.00800e+02    8.06962e+02
   Constr. rmsd
    0.00000e+00

           Step           Time
        3850000     3850.00000

   Energies (kJ/mol)
        G96Bond       G96Angle    Proper Dih.  Improper Dih.          LJ-14
    1.52805e+01    3.85415e+01    6.55700e+00    3.73907e+00    2.91887e+01
     Coulomb-14        LJ (SR)   Coulomb (SR)   Coul. recip.      Potential
   -1.97035e+03    1.34757e+03   -9.32232e+03    2.31089e+01   -9.82869e+03
    Kinetic En.   Total Energy  Conserved En.    Temperature Pressure (bar)
    1.53761e+03   -8.29108e+03    6.32886e+03    2.95184e+02   -1.04447e+03
   Constr. rmsd
    0.00000e+00

           Step           Time
        3855000     3855.00000

   Energies (kJ/mol)
        G96Bond       G96Angle    Proper Dih.  Improper Dih.          LJ-14
    2.12588e+01    4.97223e+01    1.44940e+01    1.54731e+01    2.87679e+01
     Coulomb-14        LJ (SR)   Coulomb (SR)   Coul. recip.      Potential
   -1.98430e+03    1.54902e+03   -9.63890e+03    3.34433e+01   -9.91102e+03
    Kinetic En.   Total Energy  Conserved En.    Temperature Pressure (bar)
    1.44892e+03   -8.46210e+03    6.35926e+03    2.78156e+02    1.58150e+03
   Constr. rmsd
    0.00000e+00

           Step           Time
        3860000     3860.00000

   Energies (kJ/mol)
        G96Bond       G96Angle    Proper Dih.  Improper Dih.          LJ-14
    2.04522e+01    5.26752e+01    1.85659e+01    6.95708e+00    4.29902e+01
     Coulomb-14        LJ (SR)   Coulomb (SR)   Coul. recip.      Potential
   -2.01782e+03    1.35978e+03   -9.41317e+03    2.66013e+01   -9.90297e+03
    Kinetic En.   Total Energy  Conserved En.    Temperature Pressure (bar)
    1.63928e+03   -8.26370e+03    6.34718e+03    3.14700e+02    3.75747e+02
   Constr. rmsd
    0.00000e+00

           Step           Time
        3865000     3865.00000

   Energies (kJ/mol)
        G96Bond       G96Angle    Proper Dih.  Improper Dih.          LJ-14
    2.62613e+01    4.44643e+01    6.46671e+00    4.50612e+00    3.36720e+01
     Coulomb-14        LJ (SR)   Coulomb (SR)   Coul. recip.      Potential
   -1.99499e+03    1.33721e+03   -9.24481e+03    3.03538e+01   -9.75686e+03
    Kinetic En.   Total Energy  Conserved En.    Temperature Pressure (bar)
    1.64292e+03   -8.11394e+03    6.38168e+03    3.15400e+02    8.72546e+02
   Constr. rmsd
    0.00000e+00

           Step           Time
        3870000     3870.00000

   Energies (kJ/mol)
        G96Bond       G96Angle    Proper Dih.  Improper Dih.          LJ-14
    3.48055e+01    4.91190e+01    7.27199e+00    7.42007e+00    4.85816e+01
     Coulomb-14        LJ (SR)   Coulomb (SR)   Coul. recip.      Potential
   -2.00722e+03    1.28113e+03   -9.29770e+03    3.01219e+01   -9.84647e+03
    Kinetic En.   Total Energy  Conserved En.    Temperature Pressure (bar)
    1.62767e+03   -8.21880e+03    6.41743e+03    3.12472e+02    2.99504e+02
   Constr. rmsd
    0.00000e+00

           Step           Time
        3875000     3875.00000

   Energies (kJ/mol)
        G96Bond       G96Angle    Proper Dih.  Improper Dih.          LJ-14
    9.74085e+00    4.85930e+01    5.43759e+00    4.03052e+00    3.81806e+01
     Coulomb-14        LJ (SR)   Coulomb (SR)   Coul. recip.      Potential
   -1.97612e+03    1.31640e+03   -9.30702e+03    3.19661e+01   -9.82879e+03
    Kinetic En.   Total Energy  Conserved En.    Temperature Pressure (bar)
    1.49938e+03   -8.32941e+03    6.41910e+03    2.87843e+02   -5.55888e+02
   Constr. rmsd
    0.00000e+00

           Step           Time
        3880000     3880.00000

   Energies (kJ/mol)
        G96Bond       G96Angle    Proper Dih.  Improper Dih.          LJ-14
    2.00023e+01    6.24699e+01    6.11307e+00    3.31495e+00    3.79254e+01
     Coulomb-14        LJ (SR)   Coulomb (SR)   Coul. recip.      Potential
   -2.00255e+03    1.38913e+03   -9.46402e+03    2.56625e+01   -9.92195e+03
    Kinetic En.   Total Energy  Conserved En.    Temperature Pressure (bar)
    1.49265e+03   -8.42929e+03    6.41107e+03    2.86552e+02   -3.87332e+02
   Constr. rmsd
    0.00000e+00

           Step           Time
        3885000     3885.00000

   Energies (kJ/mol)
        G96Bond       G96Angle    Proper Dih.  Improper Dih.          LJ-14
    1.25805e+01    4.46982e+01    1.02137e+01    5.96711e+00    3.61988e+01
     Coulomb-14        LJ (SR)   Coulomb (SR)   Coul. recip.      Potential
   -1.99922e+03    1.27012e+03   -9.27259e+03    3.07707e+01   -9.86127e+03
    Kinetic En.   Total Energy  Conserved En.    Temperature Pressure (bar)
    1.40973e+03   -8.45154e+03    6.39442e+03    2.70633e+02   -1.68768e+03
   Constr. rmsd
    0.00000e+00

           Step           Time
        3890000     3890.00000

   Energies (kJ/mol)
        G96Bond       G96Angle    Proper Dih.  Improper Dih.          LJ-14
    1.08101e+01    4.29764e+01    9.36846e+00    7.94427e+00    3.69849e+01
     Coulomb-14        LJ (SR)   Coulomb (SR)   Coul. recip.      Potential
   -1.99418e+03    1.48783e+03   -9.64797e+03    1.99239e+01   -1.00263e+04
    Kinetic En.   Total Energy  Conserved En.    Temperature Pressure (bar)
    1.62241e+03   -8.40391e+03    6.45624e+03    3.11463e+02    6.05218e+02
   Constr. rmsd
    0.00000e+00

           Step           Time
        3895000     3895.00000

   Energies (kJ/mol)
        G96Bond       G96Angle    Proper Dih.  Improper Dih.          LJ-14
    2.29660e+01    4.27957e+01    1.02776e+01    2.43316e+01    4.16370e+01
     Coulomb-14        LJ (SR)   Coulomb (SR)   Coul. recip.      Potential
   -1.99263e+03    1.25266e+03   -9.19354e+03    3.37706e+01   -9.75772e+03
    Kinetic En.   Total Energy  Conserved En.    Temperature Pressure (bar)
    1.65840e+03   -8.09932e+03    6.48664e+03    3.18371e+02   -8.00871e+00
   Constr. rmsd
    0.00000e+00

           Step           Time
        3900000     3900.00000

   Energies (kJ/mol)
        G96Bond       G96Angle    Proper Dih.  Improper Dih.          LJ-14
    2.69019e+01    3.47210e+01    9.33951e+00    2.82230e+00    4.03837e+01
     Coulomb-14        LJ (SR)   Coulomb (SR)   Coul. recip.      Potential
   -2.00089e+03    1.28711e+03   -9.23664e+03    3.12130e+01   -9.80504e+03
    Kinetic En.   Total Energy  Conserved En.    Temperature Pressure (bar)
    1.59111e+03   -8.21393e+03    6.49960e+03    3.05454e+02    9.39053e+02
   Constr. rmsd
    0.00000e+00

           Step           Time
        3905000     3905.00000

   Energies (kJ/mol)
        G96Bond       G96Angle    Proper Dih.  Improper Dih.          LJ-14
    1.94649e+01    3.38478e+01    2.12137e+01    1.66678e+01    2.61011e+01
     Coulomb-14        LJ (SR)   Coulomb (SR)   Coul. recip.      Potential
   -1.97408e+03    1.14897e+03   -9.13668e+03    2.48610e+01   -9.81963e+03
    Kinetic En.   Total Energy  Conserved En.    Temperature Pressure (bar)
    1.52631e+03   -8.29332e+03    6.52731e+03    2.93014e+02   -2.49658e+03
   Constr. rmsd
    0.00000e+00

           Step           Time
        3910000     3910.00000

   Energies (kJ/mol)
        G96Bond       G96Angle    Proper Dih.  Improper Dih.          LJ-14
    3.04231e+01    5.16795e+01    3.87466e+00    1.76339e+01    3.34117e+01
     Coulomb-14        LJ (SR)   Coulomb (SR)   Coul. recip.      Potential
   -1.98869e+03    1.39036e+03   -9.42110e+03    3.56512e+01   -9.84676e+03
    Kinetic En.   Total Energy  Conserved En.    Temperature Pressure (bar)
    1.55061e+03   -8.29615e+03    6.55438e+03    2.97679e+02    1.09072e+03
   Constr. rmsd
    0.00000e+00

           Step           Time
        3915000     3915.00000

   Energies (kJ/mol)
        G96Bond       G96Angle    Proper Dih.  Improper Dih.          LJ-14
    2.51242e+01    3.02764e+01    1.68232e+01    3.73838e-01    3.96831e+01
     Coulomb-14        LJ (SR)   Coulomb (SR)   Coul. recip.      Potential
   -2.00862e+03    1.10037e+03   -8.95050e+03    2.87030e+01   -9.71777e+03
    Kinetic En.   Total Energy  Conserved En.    Temperature Pressure (bar)
    1.50683e+03   -8.21094e+03    6.54200e+03    2.89274e+02   -9.73805e+02
   Constr. rmsd
    0.00000e+00

           Step           Time
        3920000     3920.00000

   Energies (kJ/mol)
        G96Bond       G96Angle    Proper Dih.  Improper Dih.          LJ-14
    1.38116e+01    3.25759e+01    3.96759e+00    1.26760e+01    3.01379e+01
     Coulomb-14        LJ (SR)   Coulomb (SR)   Coul. recip.      Potential
   -1.98575e+03    1.43512e+03   -9.62819e+03    3.48951e+01   -1.00508e+04
    Kinetic En.   Total Energy  Conserved En.    Temperature Pressure (bar)
    1.55765e+03   -8.49311e+03    6.60659e+03    2.99030e+02    2.29137e+02
   Constr. rmsd
    0.00000e+00

           Step           Time
        3925000     3925.00000

   Energies (kJ/mol)
        G96Bond       G96Angle    Proper Dih.  Improper Dih.          LJ-14
    1.55746e+01    2.53940e+01    1.76714e+01    7.05849e+00    3.44221e+01
     Coulomb-14        LJ (SR)   Coulomb (SR)   Coul. recip.      Potential
   -1.99372e+03    1.46641e+03   -9.53534e+03    2.99781e+01   -9.93255e+03
    Kinetic En.   Total Energy  Conserved En.    Temperature Pressure (bar)
    1.51261e+03   -8.41995e+03    6.63072e+03    2.90383e+02    1.36095e+03
   Constr. rmsd
    0.00000e+00

           Step           Time
        3930000     3930.00000

   Energies (kJ/mol)
        G96Bond       G96Angle    Proper Dih.  Improper Dih.          LJ-14
    1.97310e+01    6.17202e+01    8.96825e+00    1.13733e+01    4.39559e+01
     Coulomb-14        LJ (SR)   Coulomb (SR)   Coul. recip.      Potential
   -2.01495e+03    1.38402e+03   -9.33616e+03    3.59888e+01   -9.78535e+03
    Kinetic En.   Total Energy  Conserved En.    Temperature Pressure (bar)
    1.51087e+03   -8.27448e+03    6.61282e+03    2.90049e+02    8.74030e+02
   Constr. rmsd
    0.00000e+00

           Step           Time
        3935000     3935.00000

   Energies (kJ/mol)
        G96Bond       G96Angle    Proper Dih.  Improper Dih.          LJ-14
    1.61331e+01    4.43917e+01    9.15579e+00    7.26914e+00    3.57077e+01
     Coulomb-14        LJ (SR)   Coulomb (SR)   Coul. recip.      Potential
   -1.98931e+03    1.30325e+03   -9.32152e+03    1.94321e+01   -9.87550e+03
    Kinetic En.   Total Energy  Conserved En.    Temperature Pressure (bar)
    1.53594e+03   -8.33955e+03    6.63327e+03    2.94863e+02   -2.51410e+02
   Constr. rmsd
    0.00000e+00

           Step           Time
        3940000     3940.00000

   Energies (kJ/mol)
        G96Bond       G96Angle    Proper Dih.  Improper Dih.          LJ-14
    2.77311e+01    4.86184e+01    1.14507e+01    1.14530e+01    3.88264e+01
     Coulomb-14        LJ (SR)   Coulomb (SR)   Coul. recip.      Potential
   -1.99465e+03    1.19138e+03   -9.07916e+03    2.74972e+01   -9.71685e+03
    Kinetic En.   Total Energy  Conserved En.    Temperature Pressure (bar)
    1.59830e+03   -8.11855e+03    6.64121e+03    3.06834e+02   -9.58888e+02
   Constr. rmsd
    0.00000e+00

           Step           Time
        3945000     3945.00000

   Energies (kJ/mol)
        G96Bond       G96Angle    Proper Dih.  Improper Dih.          LJ-14
    3.30791e+01    3.33906e+01    1.03490e+01    8.34641e+00    3.48963e+01
     Coulomb-14        LJ (SR)   Coulomb (SR)   Coul. recip.      Potential
   -1.97894e+03    1.24674e+03   -9.19046e+03    2.73650e+01   -9.77523e+03
    Kinetic En.   Total Energy  Conserved En.    Temperature Pressure (bar)
    1.55842e+03   -8.21681e+03    6.63429e+03    2.99178e+02   -1.28044e+03
   Constr. rmsd
    0.00000e+00

           Step           Time
        3950000     3950.00000

   Energies (kJ/mol)
        G96Bond       G96Angle    Proper Dih.  Improper Dih.          LJ-14
    2.31304e+01    4.48113e+01    7.37335e+00    3.98663e+00    2.28046e+01
     Coulomb-14        LJ (SR)   Coulomb (SR)   Coul. recip.      Potential
   -1.96686e+03    1.31159e+03   -9.20545e+03    2.61433e+01   -9.73246e+03
    Kinetic En.   Total Energy  Conserved En.    Temperature Pressure (bar)
    1.44938e+03   -8.28309e+03    6.65851e+03    2.78244e+02   -1.14873e+03
   Constr. rmsd
    0.00000e+00

           Step           Time
        3955000     3955.00000

   Energies (kJ/mol)
        G96Bond       G96Angle    Proper Dih.  Improper Dih.          LJ-14
    2.52927e+01    6.33313e+01    1.25622e+01    2.47525e+00    5.04672e+01
     Coulomb-14        LJ (SR)   Coulomb (SR)   Coul. recip.      Potential
   -2.04262e+03    1.29389e+03   -9.34734e+03    2.62393e+01   -9.91570e+03
    Kinetic En.   Total Energy  Conserved En.    Temperature Pressure (bar)
    1.62352e+03   -8.29218e+03    6.68954e+03    3.11675e+02    4.39930e+02
   Constr. rmsd
    0.00000e+00

           Step           Time
        3960000     3960.00000

   Energies (kJ/mol)
        G96Bond       G96Angle    Proper Dih.  Improper Dih.          LJ-14
    1.22029e+01    4.53856e+01    9.60637e+00    3.64270e+00    2.94006e+01
     Coulomb-14        LJ (SR)   Coulomb (SR)   Coul. recip.      Potential
   -1.99314e+03    1.32738e+03   -9.44771e+03    3.13595e+01   -9.98187e+03
    Kinetic En.   Total Energy  Conserved En.    Temperature Pressure (bar)
    1.61202e+03   -8.36985e+03    6.72386e+03    3.09467e+02   -2.01847e+02
   Constr. rmsd
    0.00000e+00

           Step           Time
        3965000     3965.00000

   Energies (kJ/mol)
        G96Bond       G96Angle    Proper Dih.  Improper Dih.          LJ-14
    2.26758e+01    3.81250e+01    8.80952e+00    3.22427e+00    3.84163e+01
     Coulomb-14        LJ (SR)   Coulomb (SR)   Coul. recip.      Potential
   -2.00646e+03    1.21192e+03   -9.25662e+03    2.75242e+01   -9.91238e+03
    Kinetic En.   Total Energy  Conserved En.    Temperature Pressure (bar)
    1.53526e+03   -8.37712e+03    6.75407e+03    2.94732e+02   -2.14194e+02
   Constr. rmsd
    0.00000e+00

           Step           Time
        3970000     3970.00000

   Energies (kJ/mol)
        G96Bond       G96Angle    Proper Dih.  Improper Dih.          LJ-14
    1.08776e+01    3.69444e+01    1.00892e+01    8.78119e+00    4.22184e+01
     Coulomb-14        LJ (SR)   Coulomb (SR)   Coul. recip.      Potential
   -2.00715e+03    1.35896e+03   -9.57449e+03    1.73836e+01   -1.00964e+04
    Kinetic En.   Total Energy  Conserved En.    Temperature Pressure (bar)
    1.50877e+03   -8.58762e+03    6.76553e+03    2.89647e+02   -2.47762e+00
   Constr. rmsd
    0.00000e+00

           Step           Time
        3975000     3975.00000

   Energies (kJ/mol)
        G96Bond       G96Angle    Proper Dih.  Improper Dih.          LJ-14
    1.62271e+01    5.41335e+01    1.21365e+01    9.32157e+00    3.16626e+01
     Coulomb-14        LJ (SR)   Coulomb (SR)   Coul. recip.      Potential
   -1.98264e+03    1.37139e+03   -9.51257e+03    2.78667e+01   -9.97247e+03
    Kinetic En.   Total Energy  Conserved En.    Temperature Pressure (bar)
    1.49920e+03   -8.47327e+03    6.76710e+03    2.87808e+02   -3.82820e+02
   Constr. rmsd
    0.00000e+00

           Step           Time
        3980000     3980.00000

   Energies (kJ/mol)
        G96Bond       G96Angle    Proper Dih.  Improper Dih.          LJ-14
    2.87245e+01    4.66243e+01    1.26293e+01    1.06850e+01    3.26615e+01
     Coulomb-14        LJ (SR)   Coulomb (SR)   Coul. recip.      Potential
   -1.97828e+03    1.30832e+03   -9.45224e+03    1.76858e+01   -9.97320e+03
    Kinetic En.   Total Energy  Conserved En.    Temperature Pressure (bar)
    1.57940e+03   -8.39380e+03    6.81205e+03    3.03205e+02   -4.14135e+02
   Constr. rmsd
    0.00000e+00

           Step           Time
        3985000     3985.00000

   Energies (kJ/mol)
        G96Bond       G96Angle    Proper Dih.  Improper Dih.          LJ-14
    1.69665e+01    5.49207e+01    1.14327e+01    3.99680e+00    4.28277e+01
     Coulomb-14        LJ (SR)   Coulomb (SR)   Coul. recip.      Potential
   -2.00389e+03    1.24412e+03   -9.42351e+03    2.49027e+01   -1.00282e+04
    Kinetic En.   Total Energy  Conserved En.    Temperature Pressure (bar)
    1.57077e+03   -8.45747e+03    6.81643e+03    3.01549e+02   -1.36419e+03
   Constr. rmsd
    0.00000e+00

           Step           Time
        3990000     3990.00000

   Energies (kJ/mol)
        G96Bond       G96Angle    Proper Dih.  Improper Dih.          LJ-14
    1.03245e+01    4.61020e+01    1.74790e+01    8.17817e+00    2.55139e+01
     Coulomb-14        LJ (SR)   Coulomb (SR)   Coul. recip.      Potential
   -1.97674e+03    1.45674e+03   -9.60596e+03    2.15385e+01   -9.99683e+03
    Kinetic En.   Total Energy  Conserved En.    Temperature Pressure (bar)
    1.62911e+03   -8.36772e+03    6.82620e+03    3.12749e+02    1.05595e+02
   Constr. rmsd
    0.00000e+00

           Step           Time
        3995000     3995.00000

   Energies (kJ/mol)
        G96Bond       G96Angle    Proper Dih.  Improper Dih.          LJ-14
    1.44405e+01    3.22258e+01    6.92211e+00    1.23214e+01    2.85728e+01
     Coulomb-14        LJ (SR)   Coulomb (SR)   Coul. recip.      Potential
   -1.98664e+03    1.33171e+03   -9.48769e+03    2.46978e+01   -1.00234e+04
    Kinetic En.   Total Energy  Conserved En.    Temperature Pressure (bar)
    1.55382e+03   -8.46962e+03    6.84488e+03    2.98295e+02   -7.10897e+02
   Constr. rmsd
    0.00000e+00

           Step           Time
        4000000     4000.00000

   Energies (kJ/mol)
        G96Bond       G96Angle    Proper Dih.  Improper Dih.          LJ-14
    2.87551e+01    3.75621e+01    1.74708e+01    5.89600e+00    3.36061e+01
     Coulomb-14        LJ (SR)   Coulomb (SR)   Coul. recip.      Potential
   -2.00023e+03    1.38245e+03   -9.51242e+03    2.71343e+01   -9.97977e+03
    Kinetic En.   Total Energy  Conserved En.    Temperature Pressure (bar)
    1.59342e+03   -8.38635e+03    6.85083e+03    3.05897e+02    7.77566e+02
   Constr. rmsd
    0.00000e+00

           Step           Time
        4005000     4005.00000

   Energies (kJ/mol)
        G96Bond       G96Angle    Proper Dih.  Improper Dih.          LJ-14
    2.35418e+01    3.64127e+01    1.28116e+01    1.44583e+01    2.90973e+01
     Coulomb-14        LJ (SR)   Coulomb (SR)   Coul. recip.      Potential
   -1.98246e+03    1.52388e+03   -9.50938e+03    1.94823e+01   -9.83216e+03
    Kinetic En.   Total Energy  Conserved En.    Temperature Pressure (bar)
    1.55602e+03   -8.27614e+03    6.85249e+03    2.98717e+02    1.22603e+03
   Constr. rmsd
    0.00000e+00

           Step           Time
        4010000     4010.00000

   Energies (kJ/mol)
        G96Bond       G96Angle    Proper Dih.  Improper Dih.          LJ-14
    1.56802e+01    5.88187e+01    1.20039e+01    1.34551e+01    3.45765e+01
     Coulomb-14        LJ (SR)   Coulomb (SR)   Coul. recip.      Potential
   -1.99118e+03    1.34703e+03   -9.32042e+03    2.17056e+01   -9.80834e+03
    Kinetic En.   Total Energy  Conserved En.    Temperature Pressure (bar)
    1.57636e+03   -8.23198e+03    6.89052e+03    3.02621e+02    2.21370e+02
   Constr. rmsd
    0.00000e+00

           Step           Time
        4015000     4015.00000

   Energies (kJ/mol)
        G96Bond       G96Angle    Proper Dih.  Improper Dih.          LJ-14
    2.05853e+01    3.85855e+01    5.37021e+00    1.13528e+01    3.11028e+01
     Coulomb-14        LJ (SR)   Coulomb (SR)   Coul. recip.      Potential
   -1.98515e+03    1.38489e+03   -9.48727e+03    2.49923e+01   -9.95554e+03
    Kinetic En.   Total Energy  Conserved En.    Temperature Pressure (bar)
    1.55963e+03   -8.39590e+03    6.88832e+03    2.99411e+02   -5.00003e+02
   Constr. rmsd
    0.00000e+00

           Step           Time
        4020000     4020.00000

   Energies (kJ/mol)
        G96Bond       G96Angle    Proper Dih.  Improper Dih.          LJ-14
    3.14200e+01    5.50432e+01    9.20699e+00    1.11248e+01    4.20595e+01
     Coulomb-14        LJ (SR)   Coulomb (SR)   Coul. recip.      Potential
   -2.00337e+03    1.24472e+03   -9.32314e+03    2.36666e+01   -9.90927e+03
    Kinetic En.   Total Energy  Conserved En.    Temperature Pressure (bar)
    1.65766e+03   -8.25161e+03    6.89882e+03    3.18229e+02   -9.32134e+02
   Constr. rmsd
    0.00000e+00

           Step           Time
        4025000     4025.00000

   Energies (kJ/mol)
        G96Bond       G96Angle    Proper Dih.  Improper Dih.          LJ-14
    2.55958e+01    4.84358e+01    4.86779e+00    1.10127e+01    3.51487e+01
     Coulomb-14        LJ (SR)   Coulomb (SR)   Coul. recip.      Potential
   -2.00312e+03    1.14813e+03   -9.04376e+03    2.30936e+01   -9.75060e+03
    Kinetic En.   Total Energy  Conserved En.    Temperature Pressure (bar)
    1.61564e+03   -8.13496e+03    6.90368e+03    3.10163e+02   -1.31205e+03
   Constr. rmsd
    0.00000e+00

           Step           Time
        4030000     4030.00000

   Energies (kJ/mol)
        G96Bond       G96Angle    Proper Dih.  Improper Dih.          LJ-14
    1.01984e+01    5.54478e+01    6.56941e+00    4.31865e+00    3.54785e+01
     Coulomb-14        LJ (SR)   Coulomb (SR)   Coul. recip.      Potential
   -1.98758e+03    1.31098e+03   -9.41451e+03    2.68238e+01   -9.95227e+03
    Kinetic En.   Total Energy  Conserved En.    Temperature Pressure (bar)
    1.60980e+03   -8.34247e+03    6.95178e+03    3.09041e+02   -7.48143e+02
   Constr. rmsd
    0.00000e+00

           Step           Time
        4035000     4035.00000

   Energies (kJ/mol)
        G96Bond       G96Angle    Proper Dih.  Improper Dih.          LJ-14
    2.58357e+01    3.98633e+01    2.38970e+01    2.22856e+01    4.31350e+01
     Coulomb-14        LJ (SR)   Coulomb (SR)   Coul. recip.      Potential
   -2.01504e+03    1.35301e+03   -9.15847e+03    2.82444e+01   -9.63725e+03
    Kinetic En.   Total Energy  Conserved En.    Temperature Pressure (bar)
    1.58131e+03   -8.05593e+03    6.97108e+03    3.03572e+02    8.97516e+02
   Constr. rmsd
    0.00000e+00

           Step           Time
        4040000     4040.00000

   Energies (kJ/mol)
        G96Bond       G96Angle    Proper Dih.  Improper Dih.          LJ-14
    1.35822e+01    4.64513e+01    1.27360e+01    7.93369e+00    2.57839e+01
     Coulomb-14        LJ (SR)   Coulomb (SR)   Coul. recip.      Potential
   -1.98141e+03    1.42134e+03   -9.50703e+03    2.10844e+01   -9.93953e+03
    Kinetic En.   Total Energy  Conserved En.    Temperature Pressure (bar)
    1.55979e+03   -8.37973e+03    6.99386e+03    2.99442e+02   -2.73885e+02
   Constr. rmsd
    0.00000e+00

           Step           Time
        4045000     4045.00000

   Energies (kJ/mol)
        G96Bond       G96Angle    Proper Dih.  Improper Dih.          LJ-14
    1.50990e+01    4.57617e+01    1.30036e+01    1.97910e+00    2.59003e+01
     Coulomb-14        LJ (SR)   Coulomb (SR)   Coul. recip.      Potential
   -1.96759e+03    1.31450e+03   -9.29121e+03    2.55688e+01   -9.81699e+03
    Kinetic En.   Total Energy  Conserved En.    Temperature Pressure (bar)
    1.55888e+03   -8.25811e+03    7.03967e+03    2.99266e+02   -5.37139e+02
   Constr. rmsd
    0.00000e+00

           Step           Time
        4050000     4050.00000

   Energies (kJ/mol)
        G96Bond       G96Angle    Proper Dih.  Improper Dih.          LJ-14
    1.87725e+01    3.56621e+01    6.98396e+00    1.10348e+01    3.03568e+01
     Coulomb-14        LJ (SR)   Coulomb (SR)   Coul. recip.      Potential
   -1.98272e+03    1.36704e+03   -9.29588e+03    2.38875e+01   -9.78486e+03
    Kinetic En.   Total Energy  Conserved En.    Temperature Pressure (bar)
    1.57220e+03   -8.21265e+03    7.03620e+03    3.01824e+02    2.08120e+02
   Constr. rmsd
    0.00000e+00

           Step           Time
        4055000     4055.00000

   Energies (kJ/mol)
        G96Bond       G96Angle    Proper Dih.  Improper Dih.          LJ-14
    1.28682e+01    3.39002e+01    6.16540e+00    4.83445e+00    3.16668e+01
     Coulomb-14        LJ (SR)   Coulomb (SR)   Coul. recip.      Potential
   -1.99561e+03    1.46319e+03   -9.43591e+03    2.58266e+01   -9.85307e+03
    Kinetic En.   Total Energy  Conserved En.    Temperature Pressure (bar)
    1.55378e+03   -8.29929e+03    7.03902e+03    2.98288e+02    1.18096e+03
   Constr. rmsd
    0.00000e+00

           Step           Time
        4060000     4060.00000

   Energies (kJ/mol)
        G96Bond       G96Angle    Proper Dih.  Improper Dih.          LJ-14
    2.33946e+01    3.18373e+01    1.27832e+01    5.44409e+00    3.01261e+01
     Coulomb-14        LJ (SR)   Coulomb (SR)   Coul. recip.      Potential
   -1.98698e+03    1.26607e+03   -9.29629e+03    3.08332e+01   -9.88278e+03
    Kinetic En.   Total Energy  Conserved En.    Temperature Pressure (bar)
    1.61569e+03   -8.26709e+03    7.07651e+03    3.10171e+02   -2.73020e+02
   Constr. rmsd
    0.00000e+00

           Step           Time
        4065000     4065.00000

   Energies (kJ/mol)
        G96Bond       G96Angle    Proper Dih.  Improper Dih.          LJ-14
    1.72413e+01    3.94541e+01    1.00193e+01    1.14964e+01    3.65648e+01
     Coulomb-14        LJ (SR)   Coulomb (SR)   Coul. recip.      Potential
   -1.99068e+03    1.36357e+03   -9.42178e+03    2.60913e+01   -9.90803e+03
    Kinetic En.   Total Energy  Conserved En.    Temperature Pressure (bar)
    1.55832e+03   -8.34971e+03    7.08410e+03    2.99158e+02   -9.35893e+01
   Constr. rmsd
    0.00000e+00

           Step           Time
        4070000     4070.00000

   Energies (kJ/mol)
        G96Bond       G96Angle    Proper Dih.  Improper Dih.          LJ-14
    1.15627e+01    3.50687e+01    9.02040e+00    5.17493e+00    2.02375e+01
     Coulomb-14        LJ (SR)   Coulomb (SR)   Coul. recip.      Potential
   -1.95984e+03    1.19983e+03   -9.10311e+03    3.39642e+01   -9.74808e+03
    Kinetic En.   Total Energy  Conserved En.    Temperature Pressure (bar)
    1.58097e+03   -8.16711e+03    7.07510e+03    3.03508e+02   -1.61979e+03
   Constr. rmsd
    0.00000e+00

           Step           Time
        4075000     4075.00000

   Energies (kJ/mol)
        G96Bond       G96Angle    Proper Dih.  Improper Dih.          LJ-14
    1.74187e+01    2.94573e+01    9.23112e+00    1.68537e+01    3.06912e+01
     Coulomb-14        LJ (SR)   Coulomb (SR)   Coul. recip.      Potential
   -1.98537e+03    1.30727e+03   -9.30953e+03    2.40308e+01   -9.85995e+03
    Kinetic En.   Total Energy  Conserved En.    Temperature Pressure (bar)
    1.58410e+03   -8.27586e+03    7.10566e+03    3.04107e+02   -6.09332e+02
   Constr. rmsd
    0.00000e+00

           Step           Time
        4080000     4080.00000

   Energies (kJ/mol)
        G96Bond       G96Angle    Proper Dih.  Improper Dih.          LJ-14
    7.19112e+00    3.44993e+01    8.36708e+00    1.17266e+01    3.03490e+01
     Coulomb-14        LJ (SR)   Coulomb (SR)   Coul. recip.      Potential
   -1.98743e+03    1.24208e+03   -9.20720e+03    2.28308e+01   -9.83758e+03
    Kinetic En.   Total Energy  Conserved En.    Temperature Pressure (bar)
    1.67336e+03   -8.16422e+03    7.10484e+03    3.21244e+02   -1.58105e+03
   Constr. rmsd
    0.00000e+00

           Step           Time
        4085000     4085.00000

   Energies (kJ/mol)
        G96Bond       G96Angle    Proper Dih.  Improper Dih.          LJ-14
    2.04901e+01    3.90705e+01    1.42848e+01    1.43356e+00    3.71851e+01
     Coulomb-14        LJ (SR)   Coulomb (SR)   Coul. recip.      Potential
   -2.00270e+03    1.30627e+03   -9.22366e+03    2.71227e+01   -9.78051e+03
    Kinetic En.   Total Energy  Conserved En.    Temperature Pressure (bar)
    1.71311e+03   -8.06740e+03    7.11769e+03    3.28874e+02   -9.56055e+01
   Constr. rmsd
    0.00000e+00

           Step           Time
        4090000     4090.00000

   Energies (kJ/mol)
        G96Bond       G96Angle    Proper Dih.  Improper Dih.          LJ-14
    2.14993e+01    3.79633e+01    4.86727e+00    1.26954e+01    4.20152e+01
     Coulomb-14        LJ (SR)   Coulomb (SR)   Coul. recip.      Potential
   -2.01407e+03    1.22708e+03   -9.29178e+03    2.99871e+01   -9.92974e+03
    Kinetic En.   Total Energy  Conserved En.    Temperature Pressure (bar)
    1.62982e+03   -8.29993e+03    7.12155e+03    3.12884e+02   -1.29161e+03
   Constr. rmsd
    0.00000e+00

           Step           Time
        4095000     4095.00000

   Energies (kJ/mol)
        G96Bond       G96Angle    Proper Dih.  Improper Dih.          LJ-14
    1.04222e+01    2.91280e+01    1.83224e+01    2.66518e+01    2.61372e+01
     Coulomb-14        LJ (SR)   Coulomb (SR)   Coul. recip.      Potential
   -1.98514e+03    1.24377e+03   -9.07567e+03    2.32435e+01   -9.68314e+03
    Kinetic En.   Total Energy  Conserved En.    Temperature Pressure (bar)
    1.59310e+03   -8.09004e+03    7.14612e+03    3.05836e+02   -9.99686e+02
   Constr. rmsd
    0.00000e+00

           Step           Time
        4100000     4100.00000

   Energies (kJ/mol)
        G96Bond       G96Angle    Proper Dih.  Improper Dih.          LJ-14
    1.65804e+01    3.65545e+01    1.08887e+01    5.17575e+00    2.68728e+01
     Coulomb-14        LJ (SR)   Coulomb (SR)   Coul. recip.      Potential
   -1.97819e+03    1.27696e+03   -9.19758e+03    2.62777e+01   -9.77645e+03
    Kinetic En.   Total Energy  Conserved En.    Temperature Pressure (bar)
    1.58313e+03   -8.19332e+03    7.14917e+03    3.03922e+02   -2.50669e+02
   Constr. rmsd
    0.00000e+00

           Step           Time
        4105000     4105.00000

   Energies (kJ/mol)
        G96Bond       G96Angle    Proper Dih.  Improper Dih.          LJ-14
    1.18905e+01    4.83584e+01    1.46823e+01    2.90134e+00    3.11148e+01
     Coulomb-14        LJ (SR)   Coulomb (SR)   Coul. recip.      Potential
   -1.98532e+03    1.46213e+03   -9.51234e+03    3.21325e+01   -9.89446e+03
    Kinetic En.   Total Energy  Conserved En.    Temperature Pressure (bar)
    1.58136e+03   -8.31310e+03    7.18852e+03    3.03582e+02    2.60166e+02
   Constr. rmsd
    0.00000e+00

           Step           Time
        4110000     4110.00000

   Energies (kJ/mol)
        G96Bond       G96Angle    Proper Dih.  Improper Dih.          LJ-14
    6.63945e+00    3.34244e+01    8.84803e+00    2.69142e+00    2.79264e+01
     Coulomb-14        LJ (SR)   Coulomb (SR)   Coul. recip.      Potential
   -1.97979e+03    1.19061e+03   -9.03913e+03    3.04779e+01   -9.71831e+03
    Kinetic En.   Total Energy  Conserved En.    Temperature Pressure (bar)
    1.58156e+03   -8.13676e+03    7.21342e+03    3.03619e+02   -1.55146e+03
   Constr. rmsd
    0.00000e+00

           Step           Time
        4115000     4115.00000

   Energies (kJ/mol)
        G96Bond       G96Angle    Proper Dih.  Improper Dih.          LJ-14
    2.44552e+01    4.36595e+01    1.58853e+01    2.60729e+00    3.85053e+01
     Coulomb-14        LJ (SR)   Coulomb (SR)   Coul. recip.      Potential
   -1.99766e+03    1.25933e+03   -9.15499e+03    2.60983e+01   -9.74211e+03
    Kinetic En.   Total Energy  Conserved En.    Temperature Pressure (bar)
    1.56590e+03   -8.17621e+03    7.20353e+03    3.00613e+02   -6.14028e+02
   Constr. rmsd
    0.00000e+00

           Step           Time
        4120000     4120.00000

   Energies (kJ/mol)
        G96Bond       G96Angle    Proper Dih.  Improper Dih.          LJ-14
    1.84823e+01    3.90087e+01    7.50349e+00    1.45122e+01    4.13654e+01
     Coulomb-14        LJ (SR)   Coulomb (SR)   Coul. recip.      Potential
   -2.00200e+03    1.34910e+03   -9.32004e+03    3.00596e+01   -9.82201e+03
    Kinetic En.   Total Energy  Conserved En.    Temperature Pressure (bar)
    1.59986e+03   -8.22215e+03    7.24488e+03    3.07133e+02   -3.32362e+02
   Constr. rmsd
    0.00000e+00

           Step           Time
        4125000     4125.00000

   Energies (kJ/mol)
        G96Bond       G96Angle    Proper Dih.  Improper Dih.          LJ-14
    2.55647e+01    5.14970e+01    5.27241e+00    5.19740e+00    4.38976e+01
     Coulomb-14        LJ (SR)   Coulomb (SR)   Coul. recip.      Potential
   -2.00771e+03    1.30122e+03   -9.33931e+03    2.61141e+01   -9.88826e+03
    Kinetic En.   Total Energy  Conserved En.    Temperature Pressure (bar)
    1.56288e+03   -8.32538e+03    7.25392e+03    3.00034e+02   -5.23593e+02
   Constr. rmsd
    0.00000e+00

           Step           Time
        4130000     4130.00000

   Energies (kJ/mol)
        G96Bond       G96Angle    Proper Dih.  Improper Dih.          LJ-14
    2.23752e+01    4.53030e+01    5.05405e+00    1.15745e+01    2.04983e+01
     Coulomb-14        LJ (SR)   Coulomb (SR)   Coul. recip.      Potential
   -1.96775e+03    1.23264e+03   -9.20258e+03    1.81052e+01   -9.81478e+03
    Kinetic En.   Total Energy  Conserved En.    Temperature Pressure (bar)
    1.53376e+03   -8.28102e+03    7.29579e+03    2.94443e+02   -9.44609e+02
   Constr. rmsd
    0.00000e+00

           Step           Time
        4135000     4135.00000

   Energies (kJ/mol)
        G96Bond       G96Angle    Proper Dih.  Improper Dih.          LJ-14
    1.54412e+01    4.60377e+01    6.25985e+00    1.86747e+01    3.71365e+01
     Coulomb-14        LJ (SR)   Coulomb (SR)   Coul. recip.      Potential
   -2.00167e+03    1.24387e+03   -9.16228e+03    2.76812e+01   -9.76884e+03
    Kinetic En.   Total Energy  Conserved En.    Temperature Pressure (bar)
    1.61469e+03   -8.15415e+03    7.33658e+03    3.09980e+02    4.97954e+02
   Constr. rmsd
    0.00000e+00

           Step           Time
        4140000     4140.00000

   Energies (kJ/mol)
        G96Bond       G96Angle    Proper Dih.  Improper Dih.          LJ-14
    2.71544e+01    4.11780e+01    1.29264e+01    8.84600e+00    3.23101e+01
     Coulomb-14        LJ (SR)   Coulomb (SR)   Coul. recip.      Potential
   -1.97598e+03    1.20404e+03   -9.11593e+03    3.95573e+01   -9.72589e+03
    Kinetic En.   Total Energy  Conserved En.    Temperature Pressure (bar)
    1.56940e+03   -8.15649e+03    7.36231e+03    3.01286e+02   -1.78371e+03
   Constr. rmsd
    0.00000e+00

           Step           Time
        4145000     4145.00000

   Energies (kJ/mol)
        G96Bond       G96Angle    Proper Dih.  Improper Dih.          LJ-14
    1.94677e+01    4.92821e+01    1.90982e+01    7.16501e+00    3.87838e+01
     Coulomb-14        LJ (SR)   Coulomb (SR)   Coul. recip.      Potential
   -1.99293e+03    1.39925e+03   -9.49762e+03    2.63657e+01   -9.93112e+03
    Kinetic En.   Total Energy  Conserved En.    Temperature Pressure (bar)
    1.47989e+03   -8.45123e+03    7.35675e+03    2.84102e+02    2.37262e+02
   Constr. rmsd
    0.00000e+00

           Step           Time
        4150000     4150.00000

   Energies (kJ/mol)
        G96Bond       G96Angle    Proper Dih.  Improper Dih.          LJ-14
    1.62417e+01    2.14069e+01    1.25219e+01    1.10796e+01    3.62262e+01
     Coulomb-14        LJ (SR)   Coulomb (SR)   Coul. recip.      Potential
   -1.98399e+03    1.43585e+03   -9.54200e+03    2.68072e+01   -9.96586e+03
    Kinetic En.   Total Energy  Conserved En.    Temperature Pressure (bar)
    1.43242e+03   -8.53344e+03    7.34734e+03    2.74990e+02   -5.75958e+02
   Constr. rmsd
    0.00000e+00

           Step           Time
        4155000     4155.00000

   Energies (kJ/mol)
        G96Bond       G96Angle    Proper Dih.  Improper Dih.          LJ-14
    2.18623e+01    4.03452e+01    9.51301e+00    1.86330e+01    4.24624e+01
     Coulomb-14        LJ (SR)   Coulomb (SR)   Coul. recip.      Potential
   -2.01067e+03    1.40787e+03   -9.50622e+03    2.60960e+01   -9.95011e+03
    Kinetic En.   Total Energy  Conserved En.    Temperature Pressure (bar)
    1.61525e+03   -8.33486e+03    7.35708e+03    3.10087e+02    1.43653e+02
   Constr. rmsd
    0.00000e+00

           Step           Time
        4160000     4160.00000

   Energies (kJ/mol)
        G96Bond       G96Angle    Proper Dih.  Improper Dih.          LJ-14
    2.19270e+01    2.58147e+01    1.03309e+01    4.63741e+00    3.51078e+01
     Coulomb-14        LJ (SR)   Coulomb (SR)   Coul. recip.      Potential
   -1.99871e+03    1.30496e+03   -9.39304e+03    2.94133e+01   -9.95956e+03
    Kinetic En.   Total Energy  Conserved En.    Temperature Pressure (bar)
    1.51751e+03   -8.44206e+03    7.35382e+03    2.91323e+02   -8.11168e+02
   Constr. rmsd
    0.00000e+00

           Step           Time
        4165000     4165.00000

   Energies (kJ/mol)
        G96Bond       G96Angle    Proper Dih.  Improper Dih.          LJ-14
    3.53116e+01    5.44862e+01    1.23016e+01    8.59292e+00    3.79448e+01
     Coulomb-14        LJ (SR)   Coulomb (SR)   Coul. recip.      Potential
   -2.00678e+03    1.51319e+03   -9.61690e+03    2.62197e+01   -9.93564e+03
    Kinetic En.   Total Energy  Conserved En.    Temperature Pressure (bar)
    1.57508e+03   -8.36056e+03    7.43622e+03    3.02377e+02    1.97199e+03
   Constr. rmsd
    0.00000e+00

           Step           Time
        4170000     4170.00000

   Energies (kJ/mol)
        G96Bond       G96Angle    Proper Dih.  Improper Dih.          LJ-14
    1.41245e+01    4.77626e+01    1.07914e+01    6.88362e+00    3.51807e+01
     Coulomb-14        LJ (SR)   Coulomb (SR)   Coul. recip.      Potential
   -1.98438e+03    1.47888e+03   -9.58478e+03    2.45328e+01   -9.95100e+03
    Kinetic En.   Total Energy  Conserved En.    Temperature Pressure (bar)
    1.54363e+03   -8.40737e+03    7.45084e+03    2.96339e+02    1.48921e+03
   Constr. rmsd
    0.00000e+00

           Step           Time
        4175000     4175.00000

   Energies (kJ/mol)
        G96Bond       G96Angle    Proper Dih.  Improper Dih.          LJ-14
    1.08233e+01    3.58360e+01    7.53333e+00    1.54792e+01    3.22710e+01
     Coulomb-14        LJ (SR)   Coulomb (SR)   Coul. recip.      Potential
   -1.99086e+03    1.32028e+03   -9.39127e+03    3.05544e+01   -9.92935e+03
    Kinetic En.   Total Energy  Conserved En.    Temperature Pressure (bar)
    1.53305e+03   -8.39630e+03    7.48832e+03    2.94307e+02   -3.51920e+02
   Constr. rmsd
    0.00000e+00

           Step           Time
        4180000     4180.00000

   Energies (kJ/mol)
        G96Bond       G96Angle    Proper Dih.  Improper Dih.          LJ-14
    1.34704e+01    5.48026e+01    1.12839e+01    8.37497e+00    2.85906e+01
     Coulomb-14        LJ (SR)   Coulomb (SR)   Coul. recip.      Potential
   -1.99213e+03    1.41022e+03   -9.42977e+03    2.27019e+01   -9.87246e+03
    Kinetic En.   Total Energy  Conserved En.    Temperature Pressure (bar)
    1.49157e+03   -8.38090e+03    7.49041e+03    2.86344e+02    6.23577e+02
   Constr. rmsd
    0.00000e+00

           Step           Time
        4185000     4185.00000

   Energies (kJ/mol)
        G96Bond       G96Angle    Proper Dih.  Improper Dih.          LJ-14
    2.18965e+01    4.70853e+01    9.56959e+00    1.41905e+01    3.03353e+01
     Coulomb-14        LJ (SR)   Coulomb (SR)   Coul. recip.      Potential
   -1.99289e+03    1.49284e+03   -9.68578e+03    2.46856e+01   -1.00381e+04
    Kinetic En.   Total Energy  Conserved En.    Temperature Pressure (bar)
    1.62183e+03   -8.41624e+03    7.52017e+03    3.11351e+02    1.47150e+03
   Constr. rmsd
    0.00000e+00

           Step           Time
        4190000     4190.00000

   Energies (kJ/mol)
        G96Bond       G96Angle    Proper Dih.  Improper Dih.          LJ-14
    4.26258e+01    4.47257e+01    3.57326e+00    5.62442e-01    3.70269e+01
     Coulomb-14        LJ (SR)   Coulomb (SR)   Coul. recip.      Potential
   -2.01424e+03    1.52955e+03   -9.51054e+03    3.63820e+01   -9.83033e+03
    Kinetic En.   Total Energy  Conserved En.    Temperature Pressure (bar)
    1.52966e+03   -8.30068e+03    7.54409e+03    2.93656e+02    3.89991e+03
   Constr. rmsd
    0.00000e+00

           Step           Time
        4195000     4195.00000

   Energies (kJ/mol)
        G96Bond       G96Angle    Proper Dih.  Improper Dih.          LJ-14
    1.27961e+01    3.85922e+01    1.46935e+01    1.01493e+01    2.64966e+01
     Coulomb-14        LJ (SR)   Coulomb (SR)   Coul. recip.      Potential
   -1.98040e+03    1.37479e+03   -9.51242e+03    2.93134e+01   -9.98599e+03
    Kinetic En.   Total Energy  Conserved En.    Temperature Pressure (bar)
    1.44657e+03   -8.53942e+03    7.54952e+03    2.77706e+02    3.86956e+02
   Constr. rmsd
    0.00000e+00

           Step           Time
        4200000     4200.00000

   Energies (kJ/mol)
        G96Bond       G96Angle    Proper Dih.  Improper Dih.          LJ-14
    1.98692e+01    5.86007e+01    2.85447e+00    1.52047e+00    3.90789e+01
     Coulomb-14        LJ (SR)   Coulomb (SR)   Coul. recip.      Potential
   -2.00266e+03    1.45856e+03   -9.70271e+03    3.09001e+01   -1.00940e+04
    Kinetic En.   Total Energy  Conserved En.    Temperature Pressure (bar)
    1.58067e+03   -8.51332e+03    7.52586e+03    3.03449e+02    4.73954e+02
   Constr. rmsd
    0.00000e+00

           Step           Time
        4205000     4205.00000

   Energies (kJ/mol)
        G96Bond       G96Angle    Proper Dih.  Improper Dih.          LJ-14
    1.25920e+01    5.50152e+01    7.12944e+00    1.70169e+00    2.98399e+01
     Coulomb-14        LJ (SR)   Coulomb (SR)   Coul. recip.      Potential
   -1.98427e+03    1.55021e+03   -9.80276e+03    2.69076e+01   -1.01036e+04
    Kinetic En.   Total Energy  Conserved En.    Temperature Pressure (bar)
    1.46060e+03   -8.64303e+03    7.54296e+03    2.80400e+02    1.21505e+02
   Constr. rmsd
    0.00000e+00

           Step           Time
        4210000     4210.00000

   Energies (kJ/mol)
        G96Bond       G96Angle    Proper Dih.  Improper Dih.          LJ-14
    2.23787e+01    4.35658e+01    5.46668e+00    3.57705e+00    3.10742e+01
     Coulomb-14        LJ (SR)   Coulomb (SR)   Coul. recip.      Potential
   -1.98805e+03    1.27033e+03   -9.34888e+03    2.93695e+01   -9.93116e+03
    Kinetic En.   Total Energy  Conserved En.    Temperature Pressure (bar)
    1.53758e+03   -8.39358e+03    7.60168e+03    2.95177e+02    1.87732e+02
   Constr. rmsd
    0.00000e+00

           Step           Time
        4215000     4215.00000

   Energies (kJ/mol)
        G96Bond       G96Angle    Proper Dih.  Improper Dih.          LJ-14
    1.95072e+01    3.73636e+01    5.76027e+00    7.23425e+00    3.81389e+01
     Coulomb-14        LJ (SR)   Coulomb (SR)   Coul. recip.      Potential
   -1.99250e+03    1.58231e+03   -9.69343e+03    3.09832e+01   -9.96463e+03
    Kinetic En.   Total Energy  Conserved En.    Temperature Pressure (bar)
    1.54980e+03   -8.41484e+03    7.62668e+03    2.97522e+02    2.67437e+03
   Constr. rmsd
    0.00000e+00

           Step           Time
        4220000     4220.00000

   Energies (kJ/mol)
        G96Bond       G96Angle    Proper Dih.  Improper Dih.          LJ-14
    2.61834e+01    4.37931e+01    9.04372e+00    4.40896e+00    3.28770e+01
     Coulomb-14        LJ (SR)   Coulomb (SR)   Coul. recip.      Potential
   -1.97986e+03    1.39790e+03   -9.40283e+03    2.98361e+01   -9.83864e+03
    Kinetic En.   Total Energy  Conserved En.    Temperature Pressure (bar)
    1.49703e+03   -8.34161e+03    7.61098e+03    2.87392e+02    3.19718e+01
   Constr. rmsd
    0.00000e+00

           Step           Time
        4225000     4225.00000

   Energies (kJ/mol)
        G96Bond       G96Angle    Proper Dih.  Improper Dih.          LJ-14
    1.41766e+01    6.17826e+01    7.10924e+00    3.82493e+00    3.20324e+01
     Coulomb-14        LJ (SR)   Coulomb (SR)   Coul. recip.      Potential
   -1.99321e+03    1.32140e+03   -9.48347e+03    3.02286e+01   -1.00061e+04
    Kinetic En.   Total Energy  Conserved En.    Temperature Pressure (bar)
    1.71227e+03   -8.29385e+03    7.65249e+03    3.28713e+02   -4.51252e+02
   Constr. rmsd
    0.00000e+00

           Step           Time
        4230000     4230.00000

   Energies (kJ/mol)
        G96Bond       G96Angle    Proper Dih.  Improper Dih.          LJ-14
    1.45421e+01    6.00807e+01    1.60054e+01    5.77550e+00    3.81804e+01
     Coulomb-14        LJ (SR)   Coulomb (SR)   Coul. recip.      Potential
   -1.99120e+03    1.42261e+03   -9.58052e+03    3.01358e+01   -9.98439e+03
    Kinetic En.   Total Energy  Conserved En.    Temperature Pressure (bar)
    1.59570e+03   -8.38869e+03    7.66786e+03    3.06335e+02   -1.86805e+02
   Constr. rmsd
    0.00000e+00

           Step           Time
        4235000     4235.00000

   Energies (kJ/mol)
        G96Bond       G96Angle    Proper Dih.  Improper Dih.          LJ-14
    1.84922e+01    4.52301e+01    1.34100e+01    1.68930e+01    2.20747e+01
     Coulomb-14        LJ (SR)   Coulomb (SR)   Coul. recip.      Potential
   -1.96949e+03    1.28769e+03   -9.49990e+03    2.71924e+01   -1.00384e+04
    Kinetic En.   Total Energy  Conserved En.    Temperature Pressure (bar)
    1.47829e+03   -8.56012e+03    7.71625e+03    2.83795e+02   -1.14090e+03
   Constr. rmsd
    0.00000e+00

           Step           Time
        4240000     4240.00000

   Energies (kJ/mol)
        G96Bond       G96Angle    Proper Dih.  Improper Dih.          LJ-14
    2.53063e+01    3.77497e+01    6.84204e+00    7.32021e+00    3.63965e+01
     Coulomb-14        LJ (SR)   Coulomb (SR)   Coul. recip.      Potential
   -1.98909e+03    1.22797e+03   -9.33516e+03    3.69370e+01   -9.94572e+03
    Kinetic En.   Total Energy  Conserved En.    Temperature Pressure (bar)
    1.55912e+03   -8.38661e+03    7.69698e+03    2.99311e+02   -6.07321e+02
   Constr. rmsd
    0.00000e+00

           Step           Time
        4245000     4245.00000

   Energies (kJ/mol)
        G96Bond       G96Angle    Proper Dih.  Improper Dih.          LJ-14
    1.53653e+01    5.93504e+01    7.36188e+00    7.02515e+00    4.31945e+01
     Coulomb-14        LJ (SR)   Coulomb (SR)   Coul. recip.      Potential
   -1.98332e+03    1.42111e+03   -9.53021e+03    1.60688e+01   -9.94406e+03
    Kinetic En.   Total Energy  Conserved En.    Temperature Pressure (bar)
    1.64802e+03   -8.29604e+03    7.72694e+03    3.16378e+02    7.19111e+02
   Constr. rmsd
    0.00000e+00

           Step           Time
        4250000     4250.00000

   Energies (kJ/mol)
        G96Bond       G96Angle    Proper Dih.  Improper Dih.          LJ-14
    1.88564e+01    5.51366e+01    5.30449e+00    1.17367e+01    3.84289e+01
     Coulomb-14        LJ (SR)   Coulomb (SR)   Coul. recip.      Potential
   -1.98968e+03    1.21054e+03   -9.25374e+03    2.58621e+01   -9.87755e+03
    Kinetic En.   Total Energy  Conserved En.    Temperature Pressure (bar)
    1.59596e+03   -8.28160e+03    7.72124e+03    3.06384e+02   -1.96205e+03
   Constr. rmsd
    0.00000e+00

           Step           Time
        4255000     4255.00000

   Energies (kJ/mol)
        G96Bond       G96Angle    Proper Dih.  Improper Dih.          LJ-14
    2.03176e+01    5.31366e+01    6.66197e+00    4.42981e+00    2.79000e+01
     Coulomb-14        LJ (SR)   Coulomb (SR)   Coul. recip.      Potential
   -1.99983e+03    1.26355e+03   -9.27067e+03    2.55109e+01   -9.86899e+03
    Kinetic En.   Total Energy  Conserved En.    Temperature Pressure (bar)
    1.65728e+03   -8.21171e+03    7.74409e+03    3.18157e+02   -8.31545e+02
   Constr. rmsd
    0.00000e+00

           Step           Time
        4260000     4260.00000

   Energies (kJ/mol)
        G96Bond       G96Angle    Proper Dih.  Improper Dih.          LJ-14
    7.47311e+00    5.74926e+01    4.86385e+00    1.89993e+01    3.71943e+01
     Coulomb-14        LJ (SR)   Coulomb (SR)   Coul. recip.      Potential
   -1.99602e+03    1.26401e+03   -9.08960e+03    2.53756e+01   -9.67020e+03
    Kinetic En.   Total Energy  Conserved En.    Temperature Pressure (bar)
    1.53106e+03   -8.13914e+03    7.74138e+03    2.93925e+02   -4.38444e+02
   Constr. rmsd
    0.00000e+00

           Step           Time
        4265000     4265.00000

   Energies (kJ/mol)
        G96Bond       G96Angle    Proper Dih.  Improper Dih.          LJ-14
    1.51445e+01    4.84135e+01    3.86633e+00    4.63793e+00    4.22501e+01
     Coulomb-14        LJ (SR)   Coulomb (SR)   Coul. recip.      Potential
   -2.00683e+03    1.20260e+03   -9.13092e+03    3.40794e+01   -9.78676e+03
    Kinetic En.   Total Energy  Conserved En.    Temperature Pressure (bar)
    1.52995e+03   -8.25680e+03    7.79416e+03    2.93712e+02   -2.51514e+02
   Constr. rmsd
    0.00000e+00

           Step           Time
        4270000     4270.00000

   Energies (kJ/mol)
        G96Bond       G96Angle    Proper Dih.  Improper Dih.          LJ-14
    1.51666e+01    3.90371e+01    7.34534e+00    1.12498e+01    2.89719e+01
     Coulomb-14        LJ (SR)   Coulomb (SR)   Coul. recip.      Potential
   -1.97733e+03    1.39512e+03   -9.47531e+03    2.00391e+01   -9.93571e+03
    Kinetic En.   Total Energy  Conserved En.    Temperature Pressure (bar)
    1.62124e+03   -8.31447e+03    7.78279e+03    3.11238e+02   -1.13065e+02
   Constr. rmsd
    0.00000e+00

           Step           Time
        4275000     4275.00000

   Energies (kJ/mol)
        G96Bond       G96Angle    Proper Dih.  Improper Dih.          LJ-14
    2.42078e+01    5.65057e+01    1.34200e+01    2.07075e+01    5.21883e+01
     Coulomb-14        LJ (SR)   Coulomb (SR)   Coul. recip.      Potential
   -2.02275e+03    1.42957e+03   -9.48795e+03    3.19913e+01   -9.88210e+03
    Kinetic En.   Total Energy  Conserved En.    Temperature Pressure (bar)
    1.57509e+03   -8.30702e+03    7.82482e+03    3.02377e+02    1.16451e+03
   Constr. rmsd
    0.00000e+00

           Step           Time
        4280000     4280.00000

   Energies (kJ/mol)
        G96Bond       G96Angle    Proper Dih.  Improper Dih.          LJ-14
    1.95534e+01    4.18767e+01    7.21593e+00    1.15271e+01    4.00279e+01
     Coulomb-14        LJ (SR)   Coulomb (SR)   Coul. recip.      Potential
   -1.99871e+03    1.26115e+03   -9.38493e+03    2.79882e+01   -9.97430e+03
    Kinetic En.   Total Energy  Conserved En.    Temperature Pressure (bar)
    1.66425e+03   -8.31005e+03    7.85529e+03    3.19494e+02   -6.35402e+02
   Constr. rmsd
    0.00000e+00

           Step           Time
        4285000     4285.00000

   Energies (kJ/mol)
        G96Bond       G96Angle    Proper Dih.  Improper Dih.          LJ-14
    2.04030e+01    5.48826e+01    7.66145e+00    1.29074e+01    2.72666e+01
     Coulomb-14        LJ (SR)   Coulomb (SR)   Coul. recip.      Potential
   -1.98921e+03    1.17765e+03   -9.20558e+03    2.57041e+01   -9.86831e+03
    Kinetic En.   Total Energy  Conserved En.    Temperature Pressure (bar)
    1.54234e+03   -8.32597e+03    7.86012e+03    2.96091e+02   -1.02925e+03
   Constr. rmsd
    0.00000e+00

           Step           Time
        4290000     4290.00000

   Energies (kJ/mol)
        G96Bond       G96Angle    Proper Dih.  Improper Dih.          LJ-14
    3.64897e+01    4.70327e+01    1.07393e+01    2.97426e+00    3.05472e+01
     Coulomb-14        LJ (SR)   Coulomb (SR)   Coul. recip.      Potential
   -1.99897e+03    1.25767e+03   -9.29004e+03    2.56778e+01   -9.87788e+03
    Kinetic En.   Total Energy  Conserved En.    Temperature Pressure (bar)
    1.53709e+03   -8.34079e+03    7.84375e+03    2.95083e+02   -6.88931e+02
   Constr. rmsd
    0.00000e+00

           Step           Time
        4295000     4295.00000

   Energies (kJ/mol)
        G96Bond       G96Angle    Proper Dih.  Improper Dih.          LJ-14
    1.12133e+01    5.55888e+01    1.21331e+01    7.13507e+00    4.46412e+01
     Coulomb-14        LJ (SR)   Coulomb (SR)   Coul. recip.      Potential
   -1.99867e+03    1.35592e+03   -9.44236e+03    2.83952e+01   -9.92600e+03
    Kinetic En.   Total Energy  Conserved En.    Temperature Pressure (bar)
    1.55779e+03   -8.36822e+03    7.86730e+03    2.99056e+02   -4.63641e+02
   Constr. rmsd
    0.00000e+00

           Step           Time
        4300000     4300.00000

   Energies (kJ/mol)
        G96Bond       G96Angle    Proper Dih.  Improper Dih.          LJ-14
    2.60346e+01    3.23350e+01    1.15508e+01    4.36633e+00    3.47766e+01
     Coulomb-14        LJ (SR)   Coulomb (SR)   Coul. recip.      Potential
   -1.99446e+03    1.31253e+03   -9.46237e+03    2.06334e+01   -1.00146e+04
    Kinetic En.   Total Energy  Conserved En.    Temperature Pressure (bar)
    1.56500e+03   -8.44961e+03    7.92233e+03    3.00441e+02   -7.54743e+02
   Constr. rmsd
    0.00000e+00

           Step           Time
        4305000     4305.00000

   Energies (kJ/mol)
        G96Bond       G96Angle    Proper Dih.  Improper Dih.          LJ-14
    2.37930e+01    4.58954e+01    1.15928e+01    7.49408e+00    2.49363e+01
     Coulomb-14        LJ (SR)   Coulomb (SR)   Coul. recip.      Potential
   -1.97144e+03    1.29247e+03   -9.41207e+03    3.57946e+01   -9.94154e+03
    Kinetic En.   Total Energy  Conserved En.    Temperature Pressure (bar)
    1.56816e+03   -8.37338e+03    7.93298e+03    3.01048e+02   -1.83963e+03
   Constr. rmsd
    0.00000e+00

           Step           Time
        4310000     4310.00000

   Energies (kJ/mol)
        G96Bond       G96Angle    Proper Dih.  Improper Dih.          LJ-14
    1.71844e+01    4.20973e+01    5.62094e+00    9.31424e+00    3.04613e+01
     Coulomb-14        LJ (SR)   Coulomb (SR)   Coul. recip.      Potential
   -1.98565e+03    1.36531e+03   -9.50793e+03    3.37901e+01   -9.98980e+03
    Kinetic En.   Total Energy  Conserved En.    Temperature Pressure (bar)
    1.65001e+03   -8.33979e+03    7.92801e+03    3.16760e+02   -7.81253e+02
   Constr. rmsd
    0.00000e+00

           Step           Time
        4315000     4315.00000

   Energies (kJ/mol)
        G96Bond       G96Angle    Proper Dih.  Improper Dih.          LJ-14
    1.57002e+01    5.12011e+01    8.04708e+00    3.51936e+00    4.66801e+01
     Coulomb-14        LJ (SR)   Coulomb (SR)   Coul. recip.      Potential
   -2.00128e+03    1.30526e+03   -9.28035e+03    1.83313e+01   -9.83290e+03
    Kinetic En.   Total Energy  Conserved En.    Temperature Pressure (bar)
    1.49838e+03   -8.33452e+03    7.94128e+03    2.87651e+02   -7.50477e+01
   Constr. rmsd
    0.00000e+00

           Step           Time
        4320000     4320.00000

   Energies (kJ/mol)
        G96Bond       G96Angle    Proper Dih.  Improper Dih.          LJ-14
    1.85174e+01    4.47432e+01    6.23054e+00    6.33932e+00    2.80408e+01
     Coulomb-14        LJ (SR)   Coulomb (SR)   Coul. recip.      Potential
   -1.97973e+03    1.42376e+03   -9.54514e+03    2.60322e+01   -9.97120e+03
    Kinetic En.   Total Energy  Conserved En.    Temperature Pressure (bar)
    1.56929e+03   -8.40192e+03    7.93446e+03    3.01264e+02   -5.53429e+02
   Constr. rmsd
    0.00000e+00

           Step           Time
        4325000     4325.00000

   Energies (kJ/mol)
        G96Bond       G96Angle    Proper Dih.  Improper Dih.          LJ-14
    1.95437e+01    3.48325e+01    7.63537e+00    9.91489e+00    3.90583e+01
     Coulomb-14        LJ (SR)   Coulomb (SR)   Coul. recip.      Potential
   -1.99767e+03    1.28963e+03   -9.23667e+03    3.11787e+01   -9.80254e+03
    Kinetic En.   Total Energy  Conserved En.    Temperature Pressure (bar)
    1.50067e+03   -8.30187e+03    7.94883e+03    2.88092e+02   -2.88684e+02
   Constr. rmsd
    0.00000e+00

           Step           Time
        4330000     4330.00000

   Energies (kJ/mol)
        G96Bond       G96Angle    Proper Dih.  Improper Dih.          LJ-14
    1.20164e+01    3.96686e+01    6.11432e+00    9.11198e+00    2.95340e+01
     Coulomb-14        LJ (SR)   Coulomb (SR)   Coul. recip.      Potential
   -1.98146e+03    1.37352e+03   -9.43169e+03    2.58226e+01   -9.91736e+03
    Kinetic En.   Total Energy  Conserved En.    Temperature Pressure (bar)
    1.48717e+03   -8.43019e+03    7.98372e+03    2.85500e+02   -5.67210e+02
   Constr. rmsd
    0.00000e+00

           Step           Time
        4335000     4335.00000

   Energies (kJ/mol)
        G96Bond       G96Angle    Proper Dih.  Improper Dih.          LJ-14
    1.89359e+01    3.53662e+01    1.17028e+01    4.20502e+00    2.98823e+01
     Coulomb-14        LJ (SR)   Coulomb (SR)   Coul. recip.      Potential
   -1.98507e+03    1.51765e+03   -9.50060e+03    3.73396e+01   -9.83059e+03
    Kinetic En.   Total Energy  Conserved En.    Temperature Pressure (bar)
    1.44236e+03   -8.38823e+03    8.01996e+03    2.76898e+02    1.68323e+03
   Constr. rmsd
    0.00000e+00

           Step           Time
        4340000     4340.00000

   Energies (kJ/mol)
        G96Bond       G96Angle    Proper Dih.  Improper Dih.          LJ-14
    1.23994e+01    2.49899e+01    1.21926e+01    1.09238e+01    3.28739e+01
     Coulomb-14        LJ (SR)   Coulomb (SR)   Coul. recip.      Potential
   -1.98887e+03    1.37754e+03   -9.44727e+03    2.68458e+01   -9.93837e+03
    Kinetic En.   Total Energy  Conserved En.    Temperature Pressure (bar)
    1.60085e+03   -8.33752e+03    8.04312e+03    3.07324e+02   -3.75537e+02
   Constr. rmsd
    0.00000e+00

           Step           Time
        4345000     4345.00000

   Energies (kJ/mol)
        G96Bond       G96Angle    Proper Dih.  Improper Dih.          LJ-14
    1.79799e+01    3.23554e+01    2.20683e+01    1.16018e+01    2.44586e+01
     Coulomb-14        LJ (SR)   Coulomb (SR)   Coul. recip.      Potential
   -1.97572e+03    1.52689e+03   -9.49868e+03    2.23008e+01   -9.81675e+03
    Kinetic En.   Total Energy  Conserved En.    Temperature Pressure (bar)
    1.58259e+03   -8.23417e+03    8.05724e+03    3.03817e+02    1.51009e+03
   Constr. rmsd
    0.00000e+00

           Step           Time
        4350000     4350.00000

   Energies (kJ/mol)
        G96Bond       G96Angle    Proper Dih.  Improper Dih.          LJ-14
    1.66195e+01    3.65820e+01    7.03513e+00    1.87329e+00    2.57517e+01
     Coulomb-14        LJ (SR)   Coulomb (SR)   Coul. recip.      Potential
   -1.97850e+03    1.46531e+03   -9.57532e+03    2.13404e+01   -9.97931e+03
    Kinetic En.   Total Energy  Conserved En.    Temperature Pressure (bar)
    1.64333e+03   -8.33598e+03    8.08560e+03    3.15478e+02    2.61679e+02
   Constr. rmsd
    0.00000e+00

           Step           Time
        4355000     4355.00000

   Energies (kJ/mol)
        G96Bond       G96Angle    Proper Dih.  Improper Dih.          LJ-14
    1.81289e+01    3.66475e+01    6.69693e+00    1.65999e+01    2.78825e+01
     Coulomb-14        LJ (SR)   Coulomb (SR)   Coul. recip.      Potential
   -1.97567e+03    1.36983e+03   -9.41325e+03    3.37194e+01   -9.87942e+03
    Kinetic En.   Total Energy  Conserved En.    Temperature Pressure (bar)
    1.55695e+03   -8.32247e+03    8.09064e+03    2.98896e+02    8.21314e+01
   Constr. rmsd
    0.00000e+00

           Step           Time
        4360000     4360.00000

   Energies (kJ/mol)
        G96Bond       G96Angle    Proper Dih.  Improper Dih.          LJ-14
    2.80831e+01    4.10417e+01    3.95269e+00    1.53258e+01    4.85995e+01
     Coulomb-14        LJ (SR)   Coulomb (SR)   Coul. recip.      Potential
   -2.01785e+03    1.43927e+03   -9.50918e+03    1.95220e+01   -9.93122e+03
    Kinetic En.   Total Energy  Conserved En.    Temperature Pressure (bar)
    1.48774e+03   -8.44349e+03    8.15192e+03    2.85608e+02    1.13609e+03
   Constr. rmsd
    0.00000e+00

           Step           Time
        4365000     4365.00000

   Energies (kJ/mol)
        G96Bond       G96Angle    Proper Dih.  Improper Dih.          LJ-14
    1.99866e+01    4.53168e+01    1.84189e+01    1.09403e+00    4.35738e+01
     Coulomb-14        LJ (SR)   Coulomb (SR)   Coul. recip.      Potential
   -2.00001e+03    1.32912e+03   -9.46402e+03    2.27574e+01   -9.98376e+03
    Kinetic En.   Total Energy  Conserved En.    Temperature Pressure (bar)
    1.50202e+03   -8.48174e+03    8.14043e+03    2.88351e+02   -8.69254e+02
   Constr. rmsd
    0.00000e+00

           Step           Time
        4370000     4370.00000

   Energies (kJ/mol)
        G96Bond       G96Angle    Proper Dih.  Improper Dih.          LJ-14
    2.08656e+01    4.03932e+01    9.22916e+00    2.01260e+00    3.78147e+01
     Coulomb-14        LJ (SR)   Coulomb (SR)   Coul. recip.      Potential
   -1.98015e+03    1.32835e+03   -9.28219e+03    2.96162e+01   -9.79406e+03
    Kinetic En.   Total Energy  Conserved En.    Temperature Pressure (bar)
    1.56278e+03   -8.23128e+03    8.13357e+03    3.00016e+02   -8.14360e+02
   Constr. rmsd
    0.00000e+00

           Step           Time
        4375000     4375.00000

   Energies (kJ/mol)
        G96Bond       G96Angle    Proper Dih.  Improper Dih.          LJ-14
    4.40277e+01    3.70309e+01    1.29913e+01    3.95894e+00    3.97929e+01
     Coulomb-14        LJ (SR)   Coulomb (SR)   Coul. recip.      Potential
   -2.00315e+03    1.33365e+03   -9.19824e+03    4.16819e+01   -9.68825e+03
    Kinetic En.   Total Energy  Conserved En.    Temperature Pressure (bar)
    1.61682e+03   -8.07143e+03    8.14345e+03    3.10389e+02    3.12323e+02
   Constr. rmsd
    0.00000e+00

           Step           Time
        4380000     4380.00000

   Energies (kJ/mol)
        G96Bond       G96Angle    Proper Dih.  Improper Dih.          LJ-14
    3.12992e+01    4.33006e+01    7.35222e+00    6.18404e+00    4.28927e+01
     Coulomb-14        LJ (SR)   Coulomb (SR)   Coul. recip.      Potential
   -2.00475e+03    1.54336e+03   -9.50994e+03    3.45614e+01   -9.80574e+03
    Kinetic En.   Total Energy  Conserved En.    Temperature Pressure (bar)
    1.61651e+03   -8.18922e+03    8.15632e+03    3.10330e+02    1.46589e+03
   Constr. rmsd
    0.00000e+00

           Step           Time
        4385000     4385.00000

   Energies (kJ/mol)
        G96Bond       G96Angle    Proper Dih.  Improper Dih.          LJ-14
    2.21599e+01    3.69922e+01    8.88137e+00    1.41354e+01    3.00986e+01
     Coulomb-14        LJ (SR)   Coulomb (SR)   Coul. recip.      Potential
   -1.97805e+03    1.23495e+03   -9.20039e+03    2.82135e+01   -9.80301e+03
    Kinetic En.   Total Energy  Conserved En.    Temperature Pressure (bar)
    1.59317e+03   -8.20984e+03    8.14519e+03    3.05849e+02   -1.90601e+03
   Constr. rmsd
    0.00000e+00

           Step           Time
        4390000     4390.00000

   Energies (kJ/mol)
        G96Bond       G96Angle    Proper Dih.  Improper Dih.          LJ-14
    3.50096e+01    3.04509e+01    1.28086e+01    4.72692e+00    3.75811e+01
     Coulomb-14        LJ (SR)   Coulomb (SR)   Coul. recip.      Potential
   -1.98633e+03    1.28419e+03   -9.23580e+03    2.10081e+01   -9.79635e+03
    Kinetic En.   Total Energy  Conserved En.    Temperature Pressure (bar)
    1.59584e+03   -8.20052e+03    8.19583e+03    3.06361e+02   -6.82271e+02
   Constr. rmsd
    0.00000e+00

           Step           Time
        4395000     4395.00000

   Energies (kJ/mol)
        G96Bond       G96Angle    Proper Dih.  Improper Dih.          LJ-14
    1.05959e+01    5.27922e+01    1.00046e+01    1.64153e+01    3.02763e+01
     Coulomb-14        LJ (SR)   Coulomb (SR)   Coul. recip.      Potential
   -1.99456e+03    1.35234e+03   -9.34449e+03    2.25567e+01   -9.84406e+03
    Kinetic En.   Total Energy  Conserved En.    Temperature Pressure (bar)
    1.53389e+03   -8.31017e+03    8.22443e+03    2.94469e+02   -2.85319e+02
   Constr. rmsd
    0.00000e+00

           Step           Time
        4400000     4400.00000

   Energies (kJ/mol)
        G96Bond       G96Angle    Proper Dih.  Improper Dih.          LJ-14
    2.11909e+01    5.33485e+01    9.09685e+00    3.98475e+00    3.76429e+01
     Coulomb-14        LJ (SR)   Coulomb (SR)   Coul. recip.      Potential
   -2.00462e+03    1.38090e+03   -9.42231e+03    2.27493e+01   -9.89801e+03
    Kinetic En.   Total Energy  Conserved En.    Temperature Pressure (bar)
    1.59639e+03   -8.30162e+03    8.23135e+03    3.06468e+02    1.64473e+02
   Constr. rmsd
    0.00000e+00

           Step           Time
        4405000     4405.00000

   Energies (kJ/mol)
        G96Bond       G96Angle    Proper Dih.  Improper Dih.          LJ-14
    1.37292e+01    4.77190e+01    1.07113e+01    5.11906e+00    3.19684e+01
     Coulomb-14        LJ (SR)   Coulomb (SR)   Coul. recip.      Potential
   -1.98201e+03    1.18550e+03   -9.02014e+03    3.04395e+01   -9.67696e+03
    Kinetic En.   Total Energy  Conserved En.    Temperature Pressure (bar)
    1.57566e+03   -8.10130e+03    8.25211e+03    3.02488e+02   -6.24562e+02
   Constr. rmsd
    0.00000e+00

           Step           Time
        4410000     4410.00000

   Energies (kJ/mol)
        G96Bond       G96Angle    Proper Dih.  Improper Dih.          LJ-14
    8.80323e+00    4.61468e+01    1.22587e+01    8.85608e+00    3.35336e+01
     Coulomb-14        LJ (SR)   Coulomb (SR)   Coul. recip.      Potential
   -1.99298e+03    1.25303e+03   -9.18771e+03    2.70794e+01   -9.79099e+03
    Kinetic En.   Total Energy  Conserved En.    Temperature Pressure (bar)
    1.56917e+03   -8.22181e+03    8.22866e+03    3.01242e+02   -1.58151e+03
   Constr. rmsd
    0.00000e+00

           Step           Time
        4415000     4415.00000

   Energies (kJ/mol)
        G96Bond       G96Angle    Proper Dih.  Improper Dih.          LJ-14
    3.24770e+01    5.02206e+01    4.19135e+00    1.47222e+01    5.01532e+01
     Coulomb-14        LJ (SR)   Coulomb (SR)   Coul. recip.      Potential
   -2.01799e+03    1.23129e+03   -9.12050e+03    3.09489e+01   -9.72448e+03
    Kinetic En.   Total Energy  Conserved En.    Temperature Pressure (bar)
    1.45438e+03   -8.27010e+03    8.30641e+03    2.79205e+02   -7.24527e+02
   Constr. rmsd
    0.00000e+00

           Step           Time
        4420000     4420.00000

   Energies (kJ/mol)
        G96Bond       G96Angle    Proper Dih.  Improper Dih.          LJ-14
    1.48227e+01    4.00389e+01    7.11661e+00    3.36035e+00    3.66334e+01
     Coulomb-14        LJ (SR)   Coulomb (SR)   Coul. recip.      Potential
   -1.98883e+03    1.36543e+03   -9.44360e+03    2.82483e+01   -9.93678e+03
    Kinetic En.   Total Energy  Conserved En.    Temperature Pressure (bar)
    1.48329e+03   -8.45350e+03    8.29983e+03    2.84754e+02   -3.25318e+02
   Constr. rmsd
    0.00000e+00

           Step           Time
        4425000     4425.00000

   Energies (kJ/mol)
        G96Bond       G96Angle    Proper Dih.  Improper Dih.          LJ-14
    2.16319e+01    3.41106e+01    1.07698e+01    1.27930e+01    3.33463e+01
     Coulomb-14        LJ (SR)   Coulomb (SR)   Coul. recip.      Potential
   -1.99607e+03    1.31357e+03   -9.36808e+03    2.79342e+01   -9.91000e+03
    Kinetic En.   Total Energy  Conserved En.    Temperature Pressure (bar)
    1.51808e+03   -8.39192e+03    8.31015e+03    2.91434e+02    1.01476e+02
   Constr. rmsd
    0.00000e+00

           Step           Time
        4430000     4430.00000

   Energies (kJ/mol)
        G96Bond       G96Angle    Proper Dih.  Improper Dih.          LJ-14
    2.24329e+01    3.77327e+01    6.00399e+00    4.51534e+00    3.48449e+01
     Coulomb-14        LJ (SR)   Coulomb (SR)   Coul. recip.      Potential
   -1.98961e+03    1.39387e+03   -9.43538e+03    3.43820e+01   -9.89120e+03
    Kinetic En.   Total Energy  Conserved En.    Temperature Pressure (bar)
    1.50471e+03   -8.38650e+03    8.33543e+03    2.88866e+02    2.51348e+02
   Constr. rmsd
    0.00000e+00

           Step           Time
        4435000     4435.00000

   Energies (kJ/mol)
        G96Bond       G96Angle    Proper Dih.  Improper Dih.          LJ-14
    2.74870e+01    3.91878e+01    5.71218e+00    6.08066e+00    3.46821e+01
     Coulomb-14        LJ (SR)   Coulomb (SR)   Coul. recip.      Potential
   -1.99767e+03    1.57585e+03   -9.62553e+03    3.20565e+01   -9.90215e+03
    Kinetic En.   Total Energy  Conserved En.    Temperature Pressure (bar)
    1.58029e+03   -8.32186e+03    8.35249e+03    3.03376e+02    2.40382e+03
   Constr. rmsd
    0.00000e+00

           Step           Time
        4440000     4440.00000

   Energies (kJ/mol)
        G96Bond       G96Angle    Proper Dih.  Improper Dih.          LJ-14
    1.92289e+01    5.16172e+01    6.78880e+00    7.59500e+00    3.56758e+01
     Coulomb-14        LJ (SR)   Coulomb (SR)   Coul. recip.      Potential
   -2.00278e+03    1.44154e+03   -9.53623e+03    2.91000e+01   -9.94746e+03
    Kinetic En.   Total Energy  Conserved En.    Temperature Pressure (bar)
    1.54989e+03   -8.39758e+03    8.37824e+03    2.97539e+02    5.77999e+02
   Constr. rmsd
    0.00000e+00

           Step           Time
        4445000     4445.00000

   Energies (kJ/mol)
        G96Bond       G96Angle    Proper Dih.  Improper Dih.          LJ-14
    2.24972e+01    3.46162e+01    6.55799e+00    7.91830e+00    4.08866e+01
     Coulomb-14        LJ (SR)   Coulomb (SR)   Coul. recip.      Potential
   -2.00507e+03    1.37830e+03   -9.51451e+03    2.46742e+01   -1.00041e+04
    Kinetic En.   Total Energy  Conserved En.    Temperature Pressure (bar)
    1.51674e+03   -8.48740e+03    8.40278e+03    2.91176e+02    4.68755e+02
   Constr. rmsd
    0.00000e+00

           Step           Time
        4450000     4450.00000

   Energies (kJ/mol)
        G96Bond       G96Angle    Proper Dih.  Improper Dih.          LJ-14
    1.77433e+01    3.90382e+01    6.16030e+00    1.24570e+01    3.30319e+01
     Coulomb-14        LJ (SR)   Coulomb (SR)   Coul. recip.      Potential
   -1.99823e+03    1.33262e+03   -9.41735e+03    2.32871e+01   -9.95124e+03
    Kinetic En.   Total Energy  Conserved En.    Temperature Pressure (bar)
    1.60391e+03   -8.34733e+03    8.41700e+03    3.07911e+02    1.86314e+02
   Constr. rmsd
    0.00000e+00

           Step           Time
        4455000     4455.00000

   Energies (kJ/mol)
        G96Bond       G96Angle    Proper Dih.  Improper Dih.          LJ-14
    1.37689e+01    3.37095e+01    3.72192e+00    7.63258e+00    3.60826e+01
     Coulomb-14        LJ (SR)   Coulomb (SR)   Coul. recip.      Potential
   -1.99270e+03    1.22698e+03   -9.32624e+03    2.78303e+01   -9.96921e+03
    Kinetic En.   Total Energy  Conserved En.    Temperature Pressure (bar)
    1.59762e+03   -8.37159e+03    8.40962e+03    3.06704e+02   -1.73865e+03
   Constr. rmsd
    0.00000e+00

           Step           Time
        4460000     4460.00000

   Energies (kJ/mol)
        G96Bond       G96Angle    Proper Dih.  Improper Dih.          LJ-14
    1.27953e+01    4.37984e+01    9.09345e+00    8.74304e+00    3.80510e+01
     Coulomb-14        LJ (SR)   Coulomb (SR)   Coul. recip.      Potential
   -1.98210e+03    1.27951e+03   -9.25377e+03    2.69973e+01   -9.81688e+03
    Kinetic En.   Total Energy  Conserved En.    Temperature Pressure (bar)
    1.66161e+03   -8.15527e+03    8.43980e+03    3.18987e+02   -8.54047e+02
   Constr. rmsd
    0.00000e+00

           Step           Time
        4465000     4465.00000

   Energies (kJ/mol)
        G96Bond       G96Angle    Proper Dih.  Improper Dih.          LJ-14
    1.47808e+01    3.69150e+01    4.69407e+00    1.05704e+01    3.18666e+01
     Coulomb-14        LJ (SR)   Coulomb (SR)   Coul. recip.      Potential
   -1.98935e+03    1.36849e+03   -9.40774e+03    2.65546e+01   -9.90322e+03
    Kinetic En.   Total Energy  Conserved En.    Temperature Pressure (bar)
    1.52254e+03   -8.38067e+03    8.45287e+03    2.92290e+02   -2.86114e+02
   Constr. rmsd
    0.00000e+00

           Step           Time
        4470000     4470.00000

   Energies (kJ/mol)
        G96Bond       G96Angle    Proper Dih.  Improper Dih.          LJ-14
    2.26754e+01    4.28286e+01    4.62570e+00    5.18769e+00    4.18607e+01
     Coulomb-14        LJ (SR)   Coulomb (SR)   Coul. recip.      Potential
   -1.98780e+03    1.35853e+03   -9.40467e+03    3.75495e+01   -9.87922e+03
    Kinetic En.   Total Energy  Conserved En.    Temperature Pressure (bar)
    1.53611e+03   -8.34312e+03    8.47487e+03    2.94894e+02   -4.42731e+02
   Constr. rmsd
    0.00000e+00

           Step           Time
        4475000     4475.00000

   Energies (kJ/mol)
        G96Bond       G96Angle    Proper Dih.  Improper Dih.          LJ-14
    1.84372e+01    4.39884e+01    1.11199e+01    1.49481e+01    3.11653e+01
     Coulomb-14        LJ (SR)   Coulomb (SR)   Coul. recip.      Potential
   -1.97224e+03    1.41325e+03   -9.47221e+03    2.65860e+01   -9.88496e+03
    Kinetic En.   Total Energy  Conserved En.    Temperature Pressure (bar)
    1.62852e+03   -8.25644e+03    8.46583e+03    3.12636e+02   -6.39990e+02
   Constr. rmsd
    0.00000e+00

           Step           Time
        4480000     4480.00000

   Energies (kJ/mol)
        G96Bond       G96Angle    Proper Dih.  Improper Dih.          LJ-14
    1.47356e+01    6.98700e+01    9.71889e+00    5.24898e+00    3.72258e+01
     Coulomb-14        LJ (SR)   Coulomb (SR)   Coul. recip.      Potential
   -1.99539e+03    1.26599e+03   -9.31081e+03    3.00058e+01   -9.87341e+03
    Kinetic En.   Total Energy  Conserved En.    Temperature Pressure (bar)
    1.61212e+03   -8.26129e+03    8.54008e+03    3.09486e+02   -4.83451e+01
   Constr. rmsd
    0.00000e+00

           Step           Time
        4485000     4485.00000

   Energies (kJ/mol)
        G96Bond       G96Angle    Proper Dih.  Improper Dih.          LJ-14
    2.47386e+01    3.26620e+01    1.15420e+01    7.12338e+00    3.11731e+01
     Coulomb-14        LJ (SR)   Coulomb (SR)   Coul. recip.      Potential
   -1.98498e+03    1.42481e+03   -9.51503e+03    2.86745e+01   -9.93929e+03
    Kinetic En.   Total Energy  Conserved En.    Temperature Pressure (bar)
    1.56394e+03   -8.37535e+03    8.54096e+03    3.00238e+02    1.78497e+02
   Constr. rmsd
    0.00000e+00

           Step           Time
        4490000     4490.00000

   Energies (kJ/mol)
        G96Bond       G96Angle    Proper Dih.  Improper Dih.          LJ-14
    2.23127e+01    4.70030e+01    5.56859e+00    9.21975e+00    3.01976e+01
     Coulomb-14        LJ (SR)   Coulomb (SR)   Coul. recip.      Potential
   -1.99296e+03    1.47938e+03   -9.48334e+03    2.13526e+01   -9.86127e+03
    Kinetic En.   Total Energy  Conserved En.    Temperature Pressure (bar)
    1.54229e+03   -8.31898e+03    8.52920e+03    2.96080e+02    9.91266e+02
   Constr. rmsd
    0.00000e+00

           Step           Time
        4495000     4495.00000

   Energies (kJ/mol)
        G96Bond       G96Angle    Proper Dih.  Improper Dih.          LJ-14
    2.64690e+01    4.30384e+01    8.93008e+00    2.70726e+00    3.30038e+01
     Coulomb-14        LJ (SR)   Coulomb (SR)   Coul. recip.      Potential
   -1.98876e+03    1.42245e+03   -9.39831e+03    2.58305e+01   -9.82465e+03
    Kinetic En.   Total Energy  Conserved En.    Temperature Pressure (bar)
    1.52194e+03   -8.30271e+03    8.55488e+03    2.92174e+02    7.34669e+02
   Constr. rmsd
    0.00000e+00

           Step           Time
        4500000     4500.00000

   Energies (kJ/mol)
        G96Bond       G96Angle    Proper Dih.  Improper Dih.          LJ-14
    3.54496e+01    4.08681e+01    8.83496e+00    6.44666e+00    3.17325e+01
     Coulomb-14        LJ (SR)   Coulomb (SR)   Coul. recip.      Potential
   -1.99724e+03    1.14874e+03   -9.12517e+03    2.55416e+01   -9.82479e+03
    Kinetic En.   Total Energy  Conserved En.    Temperature Pressure (bar)
    1.55426e+03   -8.27054e+03    8.56493e+03    2.98379e+02   -6.73407e+02
   Constr. rmsd
    0.00000e+00

           Step           Time
        4505000     4505.00000

   Energies (kJ/mol)
        G96Bond       G96Angle    Proper Dih.  Improper Dih.          LJ-14
    1.65822e+01    7.18291e+01    1.44985e+01    2.61085e+01    2.87240e+01
     Coulomb-14        LJ (SR)   Coulomb (SR)   Coul. recip.      Potential
   -1.99268e+03    1.47221e+03   -9.49056e+03    3.22497e+01   -9.82104e+03
    Kinetic En.   Total Energy  Conserved En.    Temperature Pressure (bar)
    1.62779e+03   -8.19324e+03    8.61416e+03    3.12496e+02    1.01955e+03
   Constr. rmsd
    0.00000e+00

           Step           Time
        4510000     4510.00000

   Energies (kJ/mol)
        G96Bond       G96Angle    Proper Dih.  Improper Dih.          LJ-14
    2.12565e+01    4.89230e+01    1.43616e+01    7.02040e+00    4.93374e+01
     Coulomb-14        LJ (SR)   Coulomb (SR)   Coul. recip.      Potential
   -2.01561e+03    1.27090e+03   -9.26204e+03    3.03351e+01   -9.83552e+03
    Kinetic En.   Total Energy  Conserved En.    Temperature Pressure (bar)
    1.64574e+03   -8.18978e+03    8.57728e+03    3.15941e+02    3.96158e+01
   Constr. rmsd
    0.00000e+00

           Step           Time
        4515000     4515.00000

   Energies (kJ/mol)
        G96Bond       G96Angle    Proper Dih.  Improper Dih.          LJ-14
    2.48735e+01    5.84049e+01    8.16808e+00    2.54803e+00    3.45578e+01
     Coulomb-14        LJ (SR)   Coulomb (SR)   Coul. recip.      Potential
   -1.99278e+03    1.33011e+03   -9.13831e+03    2.92085e+01   -9.64322e+03
    Kinetic En.   Total Energy  Conserved En.    Temperature Pressure (bar)
    1.55434e+03   -8.08888e+03    8.60181e+03    2.98394e+02    9.46955e+02
   Constr. rmsd
    0.00000e+00

           Step           Time
        4520000     4520.00000

   Energies (kJ/mol)
        G96Bond       G96Angle    Proper Dih.  Improper Dih.          LJ-14
    1.51401e+01    3.68673e+01    1.34891e+01    7.67017e-01    2.81267e+01
     Coulomb-14        LJ (SR)   Coulomb (SR)   Coul. recip.      Potential
   -1.97467e+03    1.25312e+03   -9.27521e+03    3.49087e+01   -9.86746e+03
    Kinetic En.   Total Energy  Conserved En.    Temperature Pressure (bar)
    1.60608e+03   -8.26138e+03    8.59545e+03    3.08327e+02   -1.48147e+03
   Constr. rmsd
    0.00000e+00

           Step           Time
        4525000     4525.00000

   Energies (kJ/mol)
        G96Bond       G96Angle    Proper Dih.  Improper Dih.          LJ-14
    1.20529e+01    5.22879e+01    2.41991e+01    2.52439e+01    3.50591e+01
     Coulomb-14        LJ (SR)   Coulomb (SR)   Coul. recip.      Potential
   -1.99175e+03    1.27995e+03   -9.21463e+03    2.74443e+01   -9.75015e+03
    Kinetic En.   Total Energy  Conserved En.    Temperature Pressure (bar)
    1.53846e+03   -8.21169e+03    8.61993e+03    2.95345e+02   -9.45168e+02
   Constr. rmsd
    0.00000e+00

           Step           Time
        4530000     4530.00000

   Energies (kJ/mol)
        G96Bond       G96Angle    Proper Dih.  Improper Dih.          LJ-14
    3.08141e+01    5.02004e+01    1.78982e+01    1.29051e+01    3.54482e+01
     Coulomb-14        LJ (SR)   Coulomb (SR)   Coul. recip.      Potential
   -2.00805e+03    1.53315e+03   -9.75715e+03    2.54172e+01   -1.00594e+04
    Kinetic En.   Total Energy  Conserved En.    Temperature Pressure (bar)
    1.51088e+03   -8.54849e+03    8.67384e+03    2.90051e+02    1.35550e+03
   Constr. rmsd
    0.00000e+00

           Step           Time
        4535000     4535.00000

   Energies (kJ/mol)
        G96Bond       G96Angle    Proper Dih.  Improper Dih.          LJ-14
    2.11305e+01    3.27965e+01    1.40260e+01    9.45184e-01    2.59562e+01
     Coulomb-14        LJ (SR)   Coulomb (SR)   Coul. recip.      Potential
   -1.96565e+03    1.31978e+03   -9.36154e+03    2.53684e+01   -9.88718e+03
    Kinetic En.   Total Energy  Conserved En.    Temperature Pressure (bar)
    1.54391e+03   -8.34327e+03    8.70200e+03    2.96393e+02   -7.34241e+02
   Constr. rmsd
    0.00000e+00

           Step           Time
        4540000     4540.00000

   Energies (kJ/mol)
        G96Bond       G96Angle    Proper Dih.  Improper Dih.          LJ-14
    8.03766e+00    4.68607e+01    7.88985e+00    6.09230e+00    3.25137e+01
     Coulomb-14        LJ (SR)   Coulomb (SR)   Coul. recip.      Potential
   -1.99057e+03    1.48054e+03   -9.63636e+03    2.64300e+01   -1.00186e+04
    Kinetic En.   Total Energy  Conserved En.    Temperature Pressure (bar)
    1.60859e+03   -8.40997e+03    8.69972e+03    3.08809e+02    2.80327e+02
   Constr. rmsd
    0.00000e+00

           Step           Time
        4545000     4545.00000

   Energies (kJ/mol)
        G96Bond       G96Angle    Proper Dih.  Improper Dih.          LJ-14
    1.35798e+01    5.22067e+01    2.09743e+01    1.33522e+01    3.56232e+01
     Coulomb-14        LJ (SR)   Coulomb (SR)   Coul. recip.      Potential
   -1.99981e+03    1.25595e+03   -9.18947e+03    3.01878e+01   -9.76741e+03
    Kinetic En.   Total Energy  Conserved En.    Temperature Pressure (bar)
    1.58123e+03   -8.18617e+03    8.71978e+03    3.03558e+02   -1.11859e+02
   Constr. rmsd
    0.00000e+00

           Step           Time
        4550000     4550.00000

   Energies (kJ/mol)
        G96Bond       G96Angle    Proper Dih.  Improper Dih.          LJ-14
    1.68394e+01    2.89725e+01    7.56389e+00    3.98403e+00    3.68573e+01
     Coulomb-14        LJ (SR)   Coulomb (SR)   Coul. recip.      Potential
   -1.98819e+03    1.40533e+03   -9.51384e+03    2.65735e+01   -9.97590e+03
    Kinetic En.   Total Energy  Conserved En.    Temperature Pressure (bar)
    1.51654e+03   -8.45936e+03    8.70903e+03    2.91138e+02   -2.01171e+01
   Constr. rmsd
    0.00000e+00

           Step           Time
        4555000     4555.00000

   Energies (kJ/mol)
        G96Bond       G96Angle    Proper Dih.  Improper Dih.          LJ-14
    2.72323e+01    2.84221e+01    1.65515e+01    6.40701e+00    3.87982e+01
     Coulomb-14        LJ (SR)   Coulomb (SR)   Coul. recip.      Potential
   -2.00341e+03    1.44832e+03   -9.41289e+03    2.11227e+01   -9.82945e+03
    Kinetic En.   Total Energy  Conserved En.    Temperature Pressure (bar)
    1.47641e+03   -8.35304e+03    8.74086e+03    2.83434e+02    9.31810e+02
   Constr. rmsd
    0.00000e+00

           Step           Time
        4560000     4560.00000

   Energies (kJ/mol)
        G96Bond       G96Angle    Proper Dih.  Improper Dih.          LJ-14
    1.48539e+01    3.47371e+01    4.18955e+00    6.56429e+00    2.82484e+01
     Coulomb-14        LJ (SR)   Coulomb (SR)   Coul. recip.      Potential
   -1.98482e+03    1.40506e+03   -9.34831e+03    1.99452e+01   -9.81953e+03
    Kinetic En.   Total Energy  Conserved En.    Temperature Pressure (bar)
    1.52663e+03   -8.29290e+03    8.78220e+03    2.93075e+02    1.34371e+02
   Constr. rmsd
    0.00000e+00

           Step           Time
        4565000     4565.00000

   Energies (kJ/mol)
        G96Bond       G96Angle    Proper Dih.  Improper Dih.          LJ-14
    7.32042e+00    3.11118e+01    3.51149e+00    4.04803e+00    2.86834e+01
     Coulomb-14        LJ (SR)   Coulomb (SR)   Coul. recip.      Potential
   -1.97685e+03    1.25808e+03   -9.21399e+03    3.51025e+01   -9.82298e+03
    Kinetic En.   Total Energy  Conserved En.    Temperature Pressure (bar)
    1.54588e+03   -8.27711e+03    8.76434e+03    2.96770e+02   -1.65365e+03
   Constr. rmsd
    0.00000e+00

           Step           Time
        4570000     4570.00000

   Energies (kJ/mol)
        G96Bond       G96Angle    Proper Dih.  Improper Dih.          LJ-14
    1.76416e+01    3.81508e+01    6.23198e+00    5.66111e+00    4.19461e+01
     Coulomb-14        LJ (SR)   Coulomb (SR)   Coul. recip.      Potential
   -1.99845e+03    1.32537e+03   -9.11327e+03    3.08876e+01   -9.64583e+03
    Kinetic En.   Total Energy  Conserved En.    Temperature Pressure (bar)
    1.58216e+03   -8.06368e+03    8.82472e+03    3.03735e+02    1.10663e+03
   Constr. rmsd
    0.00000e+00

           Step           Time
        4575000     4575.00000

   Energies (kJ/mol)
        G96Bond       G96Angle    Proper Dih.  Improper Dih.          LJ-14
    2.79750e+01    5.05491e+01    5.01370e+00    4.42075e+00    3.97667e+01
     Coulomb-14        LJ (SR)   Coulomb (SR)   Coul. recip.      Potential
   -1.98905e+03    1.41897e+03   -9.28610e+03    2.43432e+01   -9.70412e+03
    Kinetic En.   Total Energy  Conserved En.    Temperature Pressure (bar)
    1.58600e+03   -8.11812e+03    8.83104e+03    3.04473e+02    1.37691e+03
   Constr. rmsd
    0.00000e+00

           Step           Time
        4580000     4580.00000

   Energies (kJ/mol)
        G96Bond       G96Angle    Proper Dih.  Improper Dih.          LJ-14
    1.24889e+01    3.29309e+01    7.57324e+00    9.36395e+00    4.46587e+01
     Coulomb-14        LJ (SR)   Coulomb (SR)   Coul. recip.      Potential
   -1.99579e+03    1.41902e+03   -9.50693e+03    3.00888e+01   -9.94660e+03
    Kinetic En.   Total Energy  Conserved En.    Temperature Pressure (bar)
    1.58879e+03   -8.35781e+03    8.87112e+03    3.05008e+02    7.22454e+02
   Constr. rmsd
    0.00000e+00

           Step           Time
        4585000     4585.00000

   Energies (kJ/mol)
        G96Bond       G96Angle    Proper Dih.  Improper Dih.          LJ-14
    1.59354e+01    5.44419e+01    1.02337e+01    1.44505e+01    3.06127e+01
     Coulomb-14        LJ (SR)   Coulomb (SR)   Coul. recip.      Potential
   -1.98946e+03    1.47935e+03   -9.56628e+03    2.25873e+01   -9.92813e+03
    Kinetic En.   Total Energy  Conserved En.    Temperature Pressure (bar)
    1.55909e+03   -8.36903e+03    8.86105e+03    2.99307e+02    5.72780e+02
   Constr. rmsd
    0.00000e+00

           Step           Time
        4590000     4590.00000

   Energies (kJ/mol)
        G96Bond       G96Angle    Proper Dih.  Improper Dih.          LJ-14
    3.27438e+01    3.96895e+01    1.41175e+01    1.02448e+01    4.07263e+01
     Coulomb-14        LJ (SR)   Coulomb (SR)   Coul. recip.      Potential
   -2.00412e+03    1.27979e+03   -9.21318e+03    2.44036e+01   -9.77558e+03
    Kinetic En.   Total Energy  Conserved En.    Temperature Pressure (bar)
    1.60318e+03   -8.17240e+03    8.88176e+03    3.07771e+02    4.06933e+02
   Constr. rmsd
    0.00000e+00

           Step           Time
        4595000     4595.00000

   Energies (kJ/mol)
        G96Bond       G96Angle    Proper Dih.  Improper Dih.          LJ-14
    1.36925e+01    3.88731e+01    8.99295e+00    7.40830e+00    3.59834e+01
     Coulomb-14        LJ (SR)   Coulomb (SR)   Coul. recip.      Potential
   -1.99147e+03    1.52898e+03   -9.54951e+03    2.56029e+01   -9.88145e+03
    Kinetic En.   Total Energy  Conserved En.    Temperature Pressure (bar)
    1.59582e+03   -8.28563e+03    8.90539e+03    3.06357e+02    1.19757e+03
   Constr. rmsd
    0.00000e+00

           Step           Time
        4600000     4600.00000

   Energies (kJ/mol)
        G96Bond       G96Angle    Proper Dih.  Improper Dih.          LJ-14
    1.56269e+01    3.39661e+01    1.03322e+01    2.83801e+01    2.93062e+01
     Coulomb-14        LJ (SR)   Coulomb (SR)   Coul. recip.      Potential
   -1.98406e+03    1.36023e+03   -9.50476e+03    2.65841e+01   -9.98440e+03
    Kinetic En.   Total Energy  Conserved En.    Temperature Pressure (bar)
    1.50203e+03   -8.48237e+03    8.88395e+03    2.88351e+02   -7.27724e+02
   Constr. rmsd
    0.00000e+00

           Step           Time
        4605000     4605.00000

   Energies (kJ/mol)
        G96Bond       G96Angle    Proper Dih.  Improper Dih.          LJ-14
    3.29933e+01    3.87138e+01    5.45769e+00    1.07192e+01    4.80640e+01
     Coulomb-14        LJ (SR)   Coulomb (SR)   Coul. recip.      Potential
   -2.02039e+03    1.29677e+03   -9.33867e+03    3.70046e+01   -9.88933e+03
    Kinetic En.   Total Energy  Conserved En.    Temperature Pressure (bar)
    1.60432e+03   -8.28501e+03    8.88381e+03    3.07989e+02    1.30672e+02
   Constr. rmsd
    0.00000e+00

           Step           Time
        4610000     4610.00000

   Energies (kJ/mol)
        G96Bond       G96Angle    Proper Dih.  Improper Dih.          LJ-14
    1.24781e+01    5.91470e+01    1.18632e+01    1.85224e+01    3.55962e+01
     Coulomb-14        LJ (SR)   Coulomb (SR)   Coul. recip.      Potential
   -2.00756e+03    1.48095e+03   -9.39901e+03    3.04023e+01   -9.75761e+03
    Kinetic En.   Total Energy  Conserved En.    Temperature Pressure (bar)
    1.55952e+03   -8.19809e+03    8.92176e+03    2.99389e+02    8.91889e+02
   Constr. rmsd
    0.00000e+00

           Step           Time
        4615000     4615.00000

   Energies (kJ/mol)
        G96Bond       G96Angle    Proper Dih.  Improper Dih.          LJ-14
    1.49588e+01    6.26605e+01    3.65345e+00    3.05084e+00    3.92207e+01
     Coulomb-14        LJ (SR)   Coulomb (SR)   Coul. recip.      Potential
   -1.99012e+03    1.39014e+03   -9.45780e+03    2.55466e+01   -9.90869e+03
    Kinetic En.   Total Energy  Conserved En.    Temperature Pressure (bar)
    1.51360e+03   -8.39509e+03    8.96053e+03    2.90573e+02   -2.83829e+01
   Constr. rmsd
    0.00000e+00

           Step           Time
        4620000     4620.00000

   Energies (kJ/mol)
        G96Bond       G96Angle    Proper Dih.  Improper Dih.          LJ-14
    3.15223e+01    3.50738e+01    1.13635e+01    6.00927e+00    3.53736e+01
     Coulomb-14        LJ (SR)   Coulomb (SR)   Coul. recip.      Potential
   -1.99619e+03    1.34807e+03   -9.45083e+03    2.88373e+01   -9.95077e+03
    Kinetic En.   Total Energy  Conserved En.    Temperature Pressure (bar)
    1.58012e+03   -8.37065e+03    8.95423e+03    3.03344e+02    2.92474e+02
   Constr. rmsd
    0.00000e+00

           Step           Time
        4625000     4625.00000

   Energies (kJ/mol)
        G96Bond       G96Angle    Proper Dih.  Improper Dih.          LJ-14
    1.84267e+01    3.76822e+01    5.92268e+00    6.52794e+00    2.82871e+01
     Coulomb-14        LJ (SR)   Coulomb (SR)   Coul. recip.      Potential
   -1.98214e+03    1.31848e+03   -9.28600e+03    2.84541e+01   -9.82435e+03
    Kinetic En.   Total Energy  Conserved En.    Temperature Pressure (bar)
    1.63516e+03   -8.18919e+03    8.99319e+03    3.13909e+02   -7.02508e+02
   Constr. rmsd
    0.00000e+00

           Step           Time
        4630000     4630.00000

   Energies (kJ/mol)
        G96Bond       G96Angle    Proper Dih.  Improper Dih.          LJ-14
    2.15386e+01    2.52531e+01    1.12785e+01    8.06373e+00    2.92163e+01
     Coulomb-14        LJ (SR)   Coulomb (SR)   Coul. recip.      Potential
   -1.97808e+03    1.40819e+03   -9.50694e+03    2.20043e+01   -9.95949e+03
    Kinetic En.   Total Energy  Conserved En.    Temperature Pressure (bar)
    1.63105e+03   -8.32844e+03    9.02956e+03    3.13121e+02    8.15741e+01
   Constr. rmsd
    0.00000e+00

           Step           Time
        4635000     4635.00000

   Energies (kJ/mol)
        G96Bond       G96Angle    Proper Dih.  Improper Dih.          LJ-14
    1.55277e+01    5.32501e+01    8.88385e+00    2.61855e+01    3.57402e+01
     Coulomb-14        LJ (SR)   Coulomb (SR)   Coul. recip.      Potential
   -2.01089e+03    1.27509e+03   -9.13667e+03    3.45322e+01   -9.69836e+03
    Kinetic En.   Total Energy  Conserved En.    Temperature Pressure (bar)
    1.55048e+03   -8.14788e+03    9.03552e+03    2.97653e+02    4.00571e+02
   Constr. rmsd
    0.00000e+00

           Step           Time
        4640000     4640.00000

   Energies (kJ/mol)
        G96Bond       G96Angle    Proper Dih.  Improper Dih.          LJ-14
    2.97093e+01    4.14000e+01    8.20632e+00    1.03149e+01    3.17738e+01
     Coulomb-14        LJ (SR)   Coulomb (SR)   Coul. recip.      Potential
   -1.99456e+03    1.41585e+03   -9.34040e+03    3.59282e+01   -9.76179e+03
    Kinetic En.   Total Energy  Conserved En.    Temperature Pressure (bar)
    1.64251e+03   -8.11928e+03    9.07185e+03    3.15321e+02    1.72744e+03
   Constr. rmsd
    0.00000e+00

           Step           Time
        4645000     4645.00000

   Energies (kJ/mol)
        G96Bond       G96Angle    Proper Dih.  Improper Dih.          LJ-14
    1.96907e+01    5.04596e+01    1.30600e+01    2.17003e+00    3.50042e+01
     Coulomb-14        LJ (SR)   Coulomb (SR)   Coul. recip.      Potential
   -1.99294e+03    1.40994e+03   -9.36409e+03    2.65642e+01   -9.80015e+03
    Kinetic En.   Total Energy  Conserved En.    Temperature Pressure (bar)
    1.57287e+03   -8.22729e+03    9.08295e+03    3.01951e+02    1.03632e+03
   Constr. rmsd
    0.00000e+00

           Step           Time
        4650000     4650.00000

   Energies (kJ/mol)
        G96Bond       G96Angle    Proper Dih.  Improper Dih.          LJ-14
    2.74038e+01    3.33757e+01    2.97977e+01    7.80993e+00    3.65477e+01
     Coulomb-14        LJ (SR)   Coulomb (SR)   Coul. recip.      Potential
   -2.00688e+03    1.35699e+03   -9.47665e+03    3.83503e+01   -9.95325e+03
    Kinetic En.   Total Energy  Conserved En.    Temperature Pressure (bar)
    1.62525e+03   -8.32800e+03    9.12207e+03    3.12007e+02    8.48869e+02
   Constr. rmsd
    0.00000e+00

           Step           Time
        4655000     4655.00000

   Energies (kJ/mol)
        G96Bond       G96Angle    Proper Dih.  Improper Dih.          LJ-14
    1.69531e+01    2.90097e+01    9.67891e+00    1.14438e+01    3.25260e+01
     Coulomb-14        LJ (SR)   Coulomb (SR)   Coul. recip.      Potential
   -1.99233e+03    1.34979e+03   -9.39152e+03    2.24427e+01   -9.91200e+03
    Kinetic En.   Total Energy  Conserved En.    Temperature Pressure (bar)
    1.60320e+03   -8.30880e+03    9.16106e+03    3.07774e+02    3.92529e+02
   Constr. rmsd
    0.00000e+00

           Step           Time
        4660000     4660.00000

   Energies (kJ/mol)
        G96Bond       G96Angle    Proper Dih.  Improper Dih.          LJ-14
    1.35647e+01    5.56677e+01    4.07554e+00    1.48633e+01    4.48303e+01
     Coulomb-14        LJ (SR)   Coulomb (SR)   Coul. recip.      Potential
   -1.99748e+03    1.29580e+03   -9.31207e+03    2.76430e+01   -9.85311e+03
    Kinetic En.   Total Energy  Conserved En.    Temperature Pressure (bar)
    1.47380e+03   -8.37931e+03    9.14131e+03    2.82933e+02   -7.67604e+02
   Constr. rmsd
    0.00000e+00

           Step           Time
        4665000     4665.00000

   Energies (kJ/mol)
        G96Bond       G96Angle    Proper Dih.  Improper Dih.          LJ-14
    3.48880e+01    3.98302e+01    4.57125e+00    7.80598e+00    3.53673e+01
     Coulomb-14        LJ (SR)   Coulomb (SR)   Coul. recip.      Potential
   -1.98626e+03    1.28432e+03   -9.29915e+03    3.90519e+01   -9.83957e+03
    Kinetic En.   Total Energy  Conserved En.    Temperature Pressure (bar)
    1.66643e+03   -8.17314e+03    9.13778e+03    3.19912e+02   -5.53728e+02
   Constr. rmsd
    0.00000e+00

           Step           Time
        4670000     4670.00000

   Energies (kJ/mol)
        G96Bond       G96Angle    Proper Dih.  Improper Dih.          LJ-14
    1.44202e+01    3.48082e+01    3.40498e+00    1.73905e+01    2.44915e+01
     Coulomb-14        LJ (SR)   Coulomb (SR)   Coul. recip.      Potential
   -1.97600e+03    1.22062e+03   -9.21140e+03    2.26378e+01   -9.84963e+03
    Kinetic En.   Total Energy  Conserved En.    Temperature Pressure (bar)
    1.50933e+03   -8.34030e+03    9.17426e+03    2.89753e+02   -1.61172e+03
   Constr. rmsd
    0.00000e+00

           Step           Time
        4675000     4675.00000

   Energies (kJ/mol)
        G96Bond       G96Angle    Proper Dih.  Improper Dih.          LJ-14
    1.62778e+01    3.69817e+01    5.35959e+00    8.25544e+00    4.02502e+01
     Coulomb-14        LJ (SR)   Coulomb (SR)   Coul. recip.      Potential
   -2.00155e+03    1.50937e+03   -9.53702e+03    2.99749e+01   -9.89209e+03
    Kinetic En.   Total Energy  Conserved En.    Temperature Pressure (bar)
    1.67697e+03   -8.21512e+03    9.22196e+03    3.21937e+02    2.31333e+03
   Constr. rmsd
    0.00000e+00

           Step           Time
        4680000     4680.00000

   Energies (kJ/mol)
        G96Bond       G96Angle    Proper Dih.  Improper Dih.          LJ-14
    1.35583e+01    5.38892e+01    5.20635e+00    1.35112e+01    3.67416e+01
     Coulomb-14        LJ (SR)   Coulomb (SR)   Coul. recip.      Potential
   -1.99604e+03    1.47868e+03   -9.52271e+03    2.76300e+01   -9.88954e+03
    Kinetic En.   Total Energy  Conserved En.    Temperature Pressure (bar)
    1.59900e+03   -8.29054e+03    9.25976e+03    3.06967e+02    1.20043e+03
   Constr. rmsd
    0.00000e+00

           Step           Time
        4685000     4685.00000

   Energies (kJ/mol)
        G96Bond       G96Angle    Proper Dih.  Improper Dih.          LJ-14
    2.19224e+01    4.35756e+01    5.78545e+00    4.28479e+00    4.05139e+01
     Coulomb-14        LJ (SR)   Coulomb (SR)   Coul. recip.      Potential
   -1.99828e+03    1.32753e+03   -9.16732e+03    2.77484e+01   -9.69424e+03
    Kinetic En.   Total Energy  Conserved En.    Temperature Pressure (bar)
    1.49337e+03   -8.20088e+03    9.22776e+03    2.86689e+02    6.71617e+02
   Constr. rmsd
    0.00000e+00

           Step           Time
        4690000     4690.00000

   Energies (kJ/mol)
        G96Bond       G96Angle    Proper Dih.  Improper Dih.          LJ-14
    2.02458e+01    3.70358e+01    7.94856e+00    7.08768e+00    3.28966e+01
     Coulomb-14        LJ (SR)   Coulomb (SR)   Coul. recip.      Potential
   -1.99784e+03    1.37028e+03   -9.37878e+03    2.08418e+01   -9.88028e+03
    Kinetic En.   Total Energy  Conserved En.    Temperature Pressure (bar)
    1.61803e+03   -8.26225e+03    9.23529e+03    3.10622e+02    6.87279e+01
   Constr. rmsd
    0.00000e+00

           Step           Time
        4695000     4695.00000

   Energies (kJ/mol)
        G96Bond       G96Angle    Proper Dih.  Improper Dih.          LJ-14
    9.70335e+00    4.09360e+01    7.46068e+00    1.88806e+01    4.03067e+01
     Coulomb-14        LJ (SR)   Coulomb (SR)   Coul. recip.      Potential
   -1.98544e+03    1.37617e+03   -9.22842e+03    3.11210e+01   -9.68928e+03
    Kinetic En.   Total Energy  Conserved En.    Temperature Pressure (bar)
    1.59446e+03   -8.09482e+03    9.22467e+03    3.06096e+02   -1.89164e+02
   Constr. rmsd
    0.00000e+00

           Step           Time
        4700000     4700.00000

   Energies (kJ/mol)
        G96Bond       G96Angle    Proper Dih.  Improper Dih.          LJ-14
    2.33800e+01    3.33797e+01    7.07511e+00    5.06926e+00    3.73436e+01
     Coulomb-14        LJ (SR)   Coulomb (SR)   Coul. recip.      Potential
   -1.99632e+03    1.49970e+03   -9.51903e+03    3.50978e+01   -9.87430e+03
    Kinetic En.   Total Energy  Conserved En.    Temperature Pressure (bar)
    1.49681e+03   -8.37749e+03    9.28816e+03    2.87351e+02    8.46180e+02
   Constr. rmsd
    0.00000e+00

           Step           Time
        4705000     4705.00000

   Energies (kJ/mol)
        G96Bond       G96Angle    Proper Dih.  Improper Dih.          LJ-14
    1.66658e+01    2.91251e+01    1.00906e+01    1.99849e+01    3.19579e+01
     Coulomb-14        LJ (SR)   Coulomb (SR)   Coul. recip.      Potential
   -1.98564e+03    1.33896e+03   -9.18188e+03    2.56105e+01   -9.69513e+03
    Kinetic En.   Total Energy  Conserved En.    Temperature Pressure (bar)
    1.47647e+03   -8.21866e+03    9.31830e+03    2.83446e+02    6.78256e+02
   Constr. rmsd
    0.00000e+00

           Step           Time
        4710000     4710.00000

   Energies (kJ/mol)
        G96Bond       G96Angle    Proper Dih.  Improper Dih.          LJ-14
    1.87085e+01    3.23212e+01    2.06941e+00    4.49999e+00    4.11231e+01
     Coulomb-14        LJ (SR)   Coulomb (SR)   Coul. recip.      Potential
   -2.01136e+03    1.28587e+03   -9.15053e+03    2.34097e+01   -9.75389e+03
    Kinetic En.   Total Energy  Conserved En.    Temperature Pressure (bar)
    1.47901e+03   -8.27488e+03    9.30536e+03    2.83933e+02    5.97149e+02
   Constr. rmsd
    0.00000e+00

           Step           Time
        4715000     4715.00000

   Energies (kJ/mol)
        G96Bond       G96Angle    Proper Dih.  Improper Dih.          LJ-14
    8.40967e+00    3.56040e+01    8.65016e+00    1.69990e+01    4.09397e+01
     Coulomb-14        LJ (SR)   Coulomb (SR)   Coul. recip.      Potential
   -1.99221e+03    1.47053e+03   -9.33979e+03    2.40956e+01   -9.72677e+03
    Kinetic En.   Total Energy  Conserved En.    Temperature Pressure (bar)
    1.59288e+03   -8.13389e+03    9.33921e+03    3.05794e+02    1.43231e+03
   Constr. rmsd
    0.00000e+00

           Step           Time
        4720000     4720.00000

   Energies (kJ/mol)
        G96Bond       G96Angle    Proper Dih.  Improper Dih.          LJ-14
    9.94799e+00    3.32794e+01    8.37178e+00    1.35090e+01    3.20542e+01
     Coulomb-14        LJ (SR)   Coulomb (SR)   Coul. recip.      Potential
   -1.99417e+03    1.40950e+03   -9.50167e+03    3.06801e+01   -9.95850e+03
    Kinetic En.   Total Energy  Conserved En.    Temperature Pressure (bar)
    1.45863e+03   -8.49987e+03    9.35103e+03    2.80020e+02    5.50060e+01
   Constr. rmsd
    0.00000e+00

           Step           Time
        4725000     4725.00000

   Energies (kJ/mol)
        G96Bond       G96Angle    Proper Dih.  Improper Dih.          LJ-14
    1.75076e+01    4.44765e+01    8.42168e+00    8.54621e+00    4.05561e+01
     Coulomb-14        LJ (SR)   Coulomb (SR)   Coul. recip.      Potential
   -2.00307e+03    1.33016e+03   -9.31964e+03    1.85721e+01   -9.85447e+03
    Kinetic En.   Total Energy  Conserved En.    Temperature Pressure (bar)
    1.58199e+03   -8.27248e+03    9.38899e+03    3.03702e+02   -2.52957e+02
   Constr. rmsd
    0.00000e+00

           Step           Time
        4730000     4730.00000

   Energies (kJ/mol)
        G96Bond       G96Angle    Proper Dih.  Improper Dih.          LJ-14
    8.88604e+00    3.81260e+01    7.93848e+00    1.50214e+01    2.97818e+01
     Coulomb-14        LJ (SR)   Coulomb (SR)   Coul. recip.      Potential
   -1.98354e+03    1.22354e+03   -9.18263e+03    2.84696e+01   -9.81440e+03
    Kinetic En.   Total Energy  Conserved En.    Temperature Pressure (bar)
    1.48623e+03   -8.32817e+03    9.42041e+03    2.85319e+02   -4.57459e+02
   Constr. rmsd
    0.00000e+00

           Step           Time
        4735000     4735.00000

   Energies (kJ/mol)
        G96Bond       G96Angle    Proper Dih.  Improper Dih.          LJ-14
    9.14173e+00    5.03749e+01    1.02427e+01    1.00547e+01    2.75074e+01
     Coulomb-14        LJ (SR)   Coulomb (SR)   Coul. recip.      Potential
   -1.98682e+03    1.47611e+03   -9.59682e+03    1.80328e+01   -9.98217e+03
    Kinetic En.   Total Energy  Conserved En.    Temperature Pressure (bar)
    1.53035e+03   -8.45182e+03    9.40160e+03    2.93790e+02    5.42137e+02
   Constr. rmsd
    0.00000e+00

           Step           Time
        4740000     4740.00000

   Energies (kJ/mol)
        G96Bond       G96Angle    Proper Dih.  Improper Dih.          LJ-14
    7.27152e+00    4.39572e+01    1.11859e+01    2.79242e+00    2.94662e+01
     Coulomb-14        LJ (SR)   Coulomb (SR)   Coul. recip.      Potential
   -1.97802e+03    1.39602e+03   -9.43332e+03    3.00486e+01   -9.89061e+03
    Kinetic En.   Total Energy  Conserved En.    Temperature Pressure (bar)
    1.53222e+03   -8.35839e+03    9.41560e+03    2.94148e+02   -2.47930e+02
   Constr. rmsd
    0.00000e+00

           Step           Time
        4745000     4745.00000

   Energies (kJ/mol)
        G96Bond       G96Angle    Proper Dih.  Improper Dih.          LJ-14
    1.25467e+01    5.83185e+01    8.42107e+00    5.90093e+00    3.31158e+01
     Coulomb-14        LJ (SR)   Coulomb (SR)   Coul. recip.      Potential
   -1.98529e+03    1.38900e+03   -9.49805e+03    2.29649e+01   -9.95306e+03
    Kinetic En.   Total Energy  Conserved En.    Temperature Pressure (bar)
    1.45714e+03   -8.49592e+03    9.43677e+03    2.79735e+02   -3.47208e+02
   Constr. rmsd
    0.00000e+00

           Step           Time
        4750000     4750.00000

   Energies (kJ/mol)
        G96Bond       G96Angle    Proper Dih.  Improper Dih.          LJ-14
    3.77405e+01    3.62527e+01    9.87757e+00    1.71040e+01    3.66532e+01
     Coulomb-14        LJ (SR)   Coulomb (SR)   Coul. recip.      Potential
   -1.99844e+03    1.22945e+03   -9.15542e+03    2.77723e+01   -9.75901e+03
    Kinetic En.   Total Energy  Conserved En.    Temperature Pressure (bar)
    1.56947e+03   -8.18955e+03    9.44815e+03    3.01298e+02   -2.82299e+02
   Constr. rmsd
    0.00000e+00

           Step           Time
        4755000     4755.00000

   Energies (kJ/mol)
        G96Bond       G96Angle    Proper Dih.  Improper Dih.          LJ-14
    1.58177e+01    2.63940e+01    8.70508e+00    8.99563e+00    3.28665e+01
     Coulomb-14        LJ (SR)   Coulomb (SR)   Coul. recip.      Potential
   -1.98279e+03    1.16584e+03   -9.07029e+03    2.45484e+01   -9.76991e+03
    Kinetic En.   Total Energy  Conserved En.    Temperature Pressure (bar)
    1.68941e+03   -8.08050e+03    9.48948e+03    3.24324e+02   -1.30209e+03
   Constr. rmsd
    0.00000e+00

           Step           Time
        4760000     4760.00000

   Energies (kJ/mol)
        G96Bond       G96Angle    Proper Dih.  Improper Dih.          LJ-14
    2.70115e+01    4.55135e+01    9.84781e+00    9.35451e+00    3.34144e+01
     Coulomb-14        LJ (SR)   Coulomb (SR)   Coul. recip.      Potential
   -2.00079e+03    1.32261e+03   -9.27492e+03    3.26075e+01   -9.79534e+03
    Kinetic En.   Total Energy  Conserved En.    Temperature Pressure (bar)
    1.65059e+03   -8.14475e+03    9.49494e+03    3.16873e+02    4.12382e+02
   Constr. rmsd
    0.00000e+00

           Step           Time
        4765000     4765.00000

   Energies (kJ/mol)
        G96Bond       G96Angle    Proper Dih.  Improper Dih.          LJ-14
    1.44523e+01    3.73108e+01    1.09526e+01    9.88750e+00    3.86313e+01
     Coulomb-14        LJ (SR)   Coulomb (SR)   Coul. recip.      Potential
   -1.99341e+03    1.39544e+03   -9.35983e+03    3.07240e+01   -9.81584e+03
    Kinetic En.   Total Energy  Conserved En.    Temperature Pressure (bar)
    1.64526e+03   -8.17058e+03    9.51268e+03    3.15849e+02    7.62435e+02
   Constr. rmsd
    0.00000e+00

           Step           Time
        4770000     4770.00000

   Energies (kJ/mol)
        G96Bond       G96Angle    Proper Dih.  Improper Dih.          LJ-14
    1.79400e+01    5.06187e+01    2.03383e+01    1.08223e+01    3.99212e+01
     Coulomb-14        LJ (SR)   Coulomb (SR)   Coul. recip.      Potential
   -2.00371e+03    1.42700e+03   -9.48925e+03    2.41640e+01   -9.90216e+03
    Kinetic En.   Total Energy  Conserved En.    Temperature Pressure (bar)
    1.51242e+03   -8.38973e+03    9.55121e+03    2.90348e+02    7.78927e+02
   Constr. rmsd
    0.00000e+00

           Step           Time
        4775000     4775.00000

   Energies (kJ/mol)
        G96Bond       G96Angle    Proper Dih.  Improper Dih.          LJ-14
    1.75694e+01    6.03285e+01    1.52174e+01    8.59481e+00    2.84155e+01
     Coulomb-14        LJ (SR)   Coulomb (SR)   Coul. recip.      Potential
   -1.98813e+03    1.29816e+03   -9.38385e+03    3.84286e+01   -9.90527e+03
    Kinetic En.   Total Energy  Conserved En.    Temperature Pressure (bar)
    1.57001e+03   -8.33526e+03    9.56567e+03    3.01402e+02   -4.01041e+02
   Constr. rmsd
    0.00000e+00

           Step           Time
        4780000     4780.00000

   Energies (kJ/mol)
        G96Bond       G96Angle    Proper Dih.  Improper Dih.          LJ-14
    1.46882e+01    4.57035e+01    1.90029e+01    5.27919e+00    3.65420e+01
     Coulomb-14        LJ (SR)   Coulomb (SR)   Coul. recip.      Potential
   -1.98426e+03    1.24780e+03   -9.32172e+03    3.43304e+01   -9.90263e+03
    Kinetic En.   Total Energy  Conserved En.    Temperature Pressure (bar)
    1.46747e+03   -8.43516e+03    9.59088e+03    2.81718e+02   -9.48661e+02
   Constr. rmsd
    0.00000e+00

           Step           Time
        4785000     4785.00000

   Energies (kJ/mol)
        G96Bond       G96Angle    Proper Dih.  Improper Dih.          LJ-14
    3.64690e+01    5.30013e+01    1.23107e+01    9.96815e-01    2.72395e+01
     Coulomb-14        LJ (SR)   Coulomb (SR)   Coul. recip.      Potential
   -1.97397e+03    1.24393e+03   -9.21670e+03    2.84571e+01   -9.78827e+03
    Kinetic En.   Total Energy  Conserved En.    Temperature Pressure (bar)
    1.45520e+03   -8.33307e+03    9.59254e+03    2.79363e+02   -1.39428e+03
   Constr. rmsd
    0.00000e+00

           Step           Time
        4790000     4790.00000

   Energies (kJ/mol)
        G96Bond       G96Angle    Proper Dih.  Improper Dih.          LJ-14
    1.28659e+01    5.34641e+01    1.34039e+01    7.25999e+00    3.66626e+01
     Coulomb-14        LJ (SR)   Coulomb (SR)   Coul. recip.      Potential
   -2.00183e+03    1.23833e+03   -9.15431e+03    3.01663e+01   -9.76399e+03
    Kinetic En.   Total Energy  Conserved En.    Temperature Pressure (bar)
    1.61891e+03   -8.14508e+03    9.62332e+03    3.10790e+02   -5.93786e+02
   Constr. rmsd
    0.00000e+00

           Step           Time
        4795000     4795.00000

   Energies (kJ/mol)
        G96Bond       G96Angle    Proper Dih.  Improper Dih.          LJ-14
    1.36261e+01    4.56103e+01    5.70345e+00    6.69054e+00    3.15924e+01
     Coulomb-14        LJ (SR)   Coulomb (SR)   Coul. recip.      Potential
   -1.98076e+03    1.21470e+03   -9.10301e+03    2.54570e+01   -9.74039e+03
    Kinetic En.   Total Energy  Conserved En.    Temperature Pressure (bar)
    1.63062e+03   -8.10977e+03    9.65474e+03    3.13039e+02   -7.72440e+02
   Constr. rmsd
    0.00000e+00

           Step           Time
        4800000     4800.00000

   Energies (kJ/mol)
        G96Bond       G96Angle    Proper Dih.  Improper Dih.          LJ-14
    2.33631e+01    3.22942e+01    4.44602e+00    7.45062e+00    3.04340e+01
     Coulomb-14        LJ (SR)   Coulomb (SR)   Coul. recip.      Potential
   -1.98974e+03    1.43547e+03   -9.38817e+03    2.74768e+01   -9.81697e+03
    Kinetic En.   Total Energy  Conserved En.    Temperature Pressure (bar)
    1.61634e+03   -8.20063e+03    9.66861e+03    3.10296e+02    1.97817e+03
   Constr. rmsd
    0.00000e+00

           Step           Time
        4805000     4805.00000

   Energies (kJ/mol)
        G96Bond       G96Angle    Proper Dih.  Improper Dih.          LJ-14
    1.18812e+01    4.68712e+01    1.85677e+01    1.68998e+01    3.23027e+01
     Coulomb-14        LJ (SR)   Coulomb (SR)   Coul. recip.      Potential
   -1.99371e+03    1.35249e+03   -9.42232e+03    2.71429e+01   -9.90987e+03
    Kinetic En.   Total Energy  Conserved En.    Temperature Pressure (bar)
    1.57134e+03   -8.33853e+03    9.68307e+03    3.01659e+02   -1.48423e+02
   Constr. rmsd
    0.00000e+00

           Step           Time
        4810000     4810.00000

   Energies (kJ/mol)
        G96Bond       G96Angle    Proper Dih.  Improper Dih.          LJ-14
    2.98925e+01    3.70736e+01    1.16446e+01    9.89857e+00    4.07181e+01
     Coulomb-14        LJ (SR)   Coulomb (SR)   Coul. recip.      Potential
   -1.99328e+03    1.36260e+03   -9.39133e+03    3.29340e+01   -9.85984e+03
    Kinetic En.   Total Energy  Conserved En.    Temperature Pressure (bar)
    1.46706e+03   -8.39278e+03    9.70411e+03    2.81639e+02    7.22199e+01
   Constr. rmsd
    0.00000e+00

           Step           Time
        4815000     4815.00000

   Energies (kJ/mol)
        G96Bond       G96Angle    Proper Dih.  Improper Dih.          LJ-14
    2.58329e+01    3.11326e+01    8.68111e+00    5.18382e+00    3.39697e+01
     Coulomb-14        LJ (SR)   Coulomb (SR)   Coul. recip.      Potential
   -1.98740e+03    1.34123e+03   -9.47351e+03    3.07170e+01   -9.98415e+03
    Kinetic En.   Total Energy  Conserved En.    Temperature Pressure (bar)
    1.47108e+03   -8.51308e+03    9.72347e+03    2.82410e+02   -5.21698e+02
   Constr. rmsd
    0.00000e+00

           Step           Time
        4820000     4820.00000

   Energies (kJ/mol)
        G96Bond       G96Angle    Proper Dih.  Improper Dih.          LJ-14
    2.18026e+01    4.37730e+01    1.04466e+01    3.89902e+00    4.13997e+01
     Coulomb-14        LJ (SR)   Coulomb (SR)   Coul. recip.      Potential
   -1.99841e+03    1.38643e+03   -9.42534e+03    2.21041e+01   -9.89389e+03
    Kinetic En.   Total Energy  Conserved En.    Temperature Pressure (bar)
    1.58715e+03   -8.30674e+03    9.73600e+03    3.04693e+02    9.54967e+02
   Constr. rmsd
    0.00000e+00

           Step           Time
        4825000     4825.00000

   Energies (kJ/mol)
        G96Bond       G96Angle    Proper Dih.  Improper Dih.          LJ-14
    1.58413e+01    3.41632e+01    7.59543e+00    1.23202e+01    3.07242e+01
     Coulomb-14        LJ (SR)   Coulomb (SR)   Coul. recip.      Potential
   -1.99522e+03    1.21092e+03   -9.17472e+03    2.65140e+01   -9.83186e+03
    Kinetic En.   Total Energy  Conserved En.    Temperature Pressure (bar)
    1.60072e+03   -8.23115e+03    9.73601e+03    3.07298e+02   -1.13922e+03
   Constr. rmsd
    0.00000e+00

           Step           Time
        4830000     4830.00000

   Energies (kJ/mol)
        G96Bond       G96Angle    Proper Dih.  Improper Dih.          LJ-14
    1.09662e+01    4.84201e+01    1.38424e+01    5.55809e+00    3.45681e+01
     Coulomb-14        LJ (SR)   Coulomb (SR)   Coul. recip.      Potential
   -1.99261e+03    1.40731e+03   -9.27479e+03    3.03187e+01   -9.71641e+03
    Kinetic En.   Total Energy  Conserved En.    Temperature Pressure (bar)
    1.46032e+03   -8.25609e+03    9.77918e+03    2.80345e+02    1.48437e+03
   Constr. rmsd
    0.00000e+00

           Step           Time
        4835000     4835.00000

   Energies (kJ/mol)
        G96Bond       G96Angle    Proper Dih.  Improper Dih.          LJ-14
    8.74111e+00    4.02780e+01    2.06486e+01    5.49990e+00    2.97953e+01
     Coulomb-14        LJ (SR)   Coulomb (SR)   Coul. recip.      Potential
   -1.97853e+03    1.24084e+03   -9.12670e+03    2.09895e+01   -9.73844e+03
    Kinetic En.   Total Energy  Conserved En.    Temperature Pressure (bar)
    1.59989e+03   -8.13855e+03    9.80346e+03    3.07140e+02   -3.27225e+02
   Constr. rmsd
    0.00000e+00

           Step           Time
        4840000     4840.00000

   Energies (kJ/mol)
        G96Bond       G96Angle    Proper Dih.  Improper Dih.          LJ-14
    1.99646e+01    3.90517e+01    1.09197e+01    5.47092e+00    3.63230e+01
     Coulomb-14        LJ (SR)   Coulomb (SR)   Coul. recip.      Potential
   -2.00503e+03    1.46343e+03   -9.42808e+03    2.91220e+01   -9.82883e+03
    Kinetic En.   Total Energy  Conserved En.    Temperature Pressure (bar)
    1.58370e+03   -8.24512e+03    9.82267e+03    3.04031e+02    2.13793e+03
   Constr. rmsd
    0.00000e+00

           Step           Time
        4845000     4845.00000

   Energies (kJ/mol)
        G96Bond       G96Angle    Proper Dih.  Improper Dih.          LJ-14
    1.51714e+01    3.45215e+01    7.90044e+00    6.21003e+00    3.25074e+01
     Coulomb-14        LJ (SR)   Coulomb (SR)   Coul. recip.      Potential
   -1.99008e+03    1.13206e+03   -9.03762e+03    4.08185e+01   -9.75850e+03
    Kinetic En.   Total Energy  Conserved En.    Temperature Pressure (bar)
    1.65627e+03   -8.10223e+03    9.81916e+03    3.17963e+02   -1.53054e+03
   Constr. rmsd
    0.00000e+00

           Step           Time
        4850000     4850.00000

   Energies (kJ/mol)
        G96Bond       G96Angle    Proper Dih.  Improper Dih.          LJ-14
    1.64468e+01    6.49461e+01    6.69791e+00    1.14750e+01    3.36299e+01
     Coulomb-14        LJ (SR)   Coulomb (SR)   Coul. recip.      Potential
   -1.98822e+03    1.35152e+03   -9.40450e+03    3.33145e+01   -9.87469e+03
    Kinetic En.   Total Energy  Conserved En.    Temperature Pressure (bar)
    1.66266e+03   -8.21203e+03    9.85168e+03    3.19190e+02    2.51804e+02
   Constr. rmsd
    0.00000e+00

           Step           Time
        4855000     4855.00000

   Energies (kJ/mol)
        G96Bond       G96Angle    Proper Dih.  Improper Dih.          LJ-14
    1.16538e+01    4.54863e+01    2.28350e+00    7.25057e+00    1.56690e+01
     Coulomb-14        LJ (SR)   Coulomb (SR)   Coul. recip.      Potential
   -1.94042e+03    1.50905e+03   -9.61367e+03    2.43701e+01   -9.93833e+03
    Kinetic En.   Total Energy  Conserved En.    Temperature Pressure (bar)
    1.48297e+03   -8.45536e+03    9.84600e+03    2.84693e+02   -1.69651e+02
   Constr. rmsd
    0.00000e+00

           Step           Time
        4860000     4860.00000

   Energies (kJ/mol)
        G96Bond       G96Angle    Proper Dih.  Improper Dih.          LJ-14
    2.25488e+01    3.63273e+01    1.03913e+01    2.05247e+01    3.35742e+01
     Coulomb-14        LJ (SR)   Coulomb (SR)   Coul. recip.      Potential
   -1.98434e+03    1.36179e+03   -9.31823e+03    2.45310e+01   -9.79289e+03
    Kinetic En.   Total Energy  Conserved En.    Temperature Pressure (bar)
    1.60553e+03   -8.18736e+03    9.85025e+03    3.08222e+02   -7.72451e+02
   Constr. rmsd
    0.00000e+00

           Step           Time
        4865000     4865.00000

   Energies (kJ/mol)
        G96Bond       G96Angle    Proper Dih.  Improper Dih.          LJ-14
    1.86070e+01    5.31366e+01    1.29934e+01    7.66176e+00    3.89950e+01
     Coulomb-14        LJ (SR)   Coulomb (SR)   Coul. recip.      Potential
   -2.00153e+03    1.48342e+03   -9.58035e+03    3.07633e+01   -9.93630e+03
    Kinetic En.   Total Energy  Conserved En.    Temperature Pressure (bar)
    1.50770e+03   -8.42859e+03    9.87094e+03    2.89441e+02    6.97580e+02
   Constr. rmsd
    0.00000e+00

           Step           Time
        4870000     4870.00000

   Energies (kJ/mol)
        G96Bond       G96Angle    Proper Dih.  Improper Dih.          LJ-14
    1.10328e+01    4.94543e+01    1.59423e+01    5.24064e+00    3.59074e+01
     Coulomb-14        LJ (SR)   Coulomb (SR)   Coul. recip.      Potential
   -2.00697e+03    1.35709e+03   -9.53622e+03    3.20660e+01   -1.00365e+04
    Kinetic En.   Total Energy  Conserved En.    Temperature Pressure (bar)
    1.51065e+03   -8.52582e+03    9.92077e+03    2.90007e+02   -5.26631e+02
   Constr. rmsd
    0.00000e+00

           Step           Time
        4875000     4875.00000

   Energies (kJ/mol)
        G96Bond       G96Angle    Proper Dih.  Improper Dih.          LJ-14
    6.81152e+00    2.39116e+01    4.48682e+00    9.71636e+00    3.04831e+01
     Coulomb-14        LJ (SR)   Coulomb (SR)   Coul. recip.      Potential
   -1.98382e+03    1.33510e+03   -9.53000e+03    2.80679e+01   -1.00752e+04
    Kinetic En.   Total Energy  Conserved En.    Temperature Pressure (bar)
    1.56580e+03   -8.50944e+03    9.92889e+03    3.00594e+02   -1.04257e+03
   Constr. rmsd
    0.00000e+00

           Step           Time
        4880000     4880.00000

   Energies (kJ/mol)
        G96Bond       G96Angle    Proper Dih.  Improper Dih.          LJ-14
    3.01129e+01    4.32052e+01    1.21967e+01    1.67445e+00    4.08291e+01
     Coulomb-14        LJ (SR)   Coulomb (SR)   Coul. recip.      Potential
   -2.01588e+03    1.33419e+03   -9.29835e+03    3.65830e+01   -9.81544e+03
    Kinetic En.   Total Energy  Conserved En.    Temperature Pressure (bar)
    1.56422e+03   -8.25122e+03    9.94229e+03    3.00290e+02    6.70853e+02
   Constr. rmsd
    0.00000e+00

           Step           Time
        4885000     4885.00000

   Energies (kJ/mol)
        G96Bond       G96Angle    Proper Dih.  Improper Dih.          LJ-14
    2.48616e+01    3.36726e+01    8.05380e+00    5.90763e+00    3.26592e+01
     Coulomb-14        LJ (SR)   Coulomb (SR)   Coul. recip.      Potential
   -1.98625e+03    1.24913e+03   -9.14554e+03    2.56156e+01   -9.75189e+03
    Kinetic En.   Total Energy  Conserved En.    Temperature Pressure (bar)
    1.55162e+03   -8.20026e+03    9.93510e+03    2.97873e+02   -6.79434e+02
   Constr. rmsd
    0.00000e+00

           Step           Time
        4890000     4890.00000

   Energies (kJ/mol)
        G96Bond       G96Angle    Proper Dih.  Improper Dih.          LJ-14
    1.38606e+01    4.33838e+01    9.34676e+00    6.76035e+00    2.82862e+01
     Coulomb-14        LJ (SR)   Coulomb (SR)   Coul. recip.      Potential
   -1.96999e+03    1.42213e+03   -9.48606e+03    3.11872e+01   -9.90109e+03
    Kinetic En.   Total Energy  Conserved En.    Temperature Pressure (bar)
    1.63727e+03   -8.26382e+03    9.97096e+03    3.14316e+02   -5.07841e+02
   Constr. rmsd
    0.00000e+00

           Step           Time
        4895000     4895.00000

   Energies (kJ/mol)
        G96Bond       G96Angle    Proper Dih.  Improper Dih.          LJ-14
    1.30669e+01    5.35988e+01    7.30462e+00    6.30819e+00    3.05059e+01
     Coulomb-14        LJ (SR)   Coulomb (SR)   Coul. recip.      Potential
   -1.98129e+03    1.42878e+03   -9.45702e+03    3.79338e+01   -9.86080e+03
    Kinetic En.   Total Energy  Conserved En.    Temperature Pressure (bar)
    1.63011e+03   -8.23069e+03    9.99262e+03    3.12940e+02   -1.32539e+02
   Constr. rmsd
    0.00000e+00

           Step           Time
        4900000     4900.00000

   Energies (kJ/mol)
        G96Bond       G96Angle    Proper Dih.  Improper Dih.          LJ-14
    1.74269e+01    3.47830e+01    9.19406e+00    1.19729e+01    2.17833e+01
     Coulomb-14        LJ (SR)   Coulomb (SR)   Coul. recip.      Potential
   -1.97162e+03    1.48331e+03   -9.67899e+03    2.75438e+01   -1.00446e+04
    Kinetic En.   Total Energy  Conserved En.    Temperature Pressure (bar)
    1.61568e+03   -8.42891e+03    1.00186e+04    3.10171e+02   -6.99160e+02
   Constr. rmsd
    0.00000e+00

           Step           Time
        4905000     4905.00000

   Energies (kJ/mol)
        G96Bond       G96Angle    Proper Dih.  Improper Dih.          LJ-14
    1.73280e+01    3.01070e+01    1.40811e+01    1.09936e+01    4.04027e+01
     Coulomb-14        LJ (SR)   Coulomb (SR)   Coul. recip.      Potential
   -2.00010e+03    1.26288e+03   -9.28851e+03    2.71220e+01   -9.88569e+03
    Kinetic En.   Total Energy  Conserved En.    Temperature Pressure (bar)
    1.51976e+03   -8.36594e+03    1.00444e+04    2.91755e+02   -8.40901e+02
   Constr. rmsd
    0.00000e+00

           Step           Time
        4910000     4910.00000

   Energies (kJ/mol)
        G96Bond       G96Angle    Proper Dih.  Improper Dih.          LJ-14
    1.27383e+01    4.73777e+01    1.27191e+01    8.47982e+00    3.00601e+01
     Coulomb-14        LJ (SR)   Coulomb (SR)   Coul. recip.      Potential
   -1.99198e+03    1.28160e+03   -9.34906e+03    3.36338e+01   -9.91443e+03
    Kinetic En.   Total Energy  Conserved En.    Temperature Pressure (bar)
    1.60292e+03   -8.31151e+03    1.00466e+04    3.07720e+02   -7.05172e+02
   Constr. rmsd
    0.00000e+00

           Step           Time
        4915000     4915.00000

   Energies (kJ/mol)
        G96Bond       G96Angle    Proper Dih.  Improper Dih.          LJ-14
    1.45657e+01    3.30478e+01    8.05127e+00    4.29991e+00    2.95358e+01
     Coulomb-14        LJ (SR)   Coulomb (SR)   Coul. recip.      Potential
   -1.97930e+03    1.37741e+03   -9.41737e+03    2.49747e+01   -9.90479e+03
    Kinetic En.   Total Energy  Conserved En.    Temperature Pressure (bar)
    1.60610e+03   -8.29869e+03    1.00919e+04    3.08331e+02    1.96851e+02
   Constr. rmsd
    0.00000e+00

           Step           Time
        4920000     4920.00000

   Energies (kJ/mol)
        G96Bond       G96Angle    Proper Dih.  Improper Dih.          LJ-14
    1.32140e+01    4.21702e+01    4.91300e+00    5.56540e+00    4.33285e+01
     Coulomb-14        LJ (SR)   Coulomb (SR)   Coul. recip.      Potential
   -1.99937e+03    1.29929e+03   -9.39066e+03    3.02148e+01   -9.95133e+03
    Kinetic En.   Total Energy  Conserved En.    Temperature Pressure (bar)
    1.45928e+03   -8.49205e+03    1.01124e+04    2.80146e+02   -5.46566e+02
   Constr. rmsd
    0.00000e+00

           Step           Time
        4925000     4925.00000

   Energies (kJ/mol)
        G96Bond       G96Angle    Proper Dih.  Improper Dih.          LJ-14
    2.10047e+01    4.59816e+01    1.01208e+01    2.13888e+00    2.01309e+01
     Coulomb-14        LJ (SR)   Coulomb (SR)   Coul. recip.      Potential
   -1.96382e+03    1.33444e+03   -9.47995e+03    2.53606e+01   -9.98459e+03
    Kinetic En.   Total Energy  Conserved En.    Temperature Pressure (bar)
    1.56855e+03   -8.41605e+03    1.00909e+04    3.01122e+02   -7.28268e+02
   Constr. rmsd
    0.00000e+00

           Step           Time
        4930000     4930.00000

   Energies (kJ/mol)
        G96Bond       G96Angle    Proper Dih.  Improper Dih.          LJ-14
    2.20613e+01    3.75114e+01    4.35613e+00    2.34442e+01    3.92291e+01
     Coulomb-14        LJ (SR)   Coulomb (SR)   Coul. recip.      Potential
   -1.99390e+03    1.41197e+03   -9.50962e+03    2.87835e+01   -9.93617e+03
    Kinetic En.   Total Energy  Conserved En.    Temperature Pressure (bar)
    1.55090e+03   -8.38526e+03    1.01001e+04    2.97734e+02   -1.23313e+03
   Constr. rmsd
    0.00000e+00

           Step           Time
        4935000     4935.00000

   Energies (kJ/mol)
        G96Bond       G96Angle    Proper Dih.  Improper Dih.          LJ-14
    3.75232e+01    3.53146e+01    1.30237e+01    7.00283e+00    3.20558e+01
     Coulomb-14        LJ (SR)   Coulomb (SR)   Coul. recip.      Potential
   -1.99144e+03    1.27324e+03   -9.13455e+03    2.89712e+01   -9.69886e+03
    Kinetic En.   Total Energy  Conserved En.    Temperature Pressure (bar)
    1.51615e+03   -8.18271e+03    1.01053e+04    2.91063e+02   -1.99369e+02
   Constr. rmsd
    0.00000e+00

           Step           Time
        4940000     4940.00000

   Energies (kJ/mol)
        G96Bond       G96Angle    Proper Dih.  Improper Dih.          LJ-14
    3.40452e+01    4.28289e+01    1.31665e+01    1.43118e+01    3.47698e+01
     Coulomb-14        LJ (SR)   Coulomb (SR)   Coul. recip.      Potential
   -1.99804e+03    1.47847e+03   -9.44913e+03    2.85148e+01   -9.80106e+03
    Kinetic En.   Total Energy  Conserved En.    Temperature Pressure (bar)
    1.67403e+03   -8.12703e+03    1.01545e+04    3.21372e+02    1.95032e+03
   Constr. rmsd
    0.00000e+00

           Step           Time
        4945000     4945.00000

   Energies (kJ/mol)
        G96Bond       G96Angle    Proper Dih.  Improper Dih.          LJ-14
    1.84636e+01    5.25622e+01    1.17768e+01    7.30533e+00    3.69334e+01
     Coulomb-14        LJ (SR)   Coulomb (SR)   Coul. recip.      Potential
   -1.99761e+03    1.30126e+03   -9.29459e+03    3.48718e+01   -9.82903e+03
    Kinetic En.   Total Energy  Conserved En.    Temperature Pressure (bar)
    1.60140e+03   -8.22763e+03    1.01475e+04    3.07428e+02   -4.02354e+02
   Constr. rmsd
    0.00000e+00

           Step           Time
        4950000     4950.00000

   Energies (kJ/mol)
        G96Bond       G96Angle    Proper Dih.  Improper Dih.          LJ-14
    3.35288e+01    5.25713e+01    7.37969e+00    8.21380e+00    3.85598e+01
     Coulomb-14        LJ (SR)   Coulomb (SR)   Coul. recip.      Potential
   -1.99884e+03    1.34995e+03   -9.13558e+03    3.87590e+01   -9.60546e+03
    Kinetic En.   Total Energy  Conserved En.    Temperature Pressure (bar)
    1.53302e+03   -8.07244e+03    1.01329e+04    2.94301e+02    5.23236e+02
   Constr. rmsd
    0.00000e+00

           Step           Time
        4955000     4955.00000

   Energies (kJ/mol)
        G96Bond       G96Angle    Proper Dih.  Improper Dih.          LJ-14
    1.87633e+01    3.46518e+01    1.04046e+01    2.28956e+01    2.48709e+01
     Coulomb-14        LJ (SR)   Coulomb (SR)   Coul. recip.      Potential
   -1.97248e+03    1.29272e+03   -9.38517e+03    2.53709e+01   -9.92799e+03
    Kinetic En.   Total Energy  Conserved En.    Temperature Pressure (bar)
    1.53314e+03   -8.39485e+03    1.01775e+04    2.94324e+02   -1.58888e+03
   Constr. rmsd
    0.00000e+00

           Step           Time
        4960000     4960.00000

   Energies (kJ/mol)
        G96Bond       G96Angle    Proper Dih.  Improper Dih.          LJ-14
    1.23929e+01    3.23235e+01    9.27678e+00    1.05887e+01    2.72832e+01
     Coulomb-14        LJ (SR)   Coulomb (SR)   Coul. recip.      Potential
   -1.98192e+03    1.39992e+03   -9.40757e+03    1.98526e+01   -9.87785e+03
    Kinetic En.   Total Energy  Conserved En.    Temperature Pressure (bar)
    1.62993e+03   -8.24792e+03    1.02233e+04    3.12906e+02    7.90618e+02
   Constr. rmsd
    0.00000e+00

           Step           Time
        4965000     4965.00000

   Energies (kJ/mol)
        G96Bond       G96Angle    Proper Dih.  Improper Dih.          LJ-14
    2.57811e+01    3.21101e+01    9.47596e+00    6.74315e+00    3.78601e+01
     Coulomb-14        LJ (SR)   Coulomb (SR)   Coul. recip.      Potential
   -1.99398e+03    1.35584e+03   -9.48022e+03    2.47060e+01   -9.98169e+03
    Kinetic En.   Total Energy  Conserved En.    Temperature Pressure (bar)
    1.57383e+03   -8.40786e+03    1.02202e+04    3.02136e+02   -2.84286e+02
   Constr. rmsd
    0.00000e+00

           Step           Time
        4970000     4970.00000

   Energies (kJ/mol)
        G96Bond       G96Angle    Proper Dih.  Improper Dih.          LJ-14
    1.04186e+01    3.73505e+01    1.34369e+01    1.38649e+01    2.45206e+01
     Coulomb-14        LJ (SR)   Coulomb (SR)   Coul. recip.      Potential
   -1.97414e+03    1.33105e+03   -9.34137e+03    3.37233e+01   -9.85115e+03
    Kinetic En.   Total Energy  Conserved En.    Temperature Pressure (bar)
    1.54898e+03   -8.30217e+03    1.02228e+04    2.97365e+02   -7.89589e+02
   Constr. rmsd
    0.00000e+00

           Step           Time
        4975000     4975.00000

   Energies (kJ/mol)
        G96Bond       G96Angle    Proper Dih.  Improper Dih.          LJ-14
    2.24773e+01    6.40966e+01    1.42462e+01    7.53701e+00    4.72691e+01
     Coulomb-14        LJ (SR)   Coulomb (SR)   Coul. recip.      Potential
   -2.00923e+03    1.34506e+03   -9.39775e+03    4.02710e+01   -9.86603e+03
    Kinetic En.   Total Energy  Conserved En.    Temperature Pressure (bar)
    1.54235e+03   -8.32368e+03    1.02546e+04    2.96092e+02   -3.63451e+02
   Constr. rmsd
    0.00000e+00

           Step           Time
        4980000     4980.00000

   Energies (kJ/mol)
        G96Bond       G96Angle    Proper Dih.  Improper Dih.          LJ-14
    1.79611e+01    3.95483e+01    6.50518e+00    9.28564e+00    2.29815e+01
     Coulomb-14        LJ (SR)   Coulomb (SR)   Coul. recip.      Potential
   -1.95565e+03    1.20045e+03   -9.24557e+03    2.96307e+01   -9.87486e+03
    Kinetic En.   Total Energy  Conserved En.    Temperature Pressure (bar)
    1.61018e+03   -8.26468e+03    1.02876e+04    3.09114e+02   -2.06555e+03
   Constr. rmsd
    0.00000e+00

           Step           Time
        4985000     4985.00000

   Energies (kJ/mol)
        G96Bond       G96Angle    Proper Dih.  Improper Dih.          LJ-14
    1.73262e+01    3.51332e+01    2.26612e+00    1.40821e+01    4.17373e+01
     Coulomb-14        LJ (SR)   Coulomb (SR)   Coul. recip.      Potential
   -2.01534e+03    1.33517e+03   -9.31920e+03    2.40816e+01   -9.86475e+03
    Kinetic En.   Total Energy  Conserved En.    Temperature Pressure (bar)
    1.56179e+03   -8.30296e+03    1.02937e+04    2.99825e+02    7.36476e+02
   Constr. rmsd
    0.00000e+00

           Step           Time
        4990000     4990.00000

   Energies (kJ/mol)
        G96Bond       G96Angle    Proper Dih.  Improper Dih.          LJ-14
    2.44412e+01    4.56496e+01    1.65322e+01    2.77512e+01    3.42920e+01
     Coulomb-14        LJ (SR)   Coulomb (SR)   Coul. recip.      Potential
   -1.99915e+03    1.43052e+03   -9.66537e+03    2.94606e+01   -1.00559e+04
    Kinetic En.   Total Energy  Conserved En.    Temperature Pressure (bar)
    1.65678e+03   -8.39910e+03    1.03260e+04    3.18060e+02    9.80550e+02
   Constr. rmsd
    0.00000e+00

           Step           Time
        4995000     4995.00000

   Energies (kJ/mol)
        G96Bond       G96Angle    Proper Dih.  Improper Dih.          LJ-14
    2.37778e+01    3.94505e+01    1.03298e+01    1.43898e+01    2.90147e+01
     Coulomb-14        LJ (SR)   Coulomb (SR)   Coul. recip.      Potential
   -1.98818e+03    1.32474e+03   -9.34879e+03    2.32916e+01   -9.87197e+03
    Kinetic En.   Total Energy  Conserved En.    Temperature Pressure (bar)
    1.63785e+03   -8.23412e+03    1.03168e+04    3.14426e+02   -4.40602e+02
   Constr. rmsd
    0.00000e+00

           Step           Time
        5000000     5000.00000

Writing checkpoint, step 5000000 at Thu Aug 14 09:44:08 2025


   Energies (kJ/mol)
        G96Bond       G96Angle    Proper Dih.  Improper Dih.          LJ-14
    1.78417e+01    3.88276e+01    9.59373e+00    1.50903e+01    3.64869e+01
     Coulomb-14        LJ (SR)   Coulomb (SR)   Coul. recip.      Potential
   -2.00170e+03    1.26206e+03   -9.21652e+03    2.26597e+01   -9.81566e+03
    Kinetic En.   Total Energy  Conserved En.    Temperature Pressure (bar)
    1.64498e+03   -8.17068e+03    1.03804e+04    3.15795e+02    4.98690e+01
   Constr. rmsd
    0.00000e+00


Energy conservation over simulation part #1 of length 5000 ps, time 0 to 5000 ps
  Conserved energy drift: 5.80e-03 kJ/mol/ps per atom


	<======  ###############  ==>
	<====  A V E R A G E S  ====>
	<==  ###############  ======>

	Statistics over 5000001 steps using 50001 frames

   Energies (kJ/mol)
        G96Bond       G96Angle    Proper Dih.  Improper Dih.          LJ-14
    1.90606e+01    4.35029e+01    9.78855e+00    8.77628e+00    3.37342e+01
     Coulomb-14        LJ (SR)   Coulomb (SR)   Coul. recip.      Potential
   -1.99017e+03    1.35497e+03   -9.35910e+03    2.85391e+01   -9.85091e+03
    Kinetic En.   Total Energy  Conserved En.    Temperature Pressure (bar)
    1.56495e+03   -8.28595e+03    1.62165e+03    3.00432e+02   -3.88448e+01
   Constr. rmsd
    0.00000e+00

          Box-X          Box-Y          Box-Z
    1.86910e+00    1.86910e+00    1.86910e+00

   Total Virial (kJ/mol)
    5.33245e+02    8.09898e-01    6.18641e-01
    8.09886e-01    5.33533e+02    4.44061e-01
    6.18622e-01    4.44064e-01    5.29239e+02

   Pressure (bar)
   -4.38617e+01   -4.00672e+00   -4.43215e+00
   -4.00665e+00   -4.31768e+01   -2.85605e+00
   -4.43206e+00   -2.85606e+00   -2.94958e+01


       P P   -   P M E   L O A D   B A L A N C I N G

 NOTE: The PP/PME load balancing was limited by the box size,
       you might not have reached a good load balance.

 PP/PME load balancing changed the cut-off and PME settings:
           particle-particle                    PME
            rcoulomb  rlist            grid      spacing   1/beta
   initial  1.200 nm  1.200 nm      16  16  16   0.150 nm  0.384 nm
   final    1.200 nm  1.200 nm      16  16  16   0.150 nm  0.384 nm
 cost-ratio           1.00             1.00
 (note that these numbers concern only part of the total PP and PME load)


	M E G A - F L O P S   A C C O U N T I N G

 NB=Group-cutoff nonbonded kernels    NxN=N-by-N cluster Verlet kernels
 RF=Reaction-Field  VdW=Van der Waals  QSTab=quadratic-spline table
 W3=SPC/TIP3p  W4=TIP4p (single or pairs)
 V&F=Potential and force  V=Potential only  F=Force only

 Computing:                               M-Number         M-Flops  % Flops
-----------------------------------------------------------------------------
 Pair Search distance check           14767.345264      132906.107     0.1
 NxN Ewald Elec. + LJ [F]           3149311.693696   245646312.108    98.3
 NxN Ewald Elec. + LJ [V&F]           31813.561088     4103949.380     1.6
 1,4 nonbonded interactions             160.000032       14400.003     0.0
 Shift-X                                124.000620         744.004     0.0
 Bonds                                   60.000012        3540.001     0.0
 Angles                                 200.000040       33600.007     0.0
 Propers                                 40.000008        9160.002     0.0
 Impropers                               20.000004        4160.001     0.0
 Virial                                  33.250665         598.512     0.0
 Stop-CM                                 31.000620         310.006     0.0
 P-Coupling                              31.000620         186.004     0.0
 Calc-Ekin                               62.001240        1674.033     0.0
-----------------------------------------------------------------------------
 Total                                               249951540.168   100.0
-----------------------------------------------------------------------------


      R E A L   C Y C L E   A N D   T I M E   A C C O U N T I N G

On 1 MPI rank, each using 6 OpenMP threads

 Activity:              Num   Num      Call    Wall time         Giga-Cycles
                        Ranks Threads  Count      (s)         total sum    %
--------------------------------------------------------------------------------
 Neighbor search           1    6     200001      18.507        298.491   6.3
 Launch PP GPU ops.        1    6    9800001      89.740       1447.346  30.6
 Force                     1    6    5000001      16.076        259.282   5.5
 PME GPU mesh              1    6    5000001      81.807       1319.394  27.9
 Wait GPU NB local         1    6    5000001       1.656         26.705   0.6
 Wait GPU state copy       1    6    5600003      74.682       1204.485  25.5
 NB X/F buffer ops.        1    6      50001       0.083          1.338   0.0
 Write traj.               1    6       1001       0.069          1.119   0.0
 Rest                                             10.175        164.110   3.5
--------------------------------------------------------------------------------
 Total                                           292.796       4722.269 100.0
--------------------------------------------------------------------------------
 Breakdown of PME mesh activities
--------------------------------------------------------------------------------
 Wait PME GPU gather       1    6    5000001       0.778         12.550   0.3
 Reduce GPU PME F          1    6    5000001       0.130          2.090   0.0
 Launch PME GPU ops.       1    6   45000009      78.187       1261.021  26.7
--------------------------------------------------------------------------------

               Core t (s)   Wall t (s)        (%)
       Time:     1756.774      292.796      600.0
                 (ns/day)    (hour/ns)
Performance:     1475.431        0.016
Finished mdrun on rank 0 Thu Aug 14 09:44:08 2025

