                      :-) GROMACS - gmx mdrun, 2024.2 (-:

Copyright 1991-2024 The GROMACS Authors.
GROMACS is free software; you can redistribute it and/or modify it
under the terms of the GNU Lesser General Public License
as published by the Free Software Foundation; either version 2.1
of the License, or (at your option) any later version.

                         Current GROMACS contributors:
       Mark Abraham           Andrey Alekseenko           Vladimir Basov      
      Cathrine Bergh            Eliane Briand               Ania Brown        
      Mahesh Doijade            Giacomo Fiorin          Stefan Fleischmann    
      Sergey Gorelov         Gilles Gouaillardet            Alan Gray         
     M. Eric Irrgang         Farzaneh Jalalypour            Joe Jordan        
     Carsten Kutzner           Justin A. Lemkul          Magnus Lundborg      
       Pascal Merz              Vedran Miletic            Dmitry Morozov      
       Julien Nabet              Szilard Pall        Andrea Pasquadibisceglie 
    Michele Pellegrino          Hubert Santuz             Roland Schulz       
     Tatiana Shugaeva          Alexey Shvetsov            Philip Turner       
     Alessandra Villa      Sebastian Wingbermuehle  

                         Previous GROMACS contributors:
        Emile Apol             Rossen Apostolov           James Barnett       
        Paul Bauer          Herman J.C. Berendsen          Par Bjelkmar       
      Christian Blau          Viacheslav Bolnykh            Kevin Boyd        
    Aldert van Buuren          Carlo Camilloni           Rudi van Drunen      
      Anton Feenstra           Oliver Fleetwood            Vytas Gapsys       
       Gaurav Garg             Gerrit Groenhof            Bert de Groot       
      Anca Hamuraru           Vincent Hindriksen          Victor Holanda      
     Aleksei Iupinov          Christoph Junghans        Prashanth Kanduri     
   Dimitrios Karkoulis           Peter Kasson             Sebastian Kehl      
     Sebastian Keller             Jiri Kraus               Per Larsson        
      Viveca Lindahl            Erik Marklund           Pieter Meulenhoff     
      Teemu Murtola              Sander Pronk             Michael Shirts      
      Alfons Sijbers            Balint Soproni         David van der Spoel    
      Peter Tieleman            Carsten Uphoff             Jon Vincent        
     Teemu Virolainen         Christian Wennberg           Maarten Wolf       
      Artem Zhmurov       

                  Coordinated by the GROMACS project leaders:
                           Berk Hess and Erik Lindahl

GROMACS:      gmx mdrun, version 2024.2
Executable:   /usr/local/gromacs/bin/gmx
Data prefix:  /usr/local/gromacs
Working dir:  /home/ricardo/dropbox_local/protocolo_filmes/casting_md/example/chitosan/4_md
Process ID:   81095
Command line:
  gmx mdrun -deffnm step2_npt -v

GROMACS version:     2024.2
Precision:           mixed
Memory model:        64 bit
MPI library:         thread_mpi
OpenMP support:      enabled (GMX_OPENMP_MAX_THREADS = 128)
GPU support:         CUDA
NBNxM GPU setup:     super-cluster 2x2x2 / cluster 8
SIMD instructions:   AVX2_256
CPU FFT library:     fftw-3.3.8-sse2-avx
GPU FFT library:     cuFFT
Multi-GPU FFT:       none
RDTSCP usage:        enabled
TNG support:         enabled
Hwloc support:       disabled
Tracing support:     disabled
C compiler:          /usr/bin/gcc-9 GNU 9.5.0
C compiler flags:    -fexcess-precision=fast -funroll-all-loops -mavx2 -mfma -Wno-missing-field-initializers -O3 -DNDEBUG
C++ compiler:        /usr/bin/c++ GNU 11.4.0
C++ compiler flags:  -fexcess-precision=fast -funroll-all-loops -mavx2 -mfma -Wno-missing-field-initializers -Wno-cast-function-type-strict -fopenmp -O3 -DNDEBUG
BLAS library:        External - detected on the system
LAPACK library:      External - detected on the system
CUDA compiler:       /usr/bin/nvcc nvcc: NVIDIA (R) Cuda compiler driver;Copyright (c) 2005-2021 NVIDIA Corporation;Built on Thu_Nov_18_09:45:30_PST_2021;Cuda compilation tools, release 11.5, V11.5.119;Build cuda_11.5.r11.5/compiler.30672275_0
CUDA compiler flags:-std=c++17;;-D_FORCE_INLINES;-Xcompiler;-fopenmp;-fexcess-precision=fast -funroll-all-loops -mavx2 -mfma -Wno-missing-field-initializers -Wno-cast-function-type-strict -fopenmp -O3 -DNDEBUG
CUDA driver:         12.70
CUDA runtime:        11.50


Running on 1 node with total 6 cores, 12 processing units, 1 compatible GPU
Hardware detected on host pop-os:
  CPU info:
    Vendor: Intel
    Brand:  11th Gen Intel(R) Core(TM) i5-11400H @ 2.70GHz
    Family: 6   Model: 141   Stepping: 1
    Features: aes apic avx avx2 avx512f avx512cd avx512bw avx512vl avx512secondFMA clfsh cmov cx8 cx16 f16c fma htt intel lahf mmx msr nonstop_tsc pcid pclmuldq pdcm pdpe1gb popcnt pse rdrnd rdtscp sha sse2 sse3 sse4.1 sse4.2 ssse3 tdt x2apic
    Number of AVX-512 FMA units: 1 (For Intel, AVX2 is faster w/o 2 AVX-512 FMA units)
  Hardware topology: Basic
    Packages, cores, and logical processors:
    [indices refer to OS logical processors]
      Package  0: [   0   6] [   1   7] [   2   8] [   3   9] [   4  10] [   5  11]
    CPU limit set by OS: -1   Recommended max number of threads: 12
  GPU info:
    Number of GPUs detected: 1
    #0: NVIDIA NVIDIA GeForce RTX 3050 Laptop GPU, compute cap.: 8.6, ECC:  no, stat: compatible


++++ PLEASE READ AND CITE THE FOLLOWING REFERENCE ++++
M. J. Abraham, T. Murtola, R. Schulz, S. Páll, J. C. Smith, B. Hess, E.
Lindahl
GROMACS: High performance molecular simulations through multi-level
parallelism from laptops to supercomputers
SoftwareX 1 (2015) pp. 19-25
-------- -------- --- Thank You --- -------- --------


++++ PLEASE READ AND CITE THE FOLLOWING REFERENCE ++++
S. Páll, M. J. Abraham, C. Kutzner, B. Hess, E. Lindahl
Tackling Exascale Software Challenges in Molecular Dynamics Simulations with
GROMACS
In S. Markidis & E. Laure (Eds.), Solving Software Challenges for Exascale 8759 (2015) pp. 3-27
-------- -------- --- Thank You --- -------- --------


++++ PLEASE READ AND CITE THE FOLLOWING REFERENCE ++++
S. Pronk, S. Páll, R. Schulz, P. Larsson, P. Bjelkmar, R. Apostolov, M. R.
Shirts, J. C. Smith, P. M. Kasson, D. van der Spoel, B. Hess, and E. Lindahl
GROMACS 4.5: a high-throughput and highly parallel open source molecular
simulation toolkit
Bioinformatics 29 (2013) pp. 845-54
-------- -------- --- Thank You --- -------- --------


++++ PLEASE READ AND CITE THE FOLLOWING REFERENCE ++++
B. Hess and C. Kutzner and D. van der Spoel and E. Lindahl
GROMACS 4: Algorithms for highly efficient, load-balanced, and scalable
molecular simulation
J. Chem. Theory Comput. 4 (2008) pp. 435-447
-------- -------- --- Thank You --- -------- --------


++++ PLEASE READ AND CITE THE FOLLOWING REFERENCE ++++
D. van der Spoel, E. Lindahl, B. Hess, G. Groenhof, A. E. Mark and H. J. C.
Berendsen
GROMACS: Fast, Flexible and Free
J. Comp. Chem. 26 (2005) pp. 1701-1719
-------- -------- --- Thank You --- -------- --------


++++ PLEASE READ AND CITE THE FOLLOWING REFERENCE ++++
E. Lindahl and B. Hess and D. van der Spoel
GROMACS 3.0: A package for molecular simulation and trajectory analysis
J. Mol. Mod. 7 (2001) pp. 306-317
-------- -------- --- Thank You --- -------- --------


++++ PLEASE READ AND CITE THE FOLLOWING REFERENCE ++++
H. J. C. Berendsen, D. van der Spoel and R. van Drunen
GROMACS: A message-passing parallel molecular dynamics implementation
Comp. Phys. Comm. 91 (1995) pp. 43-56
-------- -------- --- Thank You --- -------- --------


++++ PLEASE CITE THE DOI FOR THIS VERSION OF GROMACS ++++
https://doi.org/10.5281/zenodo.11148655
-------- -------- --- Thank You --- -------- --------

Input Parameters:
   integrator                     = md
   tinit                          = 0
   dt                             = 0.001
   nsteps                         = 500000
   init-step                      = 0
   simulation-part                = 1
   mts                            = false
   mass-repartition-factor        = 1
   comm-mode                      = Linear
   nstcomm                        = 100
   bd-fric                        = 0
   ld-seed                        = -2886148
   emtol                          = 10
   emstep                         = 0.01
   niter                          = 20
   fcstep                         = 0
   nstcgsteep                     = 1000
   nbfgscorr                      = 10
   rtpi                           = 0.05
   nstxout                        = 0
   nstvout                        = 0
   nstfout                        = 0
   nstlog                         = 1000
   nstcalcenergy                  = 100
   nstenergy                      = 1000
   nstxout-compressed             = 1000
   compressed-x-precision         = 1000
   cutoff-scheme                  = Verlet
   nstlist                        = 10
   pbc                            = xyz
   periodic-molecules             = false
   verlet-buffer-tolerance        = 0.005
   verlet-buffer-pressure-tolerance = 0.5
   rlist                          = 1.2
   coulombtype                    = PME
   coulomb-modifier               = Potential-shift
   rcoulomb-switch                = 0
   rcoulomb                       = 1.2
   epsilon-r                      = 1
   epsilon-rf                     = inf
   vdw-type                       = Cut-off
   vdw-modifier                   = Force-switch
   rvdw-switch                    = 1
   rvdw                           = 1.2
   DispCorr                       = No
   table-extension                = 1
   fourierspacing                 = 0.16
   fourier-nx                     = 64
   fourier-ny                     = 64
   fourier-nz                     = 44
   pme-order                      = 4
   ewald-rtol                     = 1e-05
   ewald-rtol-lj                  = 0.001
   lj-pme-comb-rule               = Geometric
   ewald-geometry                 = 3d
   epsilon-surface                = 0
   ensemble-temperature-setting   = constant
   ensemble-temperature           = 300
   tcoupl                         = V-rescale
   nsttcouple                     = 100
   nh-chain-length                = 0
   print-nose-hoover-chain-variables = false
   pcoupl                         = C-rescale
   pcoupltype                     = Semiisotropic
   nstpcouple                     = 100
   tau-p                          = 2
   compressibility (3x3):
      compressibility[    0]={ 0.00000e+00,  0.00000e+00,  0.00000e+00}
      compressibility[    1]={ 0.00000e+00,  0.00000e+00,  0.00000e+00}
      compressibility[    2]={ 0.00000e+00,  0.00000e+00,  4.50000e-05}
   ref-p (3x3):
      ref-p[    0]={ 0.00000e+00,  0.00000e+00,  0.00000e+00}
      ref-p[    1]={ 0.00000e+00,  0.00000e+00,  0.00000e+00}
      ref-p[    2]={ 0.00000e+00,  0.00000e+00,  1.00000e+00}
   refcoord-scaling               = COM
   posres-com (3):
      posres-com[0]= 0.00000e+00
      posres-com[1]= 0.00000e+00
      posres-com[2]= 0.00000e+00
   posres-comB (3):
      posres-comB[0]= 0.00000e+00
      posres-comB[1]= 0.00000e+00
      posres-comB[2]= 0.00000e+00
   QMMM                           = false
qm-opts:
   ngQM                           = 0
   constraint-algorithm           = Lincs
   continuation                   = true
   Shake-SOR                      = false
   shake-tol                      = 0.0001
   lincs-order                    = 4
   lincs-iter                     = 1
   lincs-warnangle                = 30
   nwall                          = 0
   wall-type                      = 9-3
   wall-r-linpot                  = -1
   wall-atomtype[0]               = -1
   wall-atomtype[1]               = -1
   wall-density[0]                = 0
   wall-density[1]                = 0
   wall-ewald-zfac                = 3
   pull                           = false
   awh                            = false
   rotation                       = false
   interactiveMD                  = false
   disre                          = No
   disre-weighting                = Conservative
   disre-mixed                    = false
   dr-fc                          = 1000
   dr-tau                         = 0
   nstdisreout                    = 100
   orire-fc                       = 0
   orire-tau                      = 0
   nstorireout                    = 100
   free-energy                    = no
   cos-acceleration               = 0
   deform (3x3):
      deform[    0]={ 0.00000e+00,  0.00000e+00,  0.00000e+00}
      deform[    1]={ 0.00000e+00,  0.00000e+00,  0.00000e+00}
      deform[    2]={ 0.00000e+00,  0.00000e+00,  0.00000e+00}
   simulated-tempering            = false
   swapcoords                     = no
   userint1                       = 0
   userint2                       = 0
   userint3                       = 0
   userint4                       = 0
   userreal1                      = 0
   userreal2                      = 0
   userreal3                      = 0
   userreal4                      = 0
   applied-forces:
     electric-field:
       x:
         E0                       = 0
         omega                    = 0
         t0                       = 0
         sigma                    = 0
       y:
         E0                       = 0
         omega                    = 0
         t0                       = 0
         sigma                    = 0
       z:
         E0                       = 0
         omega                    = 0
         t0                       = 0
         sigma                    = 0
     density-guided-simulation:
       active                     = false
       group                      = protein
       similarity-measure         = inner-product
       atom-spreading-weight      = unity
       force-constant             = 1e+09
       gaussian-transform-spreading-width = 0.2
       gaussian-transform-spreading-range-in-multiples-of-width = 4
       reference-density-filename = reference.mrc
       nst                        = 1
       normalize-densities        = true
       adaptive-force-scaling     = false
       adaptive-force-scaling-time-constant = 4
       shift-vector               = 
       transformation-matrix      = 
     qmmm-cp2k:
       active                     = false
       qmgroup                    = System
       qmmethod                   = PBE
       qmfilenames                = 
       qmcharge                   = 0
       qmmultiplicity             = 1
     colvars:
       active                     = false
       configfile                 = 
       seed                       = -1
grpopts:
   nrdf:      114545
   ref-t:         300
   tau-t:           1
annealing:          No
annealing-npoints:           0
   acc:	           0           0           0
   nfreeze:           N           N           N
   energygrp-flags[  0]: 0

Changing nstlist from 10 to 100, rlist from 1.2 to 1.274

When checking whether update groups are usable:
  Domain decomposition is not active, so there is no need for update groups
1 GPU selected for this run.
Mapping of GPU IDs to the 2 GPU tasks in the 1 rank on this node:
  PP:0,PME:0
PP tasks will do (non-perturbed) short-ranged interactions on the GPU
PP task will update and constrain coordinates on the GPU
PME tasks will do all aspects on the GPU
Using 1 MPI thread
Using 12 OpenMP threads 

System total charge: 0.000
Will do PME sum in reciprocal space for electrostatic interactions.

++++ PLEASE READ AND CITE THE FOLLOWING REFERENCE ++++
U. Essmann, L. Perera, M. L. Berkowitz, T. Darden, H. Lee and L. G. Pedersen 
A smooth particle mesh Ewald method
J. Chem. Phys. 103 (1995) pp. 8577-8592
-------- -------- --- Thank You --- -------- --------

Using a Gaussian width (1/beta) of 0.384195 nm for Ewald
Potential shift: LJ r^-12: -2.648e-01 r^-6: -5.349e-01, Ewald -8.333e-06
Initialized non-bonded Coulomb Ewald tables, spacing: 1.02e-03 size: 1176

Generated table with 1137 data points for 1-4 COUL.
Tabscale = 500 points/nm
Generated table with 1137 data points for 1-4 LJ6.
Tabscale = 500 points/nm
Generated table with 1137 data points for 1-4 LJ12.
Tabscale = 500 points/nm


Using GPU 8x8 nonbonded short-range kernels

Using a dual 8x8 pair-list setup updated with dynamic, rolling pruning:
  outer list: updated every 100 steps, buffer 0.074 nm, rlist 1.274 nm
  inner list: updated every  32 steps, buffer 0.001 nm, rlist 1.201 nm
At tolerance 0.005 kJ/mol/ps per atom, equivalent classical 1x1 list would be:
  outer list: updated every 100 steps, buffer 0.211 nm, rlist 1.411 nm
  inner list: updated every  32 steps, buffer 0.067 nm, rlist 1.267 nm

The average pressure is off by at most 0.11 bar due to missing LJ interactions

Pinning threads with an auto-selected logical cpu stride of 1

Initializing LINear Constraint Solver

++++ PLEASE READ AND CITE THE FOLLOWING REFERENCE ++++
B. Hess and H. Bekker and H. J. C. Berendsen and J. G. E. M. Fraaije
LINCS: A Linear Constraint Solver for molecular simulations
J. Comp. Chem. 18 (1997) pp. 1463-1472
-------- -------- --- Thank You --- -------- --------

The number of constraints is 5764

++++ PLEASE READ AND CITE THE FOLLOWING REFERENCE ++++
S. Miyamoto and P. A. Kollman
SETTLE: An Analytical Version of the SHAKE and RATTLE Algorithms for Rigid
Water Models
J. Comp. Chem. 13 (1992) pp. 952-962
-------- -------- --- Thank You --- -------- --------


++++ PLEASE READ AND CITE THE FOLLOWING REFERENCE ++++
G. Bussi, D. Donadio and M. Parrinello
Canonical sampling through velocity rescaling
J. Chem. Phys. 126 (2007) pp. 014101
-------- -------- --- Thank You --- -------- --------


++++ PLEASE READ AND CITE THE FOLLOWING REFERENCE ++++
M. Bernetti, G. Bussi
Pressure control using stochastic cell rescaling
J. Chem. Phys. 153 (2020) pp. 114107
-------- -------- --- Thank You --- -------- --------

There are: 54082 Atoms

Updating coordinates and applying constraints on the GPU.
Center of mass motion removal mode is Linear
We have the following groups for center of mass motion removal:
  0:  rest

Started mdrun on rank 0 Fri Aug 15 14:48:45 2025

           Step           Time
              0        0.00000

   Energies (kJ/mol)
        G96Bond       G96Angle    Proper Dih.  Improper Dih.          LJ-14
    1.13050e+04    2.37773e+04    5.30976e+03    1.73927e+03    1.50763e+04
     Coulomb-14        LJ (SR)   Coulomb (SR)   Coul. recip.      Potential
   -1.08492e+05    7.30735e+04   -6.84557e+05    2.65079e+03   -6.60117e+05
    Kinetic En.   Total Energy  Conserved En.    Temperature Pressure (bar)
    1.42721e+05   -5.17396e+05   -5.17380e+05    2.99714e+02   -3.13984e+02
   Constr. rmsd
    0.00000e+00

           Step           Time
           1000        1.00000

   Energies (kJ/mol)
        G96Bond       G96Angle    Proper Dih.  Improper Dih.          LJ-14
    1.15416e+04    2.35596e+04    5.24198e+03    1.65295e+03    1.47357e+04
     Coulomb-14        LJ (SR)   Coulomb (SR)   Coul. recip.      Potential
   -1.08041e+05    7.50063e+04   -6.85994e+05    2.77714e+03   -6.59520e+05
    Kinetic En.   Total Energy  Conserved En.    Temperature Pressure (bar)
    1.42982e+05   -5.16538e+05   -5.17375e+05    3.00262e+02   -3.47192e+02
   Constr. rmsd
    0.00000e+00

           Step           Time
           2000        2.00000

   Energies (kJ/mol)
        G96Bond       G96Angle    Proper Dih.  Improper Dih.          LJ-14
    1.14697e+04    2.41169e+04    5.30533e+03    1.71231e+03    1.46511e+04
     Coulomb-14        LJ (SR)   Coulomb (SR)   Coul. recip.      Potential
   -1.08367e+05    7.32637e+04   -6.83565e+05    2.73081e+03   -6.58682e+05
    Kinetic En.   Total Energy  Conserved En.    Temperature Pressure (bar)
    1.42518e+05   -5.16165e+05   -5.17231e+05    2.99288e+02   -3.65670e+02
   Constr. rmsd
    0.00000e+00

step 2900: timed with pme grid 64 64 44, coulomb cutoff 1.200: 464.3 M-cycles
           Step           Time
           3000        3.00000

   Energies (kJ/mol)
        G96Bond       G96Angle    Proper Dih.  Improper Dih.          LJ-14
    1.12046e+04    2.36728e+04    5.26752e+03    1.60788e+03    1.47276e+04
     Coulomb-14        LJ (SR)   Coulomb (SR)   Coul. recip.      Potential
   -1.07866e+05    7.47145e+04   -6.84969e+05    2.29133e+03   -6.59348e+05
    Kinetic En.   Total Energy  Conserved En.    Temperature Pressure (bar)
    1.43178e+05   -5.16170e+05   -5.17055e+05    3.00675e+02   -1.15218e+02
   Constr. rmsd
    0.00000e+00

step 3100: timed with pme grid 60 60 40, coulomb cutoff 1.265: 516.3 M-cycles
step 3300: timed with pme grid 56 56 36, coulomb cutoff 1.406: 608.9 M-cycles
step 3500: timed with pme grid 56 56 40, coulomb cutoff 1.339: 562.2 M-cycles
step 3700: timed with pme grid 60 60 40, coulomb cutoff 1.265: 503.1 M-cycles
step 3900: timed with pme grid 60 60 42, coulomb cutoff 1.250: 493.5 M-cycles
           Step           Time
           4000        4.00000

   Energies (kJ/mol)
        G96Bond       G96Angle    Proper Dih.  Improper Dih.          LJ-14
    1.08550e+04    2.37364e+04    5.25871e+03    1.74164e+03    1.47777e+04
     Coulomb-14        LJ (SR)   Coulomb (SR)   Coul. recip.      Potential
   -1.07962e+05    7.48340e+04   -6.86546e+05    2.79647e+03   -6.60507e+05
    Kinetic En.   Total Energy  Conserved En.    Temperature Pressure (bar)
    1.42788e+05   -5.17719e+05   -5.16813e+05    2.99855e+02   -1.64221e+02
   Constr. rmsd
    0.00000e+00

step 4100: timed with pme grid 64 64 42, coulomb cutoff 1.205: 470.0 M-cycles
step 4300: timed with pme grid 64 64 44, coulomb cutoff 1.200: 457.8 M-cycles
step 4500: timed with pme grid 60 60 40, coulomb cutoff 1.265: 508.3 M-cycles
step 4700: timed with pme grid 60 60 42, coulomb cutoff 1.250: 493.2 M-cycles
step 4900: timed with pme grid 64 64 42, coulomb cutoff 1.205: 464.2 M-cycles
           Step           Time
           5000        5.00000

   Energies (kJ/mol)
        G96Bond       G96Angle    Proper Dih.  Improper Dih.          LJ-14
    1.13751e+04    2.37855e+04    5.28151e+03    1.79184e+03    1.47809e+04
     Coulomb-14        LJ (SR)   Coulomb (SR)   Coul. recip.      Potential
   -1.08091e+05    7.44137e+04   -6.86759e+05    2.68294e+03   -6.60738e+05
    Kinetic En.   Total Energy  Conserved En.    Temperature Pressure (bar)
    1.41744e+05   -5.18994e+05   -5.16760e+05    2.97662e+02   -3.95093e+02
   Constr. rmsd
    0.00000e+00

step 5100: timed with pme grid 64 64 44, coulomb cutoff 1.200: 464.7 M-cycles
              optimal pme grid 64 64 44, coulomb cutoff 1.200
           Step           Time
           6000        6.00000

   Energies (kJ/mol)
        G96Bond       G96Angle    Proper Dih.  Improper Dih.          LJ-14
    1.11636e+04    2.35596e+04    5.27787e+03    1.79266e+03    1.47392e+04
     Coulomb-14        LJ (SR)   Coulomb (SR)   Coul. recip.      Potential
   -1.08155e+05    7.54419e+04   -6.87794e+05    2.70690e+03   -6.61267e+05
    Kinetic En.   Total Energy  Conserved En.    Temperature Pressure (bar)
    1.42460e+05   -5.18807e+05   -5.16429e+05    2.99167e+02   -1.14951e+02
   Constr. rmsd
    0.00000e+00

           Step           Time
           7000        7.00000

   Energies (kJ/mol)
        G96Bond       G96Angle    Proper Dih.  Improper Dih.          LJ-14
    1.11850e+04    2.37406e+04    5.32101e+03    1.72262e+03    1.46571e+04
     Coulomb-14        LJ (SR)   Coulomb (SR)   Coul. recip.      Potential
   -1.08172e+05    7.45169e+04   -6.85796e+05    2.62258e+03   -6.60203e+05
    Kinetic En.   Total Energy  Conserved En.    Temperature Pressure (bar)
    1.41808e+05   -5.18395e+05   -5.16297e+05    2.97797e+02   -2.67886e+02
   Constr. rmsd
    0.00000e+00

           Step           Time
           8000        8.00000

   Energies (kJ/mol)
        G96Bond       G96Angle    Proper Dih.  Improper Dih.          LJ-14
    1.10990e+04    2.37604e+04    5.30117e+03    1.74057e+03    1.50163e+04
     Coulomb-14        LJ (SR)   Coulomb (SR)   Coul. recip.      Potential
   -1.08474e+05    7.30476e+04   -6.84102e+05    2.78302e+03   -6.59827e+05
    Kinetic En.   Total Energy  Conserved En.    Temperature Pressure (bar)
    1.41385e+05   -5.18443e+05   -5.16100e+05    2.96908e+02   -3.47686e+02
   Constr. rmsd
    0.00000e+00

           Step           Time
           9000        9.00000

   Energies (kJ/mol)
        G96Bond       G96Angle    Proper Dih.  Improper Dih.          LJ-14
    1.12431e+04    2.36438e+04    5.20894e+03    1.62669e+03    1.50753e+04
     Coulomb-14        LJ (SR)   Coulomb (SR)   Coul. recip.      Potential
   -1.08200e+05    7.35039e+04   -6.85422e+05    2.65540e+03   -6.60665e+05
    Kinetic En.   Total Energy  Conserved En.    Temperature Pressure (bar)
    1.42463e+05   -5.18203e+05   -5.15732e+05    2.99172e+02   -2.41667e+02
   Constr. rmsd
    0.00000e+00

           Step           Time
          10000       10.00000

   Energies (kJ/mol)
        G96Bond       G96Angle    Proper Dih.  Improper Dih.          LJ-14
    1.10476e+04    2.36873e+04    5.25856e+03    1.62855e+03    1.49599e+04
     Coulomb-14        LJ (SR)   Coulomb (SR)   Coul. recip.      Potential
   -1.08220e+05    7.38219e+04   -6.86594e+05    2.73895e+03   -6.61670e+05
    Kinetic En.   Total Energy  Conserved En.    Temperature Pressure (bar)
    1.42461e+05   -5.19209e+05   -5.15484e+05    2.99168e+02   -2.05549e+02
   Constr. rmsd
    0.00000e+00

           Step           Time
          11000       11.00000

   Energies (kJ/mol)
        G96Bond       G96Angle    Proper Dih.  Improper Dih.          LJ-14
    1.10011e+04    2.37246e+04    5.34342e+03    1.75569e+03    1.50541e+04
     Coulomb-14        LJ (SR)   Coulomb (SR)   Coul. recip.      Potential
   -1.08435e+05    7.43094e+04   -6.86517e+05    2.74654e+03   -6.61017e+05
    Kinetic En.   Total Energy  Conserved En.    Temperature Pressure (bar)
    1.42405e+05   -5.18612e+05   -5.15298e+05    2.99051e+02   -1.45195e+02
   Constr. rmsd
    0.00000e+00

           Step           Time
          12000       12.00000

   Energies (kJ/mol)
        G96Bond       G96Angle    Proper Dih.  Improper Dih.          LJ-14
    1.11867e+04    2.34579e+04    5.36110e+03    1.70603e+03    1.47880e+04
     Coulomb-14        LJ (SR)   Coulomb (SR)   Coul. recip.      Potential
   -1.08303e+05    7.31888e+04   -6.85594e+05    2.70999e+03   -6.61499e+05
    Kinetic En.   Total Energy  Conserved En.    Temperature Pressure (bar)
    1.43032e+05   -5.18466e+05   -5.15076e+05    3.00368e+02   -3.66027e+02
   Constr. rmsd
    0.00000e+00

           Step           Time
          13000       13.00000

   Energies (kJ/mol)
        G96Bond       G96Angle    Proper Dih.  Improper Dih.          LJ-14
    1.12777e+04    2.37141e+04    5.25726e+03    1.70092e+03    1.47900e+04
     Coulomb-14        LJ (SR)   Coulomb (SR)   Coul. recip.      Potential
   -1.08300e+05    7.41241e+04   -6.86307e+05    2.67451e+03   -6.61069e+05
    Kinetic En.   Total Energy  Conserved En.    Temperature Pressure (bar)
    1.42922e+05   -5.18147e+05   -5.14859e+05    3.00136e+02   -3.53741e+02
   Constr. rmsd
    0.00000e+00

           Step           Time
          14000       14.00000

   Energies (kJ/mol)
        G96Bond       G96Angle    Proper Dih.  Improper Dih.          LJ-14
    1.14628e+04    2.39910e+04    5.35297e+03    1.73267e+03    1.48735e+04
     Coulomb-14        LJ (SR)   Coulomb (SR)   Coul. recip.      Potential
   -1.08581e+05    7.49911e+04   -6.86567e+05    2.72275e+03   -6.60022e+05
    Kinetic En.   Total Energy  Conserved En.    Temperature Pressure (bar)
    1.42664e+05   -5.17357e+05   -5.14652e+05    2.99595e+02   -1.45125e+02
   Constr. rmsd
    0.00000e+00

           Step           Time
          15000       15.00000

   Energies (kJ/mol)
        G96Bond       G96Angle    Proper Dih.  Improper Dih.          LJ-14
    1.11357e+04    2.36886e+04    5.17062e+03    1.65165e+03    1.50444e+04
     Coulomb-14        LJ (SR)   Coulomb (SR)   Coul. recip.      Potential
   -1.08403e+05    7.24505e+04   -6.83980e+05    2.72224e+03   -6.60519e+05
    Kinetic En.   Total Energy  Conserved En.    Temperature Pressure (bar)
    1.42707e+05   -5.17812e+05   -5.14468e+05    2.99685e+02   -2.18058e+02
   Constr. rmsd
    0.00000e+00

           Step           Time
          16000       16.00000

   Energies (kJ/mol)
        G96Bond       G96Angle    Proper Dih.  Improper Dih.          LJ-14
    1.11753e+04    2.38733e+04    5.41111e+03    1.76152e+03    1.49154e+04
     Coulomb-14        LJ (SR)   Coulomb (SR)   Coul. recip.      Potential
   -1.08316e+05    7.19163e+04   -6.84152e+05    2.68135e+03   -6.60734e+05
    Kinetic En.   Total Energy  Conserved En.    Temperature Pressure (bar)
    1.42995e+05   -5.17739e+05   -5.14157e+05    3.00290e+02   -2.95906e+02
   Constr. rmsd
    0.00000e+00

           Step           Time
          17000       17.00000

   Energies (kJ/mol)
        G96Bond       G96Angle    Proper Dih.  Improper Dih.          LJ-14
    1.13254e+04    2.36790e+04    5.31038e+03    1.73560e+03    1.49400e+04
     Coulomb-14        LJ (SR)   Coulomb (SR)   Coul. recip.      Potential
   -1.08185e+05    7.35638e+04   -6.86379e+05    2.79364e+03   -6.61216e+05
    Kinetic En.   Total Energy  Conserved En.    Temperature Pressure (bar)
    1.43274e+05   -5.17943e+05   -5.13906e+05    3.00875e+02   -2.35105e+02
   Constr. rmsd
    0.00000e+00

           Step           Time
          18000       18.00000

   Energies (kJ/mol)
        G96Bond       G96Angle    Proper Dih.  Improper Dih.          LJ-14
    1.14056e+04    2.40331e+04    5.16134e+03    1.74657e+03    1.49247e+04
     Coulomb-14        LJ (SR)   Coulomb (SR)   Coul. recip.      Potential
   -1.08287e+05    7.30236e+04   -6.85269e+05    2.66401e+03   -6.60597e+05
    Kinetic En.   Total Energy  Conserved En.    Temperature Pressure (bar)
    1.43357e+05   -5.17240e+05   -5.13755e+05    3.01051e+02   -2.66318e+02
   Constr. rmsd
    0.00000e+00

           Step           Time
          19000       19.00000

   Energies (kJ/mol)
        G96Bond       G96Angle    Proper Dih.  Improper Dih.          LJ-14
    1.13679e+04    2.36614e+04    5.33100e+03    1.75169e+03    1.50425e+04
     Coulomb-14        LJ (SR)   Coulomb (SR)   Coul. recip.      Potential
   -1.08292e+05    7.37002e+04   -6.86247e+05    2.74465e+03   -6.60940e+05
    Kinetic En.   Total Energy  Conserved En.    Temperature Pressure (bar)
    1.43799e+05   -5.17141e+05   -5.13573e+05    3.01978e+02   -1.72321e+02
   Constr. rmsd
    0.00000e+00

           Step           Time
          20000       20.00000

   Energies (kJ/mol)
        G96Bond       G96Angle    Proper Dih.  Improper Dih.          LJ-14
    1.14350e+04    2.38655e+04    5.22624e+03    1.65509e+03    1.47582e+04
     Coulomb-14        LJ (SR)   Coulomb (SR)   Coul. recip.      Potential
   -1.08189e+05    7.25844e+04   -6.84220e+05    2.58831e+03   -6.60297e+05
    Kinetic En.   Total Energy  Conserved En.    Temperature Pressure (bar)
    1.43767e+05   -5.16529e+05   -5.13462e+05    3.01911e+02   -3.71735e+02
   Constr. rmsd
    0.00000e+00

           Step           Time
          21000       21.00000

   Energies (kJ/mol)
        G96Bond       G96Angle    Proper Dih.  Improper Dih.          LJ-14
    1.12993e+04    2.38724e+04    5.25860e+03    1.67037e+03    1.50283e+04
     Coulomb-14        LJ (SR)   Coulomb (SR)   Coul. recip.      Potential
   -1.07923e+05    7.32887e+04   -6.84529e+05    2.66160e+03   -6.59373e+05
    Kinetic En.   Total Energy  Conserved En.    Temperature Pressure (bar)
    1.43002e+05   -5.16371e+05   -5.13444e+05    3.00304e+02   -2.68088e+02
   Constr. rmsd
    0.00000e+00

           Step           Time
          22000       22.00000

   Energies (kJ/mol)
        G96Bond       G96Angle    Proper Dih.  Improper Dih.          LJ-14
    1.14844e+04    2.40938e+04    5.42539e+03    1.73811e+03    1.47618e+04
     Coulomb-14        LJ (SR)   Coulomb (SR)   Coul. recip.      Potential
   -1.08220e+05    7.24993e+04   -6.84318e+05    2.74444e+03   -6.59790e+05
    Kinetic En.   Total Energy  Conserved En.    Temperature Pressure (bar)
    1.42663e+05   -5.17127e+05   -5.13218e+05    2.99593e+02   -6.37956e+02
   Constr. rmsd
    0.00000e+00

           Step           Time
          23000       23.00000

   Energies (kJ/mol)
        G96Bond       G96Angle    Proper Dih.  Improper Dih.          LJ-14
    1.12887e+04    2.39707e+04    5.26412e+03    1.79834e+03    1.48615e+04
     Coulomb-14        LJ (SR)   Coulomb (SR)   Coul. recip.      Potential
   -1.08184e+05    7.42693e+04   -6.86132e+05    2.82799e+03   -6.60035e+05
    Kinetic En.   Total Energy  Conserved En.    Temperature Pressure (bar)
    1.42646e+05   -5.17389e+05   -5.12922e+05    2.99558e+02   -2.26469e+02
   Constr. rmsd
    0.00000e+00

           Step           Time
          24000       24.00000

   Energies (kJ/mol)
        G96Bond       G96Angle    Proper Dih.  Improper Dih.          LJ-14
    1.14505e+04    2.35584e+04    5.40894e+03    1.70277e+03    1.50286e+04
     Coulomb-14        LJ (SR)   Coulomb (SR)   Coul. recip.      Potential
   -1.08130e+05    7.45126e+04   -6.87522e+05    2.77258e+03   -6.61218e+05
    Kinetic En.   Total Energy  Conserved En.    Temperature Pressure (bar)
    1.43597e+05   -5.17621e+05   -5.12553e+05    3.01554e+02   -2.50076e+02
   Constr. rmsd
    0.00000e+00

           Step           Time
          25000       25.00000

   Energies (kJ/mol)
        G96Bond       G96Angle    Proper Dih.  Improper Dih.          LJ-14
    1.11465e+04    2.36206e+04    5.25822e+03    1.79801e+03    1.49188e+04
     Coulomb-14        LJ (SR)   Coulomb (SR)   Coul. recip.      Potential
   -1.08089e+05    7.27975e+04   -6.85227e+05    2.69792e+03   -6.61078e+05
    Kinetic En.   Total Energy  Conserved En.    Temperature Pressure (bar)
    1.43704e+05   -5.17374e+05   -5.12249e+05    3.01779e+02   -4.44400e+02
   Constr. rmsd
    0.00000e+00

           Step           Time
          26000       26.00000

   Energies (kJ/mol)
        G96Bond       G96Angle    Proper Dih.  Improper Dih.          LJ-14
    1.16072e+04    2.39593e+04    5.23638e+03    1.67216e+03    1.47262e+04
     Coulomb-14        LJ (SR)   Coulomb (SR)   Coul. recip.      Potential
   -1.08139e+05    7.26297e+04   -6.84727e+05    2.65811e+03   -6.60377e+05
    Kinetic En.   Total Energy  Conserved En.    Temperature Pressure (bar)
    1.43325e+05   -5.17052e+05   -5.12124e+05    3.00983e+02   -4.93694e+02
   Constr. rmsd
    0.00000e+00

           Step           Time
          27000       27.00000

   Energies (kJ/mol)
        G96Bond       G96Angle    Proper Dih.  Improper Dih.          LJ-14
    1.09800e+04    2.42519e+04    5.42272e+03    1.88101e+03    1.50273e+04
     Coulomb-14        LJ (SR)   Coulomb (SR)   Coul. recip.      Potential
   -1.07983e+05    7.28396e+04   -6.84927e+05    2.69908e+03   -6.59808e+05
    Kinetic En.   Total Energy  Conserved En.    Temperature Pressure (bar)
    1.43148e+05   -5.16661e+05   -5.11916e+05    3.00610e+02   -2.76470e+02
   Constr. rmsd
    0.00000e+00

           Step           Time
          28000       28.00000

   Energies (kJ/mol)
        G96Bond       G96Angle    Proper Dih.  Improper Dih.          LJ-14
    1.13919e+04    2.40662e+04    5.30014e+03    1.75975e+03    1.49765e+04
     Coulomb-14        LJ (SR)   Coulomb (SR)   Coul. recip.      Potential
   -1.08347e+05    7.21158e+04   -6.83942e+05    2.59898e+03   -6.60080e+05
    Kinetic En.   Total Energy  Conserved En.    Temperature Pressure (bar)
    1.42145e+05   -5.17935e+05   -5.11811e+05    2.98505e+02   -4.77927e+02
   Constr. rmsd
    0.00000e+00

           Step           Time
          29000       29.00000

   Energies (kJ/mol)
        G96Bond       G96Angle    Proper Dih.  Improper Dih.          LJ-14
    1.11639e+04    2.40748e+04    5.28067e+03    1.74349e+03    1.47918e+04
     Coulomb-14        LJ (SR)   Coulomb (SR)   Coul. recip.      Potential
   -1.07994e+05    7.21184e+04   -6.84149e+05    2.61437e+03   -6.60355e+05
    Kinetic En.   Total Energy  Conserved En.    Temperature Pressure (bar)
    1.42809e+05   -5.17546e+05   -5.11599e+05    2.99899e+02   -3.65238e+02
   Constr. rmsd
    0.00000e+00

           Step           Time
          30000       30.00000

   Energies (kJ/mol)
        G96Bond       G96Angle    Proper Dih.  Improper Dih.          LJ-14
    1.11625e+04    2.36111e+04    5.42310e+03    1.83729e+03    1.49554e+04
     Coulomb-14        LJ (SR)   Coulomb (SR)   Coul. recip.      Potential
   -1.08048e+05    7.40096e+04   -6.86830e+05    2.65830e+03   -6.61222e+05
    Kinetic En.   Total Energy  Conserved En.    Temperature Pressure (bar)
    1.42446e+05   -5.18775e+05   -5.11473e+05    2.99138e+02   -2.01756e+02
   Constr. rmsd
    0.00000e+00

           Step           Time
          31000       31.00000

   Energies (kJ/mol)
        G96Bond       G96Angle    Proper Dih.  Improper Dih.          LJ-14
    1.11070e+04    2.39917e+04    5.34268e+03    1.76415e+03    1.51598e+04
     Coulomb-14        LJ (SR)   Coulomb (SR)   Coul. recip.      Potential
   -1.08162e+05    7.26819e+04   -6.86076e+05    2.65203e+03   -6.61539e+05
    Kinetic En.   Total Energy  Conserved En.    Temperature Pressure (bar)
    1.42571e+05   -5.18967e+05   -5.11178e+05    2.99400e+02   -3.39594e+02
   Constr. rmsd
    0.00000e+00

           Step           Time
          32000       32.00000

   Energies (kJ/mol)
        G96Bond       G96Angle    Proper Dih.  Improper Dih.          LJ-14
    1.14103e+04    2.44348e+04    5.31313e+03    1.84475e+03    1.49134e+04
     Coulomb-14        LJ (SR)   Coulomb (SR)   Coul. recip.      Potential
   -1.08386e+05    7.34164e+04   -6.86560e+05    2.68793e+03   -6.60925e+05
    Kinetic En.   Total Energy  Conserved En.    Temperature Pressure (bar)
    1.42886e+05   -5.18038e+05   -5.10937e+05    3.00062e+02   -2.46668e+02
   Constr. rmsd
    0.00000e+00

           Step           Time
          33000       33.00000

   Energies (kJ/mol)
        G96Bond       G96Angle    Proper Dih.  Improper Dih.          LJ-14
    1.13592e+04    2.41508e+04    5.45970e+03    1.80214e+03    1.48325e+04
     Coulomb-14        LJ (SR)   Coulomb (SR)   Coul. recip.      Potential
   -1.08073e+05    7.30493e+04   -6.85807e+05    2.64129e+03   -6.60586e+05
    Kinetic En.   Total Energy  Conserved En.    Temperature Pressure (bar)
    1.43360e+05   -5.17225e+05   -5.10518e+05    3.01057e+02   -2.34546e+02
   Constr. rmsd
    0.00000e+00

           Step           Time
          34000       34.00000

   Energies (kJ/mol)
        G96Bond       G96Angle    Proper Dih.  Improper Dih.          LJ-14
    1.13109e+04    2.37650e+04    5.44931e+03    1.69465e+03    1.51063e+04
     Coulomb-14        LJ (SR)   Coulomb (SR)   Coul. recip.      Potential
   -1.08127e+05    7.28693e+04   -6.86754e+05    2.63160e+03   -6.62054e+05
    Kinetic En.   Total Energy  Conserved En.    Temperature Pressure (bar)
    1.43222e+05   -5.18832e+05   -5.10343e+05    3.00767e+02   -3.62807e+02
   Constr. rmsd
    0.00000e+00

           Step           Time
          35000       35.00000

   Energies (kJ/mol)
        G96Bond       G96Angle    Proper Dih.  Improper Dih.          LJ-14
    1.14496e+04    2.36219e+04    5.43762e+03    1.71856e+03    1.51495e+04
     Coulomb-14        LJ (SR)   Coulomb (SR)   Coul. recip.      Potential
   -1.08072e+05    7.35886e+04   -6.87334e+05    2.54795e+03   -6.61893e+05
    Kinetic En.   Total Energy  Conserved En.    Temperature Pressure (bar)
    1.44035e+05   -5.17858e+05   -5.10131e+05    3.02474e+02   -1.46533e+02
   Constr. rmsd
    0.00000e+00

           Step           Time
          36000       36.00000

   Energies (kJ/mol)
        G96Bond       G96Angle    Proper Dih.  Improper Dih.          LJ-14
    1.16012e+04    2.37863e+04    5.40930e+03    1.73276e+03    1.50562e+04
     Coulomb-14        LJ (SR)   Coulomb (SR)   Coul. recip.      Potential
   -1.08177e+05    7.42848e+04   -6.88910e+05    2.55682e+03   -6.62660e+05
    Kinetic En.   Total Energy  Conserved En.    Temperature Pressure (bar)
    1.42181e+05   -5.20479e+05   -5.09947e+05    2.98580e+02   -2.15310e+02
   Constr. rmsd
    0.00000e+00

           Step           Time
          37000       37.00000

   Energies (kJ/mol)
        G96Bond       G96Angle    Proper Dih.  Improper Dih.          LJ-14
    1.13530e+04    2.36709e+04    5.46595e+03    1.69710e+03    1.51380e+04
     Coulomb-14        LJ (SR)   Coulomb (SR)   Coul. recip.      Potential
   -1.08455e+05    7.40967e+04   -6.87917e+05    2.60158e+03   -6.62350e+05
    Kinetic En.   Total Energy  Conserved En.    Temperature Pressure (bar)
    1.43065e+05   -5.19285e+05   -5.09779e+05    3.00437e+02   -1.81835e+02
   Constr. rmsd
    0.00000e+00

           Step           Time
          38000       38.00000

   Energies (kJ/mol)
        G96Bond       G96Angle    Proper Dih.  Improper Dih.          LJ-14
    1.14873e+04    2.41204e+04    5.30957e+03    1.79213e+03    1.48892e+04
     Coulomb-14        LJ (SR)   Coulomb (SR)   Coul. recip.      Potential
   -1.08204e+05    7.34162e+04   -6.87427e+05    2.62038e+03   -6.61996e+05
    Kinetic En.   Total Energy  Conserved En.    Temperature Pressure (bar)
    1.42401e+05   -5.19594e+05   -5.09846e+05    2.99043e+02   -3.16610e+02
   Constr. rmsd
    0.00000e+00

           Step           Time
          39000       39.00000

   Energies (kJ/mol)
        G96Bond       G96Angle    Proper Dih.  Improper Dih.          LJ-14
    1.12803e+04    2.38153e+04    5.45199e+03    1.75451e+03    1.51099e+04
     Coulomb-14        LJ (SR)   Coulomb (SR)   Coul. recip.      Potential
   -1.08246e+05    7.35966e+04   -6.87874e+05    2.54974e+03   -6.62561e+05
    Kinetic En.   Total Energy  Conserved En.    Temperature Pressure (bar)
    1.42639e+05   -5.19923e+05   -5.09742e+05    2.99541e+02   -1.25606e+02
   Constr. rmsd
    0.00000e+00

           Step           Time
          40000       40.00000

   Energies (kJ/mol)
        G96Bond       G96Angle    Proper Dih.  Improper Dih.          LJ-14
    1.16093e+04    2.38349e+04    5.29874e+03    1.73479e+03    1.51513e+04
     Coulomb-14        LJ (SR)   Coulomb (SR)   Coul. recip.      Potential
   -1.08377e+05    7.24382e+04   -6.86419e+05    2.64825e+03   -6.62080e+05
    Kinetic En.   Total Energy  Conserved En.    Temperature Pressure (bar)
    1.43436e+05   -5.18644e+05   -5.09450e+05    3.01216e+02   -3.50319e+02
   Constr. rmsd
    0.00000e+00

           Step           Time
          41000       41.00000

   Energies (kJ/mol)
        G96Bond       G96Angle    Proper Dih.  Improper Dih.          LJ-14
    1.13069e+04    2.43870e+04    5.29881e+03    1.82527e+03    1.49675e+04
     Coulomb-14        LJ (SR)   Coulomb (SR)   Coul. recip.      Potential
   -1.08251e+05    7.48742e+04   -6.89117e+05    2.58386e+03   -6.62124e+05
    Kinetic En.   Total Energy  Conserved En.    Temperature Pressure (bar)
    1.43762e+05   -5.18361e+05   -5.09403e+05    3.01901e+02   -7.89848e+01
   Constr. rmsd
    0.00000e+00

           Step           Time
          42000       42.00000

   Energies (kJ/mol)
        G96Bond       G96Angle    Proper Dih.  Improper Dih.          LJ-14
    1.12507e+04    2.39737e+04    5.23284e+03    1.72809e+03    1.52314e+04
     Coulomb-14        LJ (SR)   Coulomb (SR)   Coul. recip.      Potential
   -1.08279e+05    7.18766e+04   -6.85374e+05    2.69646e+03   -6.61663e+05
    Kinetic En.   Total Energy  Conserved En.    Temperature Pressure (bar)
    1.42549e+05   -5.19115e+05   -5.09118e+05    2.99353e+02   -2.32941e+02
   Constr. rmsd
    0.00000e+00

           Step           Time
          43000       43.00000

   Energies (kJ/mol)
        G96Bond       G96Angle    Proper Dih.  Improper Dih.          LJ-14
    1.12050e+04    2.41858e+04    5.32274e+03    1.79687e+03    1.49470e+04
     Coulomb-14        LJ (SR)   Coulomb (SR)   Coul. recip.      Potential
   -1.08203e+05    7.28409e+04   -6.86000e+05    2.55978e+03   -6.61344e+05
    Kinetic En.   Total Energy  Conserved En.    Temperature Pressure (bar)
    1.42481e+05   -5.18864e+05   -5.08843e+05    2.99210e+02   -1.30781e+02
   Constr. rmsd
    0.00000e+00

           Step           Time
          44000       44.00000

   Energies (kJ/mol)
        G96Bond       G96Angle    Proper Dih.  Improper Dih.          LJ-14
    1.13531e+04    2.38631e+04    5.32524e+03    1.71541e+03    1.51551e+04
     Coulomb-14        LJ (SR)   Coulomb (SR)   Coul. recip.      Potential
   -1.08260e+05    7.27476e+04   -6.86720e+05    2.67679e+03   -6.62144e+05
    Kinetic En.   Total Energy  Conserved En.    Temperature Pressure (bar)
    1.42380e+05   -5.19764e+05   -5.08667e+05    2.98998e+02   -3.10992e+02
   Constr. rmsd
    0.00000e+00

           Step           Time
          45000       45.00000

   Energies (kJ/mol)
        G96Bond       G96Angle    Proper Dih.  Improper Dih.          LJ-14
    1.12379e+04    2.42019e+04    5.27764e+03    1.75409e+03    1.48295e+04
     Coulomb-14        LJ (SR)   Coulomb (SR)   Coul. recip.      Potential
   -1.08285e+05    7.28967e+04   -6.87431e+05    2.60022e+03   -6.62918e+05
    Kinetic En.   Total Energy  Conserved En.    Temperature Pressure (bar)
    1.43253e+05   -5.19666e+05   -5.08431e+05    3.00831e+02   -1.85924e+02
   Constr. rmsd
    0.00000e+00

           Step           Time
          46000       46.00000

   Energies (kJ/mol)
        G96Bond       G96Angle    Proper Dih.  Improper Dih.          LJ-14
    1.11541e+04    2.44867e+04    5.21416e+03    1.76435e+03    1.48559e+04
     Coulomb-14        LJ (SR)   Coulomb (SR)   Coul. recip.      Potential
   -1.08442e+05    7.45188e+04   -6.88928e+05    2.70115e+03   -6.62675e+05
    Kinetic En.   Total Energy  Conserved En.    Temperature Pressure (bar)
    1.43228e+05   -5.19447e+05   -5.08257e+05    3.00779e+02   -4.48304e+01
   Constr. rmsd
    0.00000e+00

           Step           Time
          47000       47.00000

   Energies (kJ/mol)
        G96Bond       G96Angle    Proper Dih.  Improper Dih.          LJ-14
    1.13868e+04    2.42086e+04    5.27704e+03    1.75395e+03    1.48633e+04
     Coulomb-14        LJ (SR)   Coulomb (SR)   Coul. recip.      Potential
   -1.08113e+05    7.39895e+04   -6.88220e+05    2.58677e+03   -6.62266e+05
    Kinetic En.   Total Energy  Conserved En.    Temperature Pressure (bar)
    1.43128e+05   -5.19138e+05   -5.08065e+05    3.00569e+02   -1.64076e+02
   Constr. rmsd
    0.00000e+00

           Step           Time
          48000       48.00000

   Energies (kJ/mol)
        G96Bond       G96Angle    Proper Dih.  Improper Dih.          LJ-14
    1.16829e+04    2.43473e+04    5.40330e+03    1.74470e+03    1.47551e+04
     Coulomb-14        LJ (SR)   Coulomb (SR)   Coul. recip.      Potential
   -1.08165e+05    7.24906e+04   -6.87641e+05    2.64498e+03   -6.62737e+05
    Kinetic En.   Total Energy  Conserved En.    Temperature Pressure (bar)
    1.42386e+05   -5.20351e+05   -5.07883e+05    2.99010e+02   -4.15006e+02
   Constr. rmsd
    0.00000e+00

           Step           Time
          49000       49.00000

   Energies (kJ/mol)
        G96Bond       G96Angle    Proper Dih.  Improper Dih.          LJ-14
    1.17607e+04    2.36414e+04    5.33778e+03    1.60277e+03    1.49000e+04
     Coulomb-14        LJ (SR)   Coulomb (SR)   Coul. recip.      Potential
   -1.08371e+05    7.43602e+04   -6.89302e+05    2.48732e+03   -6.63583e+05
    Kinetic En.   Total Energy  Conserved En.    Temperature Pressure (bar)
    1.42439e+05   -5.21144e+05   -5.07717e+05    2.99122e+02   -3.10358e+02
   Constr. rmsd
    0.00000e+00

           Step           Time
          50000       50.00000

   Energies (kJ/mol)
        G96Bond       G96Angle    Proper Dih.  Improper Dih.          LJ-14
    1.13836e+04    2.39040e+04    5.29584e+03    1.78140e+03    1.50738e+04
     Coulomb-14        LJ (SR)   Coulomb (SR)   Coul. recip.      Potential
   -1.08065e+05    7.32071e+04   -6.87869e+05    2.55798e+03   -6.62730e+05
    Kinetic En.   Total Energy  Conserved En.    Temperature Pressure (bar)
    1.41879e+05   -5.20851e+05   -5.07544e+05    2.97946e+02   -2.49138e+02
   Constr. rmsd
    0.00000e+00

           Step           Time
          51000       51.00000

   Energies (kJ/mol)
        G96Bond       G96Angle    Proper Dih.  Improper Dih.          LJ-14
    1.12262e+04    2.38194e+04    5.40892e+03    1.63701e+03    1.49722e+04
     Coulomb-14        LJ (SR)   Coulomb (SR)   Coul. recip.      Potential
   -1.08096e+05    7.40477e+04   -6.89673e+05    2.56577e+03   -6.64093e+05
    Kinetic En.   Total Energy  Conserved En.    Temperature Pressure (bar)
    1.44639e+05   -5.19454e+05   -5.07316e+05    3.03742e+02   -2.33948e+02
   Constr. rmsd
    0.00000e+00

           Step           Time
          52000       52.00000

   Energies (kJ/mol)
        G96Bond       G96Angle    Proper Dih.  Improper Dih.          LJ-14
    1.12859e+04    2.43523e+04    5.30630e+03    1.81115e+03    1.47550e+04
     Coulomb-14        LJ (SR)   Coulomb (SR)   Coul. recip.      Potential
   -1.08155e+05    7.18507e+04   -6.87046e+05    2.55191e+03   -6.63288e+05
    Kinetic En.   Total Energy  Conserved En.    Temperature Pressure (bar)
    1.43247e+05   -5.20042e+05   -5.07104e+05    3.00819e+02   -4.26899e+02
   Constr. rmsd
    0.00000e+00

           Step           Time
          53000       53.00000

   Energies (kJ/mol)
        G96Bond       G96Angle    Proper Dih.  Improper Dih.          LJ-14
    1.15045e+04    2.38382e+04    5.35155e+03    1.66342e+03    1.47621e+04
     Coulomb-14        LJ (SR)   Coulomb (SR)   Coul. recip.      Potential
   -1.08172e+05    7.24971e+04   -6.87068e+05    2.55066e+03   -6.63073e+05
    Kinetic En.   Total Energy  Conserved En.    Temperature Pressure (bar)
    1.43686e+05   -5.19387e+05   -5.06838e+05    3.01741e+02   -4.08907e+02
   Constr. rmsd
    0.00000e+00

           Step           Time
          54000       54.00000

   Energies (kJ/mol)
        G96Bond       G96Angle    Proper Dih.  Improper Dih.          LJ-14
    1.13885e+04    2.38734e+04    5.26422e+03    1.73442e+03    1.49628e+04
     Coulomb-14        LJ (SR)   Coulomb (SR)   Coul. recip.      Potential
   -1.07970e+05    7.40361e+04   -6.89006e+05    2.49683e+03   -6.63220e+05
    Kinetic En.   Total Energy  Conserved En.    Temperature Pressure (bar)
    1.43451e+05   -5.19769e+05   -5.06713e+05    3.01248e+02   -1.83176e+02
   Constr. rmsd
    0.00000e+00

           Step           Time
          55000       55.00000

   Energies (kJ/mol)
        G96Bond       G96Angle    Proper Dih.  Improper Dih.          LJ-14
    1.12980e+04    2.43226e+04    5.23947e+03    1.75535e+03    1.49487e+04
     Coulomb-14        LJ (SR)   Coulomb (SR)   Coul. recip.      Potential
   -1.08326e+05    7.27041e+04   -6.87704e+05    2.58765e+03   -6.63174e+05
    Kinetic En.   Total Energy  Conserved En.    Temperature Pressure (bar)
    1.43704e+05   -5.19470e+05   -5.06505e+05    3.01778e+02   -2.92186e+02
   Constr. rmsd
    0.00000e+00

           Step           Time
          56000       56.00000

   Energies (kJ/mol)
        G96Bond       G96Angle    Proper Dih.  Improper Dih.          LJ-14
    1.15185e+04    2.42988e+04    5.25495e+03    1.82416e+03    1.46709e+04
     Coulomb-14        LJ (SR)   Coulomb (SR)   Coul. recip.      Potential
   -1.08055e+05    7.17838e+04   -6.87031e+05    2.55637e+03   -6.63178e+05
    Kinetic En.   Total Energy  Conserved En.    Temperature Pressure (bar)
    1.42748e+05   -5.20430e+05   -5.06331e+05    2.99772e+02   -3.68433e+02
   Constr. rmsd
    0.00000e+00

           Step           Time
          57000       57.00000

   Energies (kJ/mol)
        G96Bond       G96Angle    Proper Dih.  Improper Dih.          LJ-14
    1.13923e+04    2.37649e+04    5.34192e+03    1.73587e+03    1.48562e+04
     Coulomb-14        LJ (SR)   Coulomb (SR)   Coul. recip.      Potential
   -1.08205e+05    7.35546e+04   -6.88157e+05    2.54481e+03   -6.63172e+05
    Kinetic En.   Total Energy  Conserved En.    Temperature Pressure (bar)
    1.42599e+05   -5.20573e+05   -5.06095e+05    2.99458e+02   -2.12407e+02
   Constr. rmsd
    0.00000e+00

           Step           Time
          58000       58.00000

   Energies (kJ/mol)
        G96Bond       G96Angle    Proper Dih.  Improper Dih.          LJ-14
    1.11452e+04    2.39361e+04    5.39482e+03    1.65670e+03    1.51228e+04
     Coulomb-14        LJ (SR)   Coulomb (SR)   Coul. recip.      Potential
   -1.07991e+05    7.36039e+04   -6.89518e+05    2.47333e+03   -6.64176e+05
    Kinetic En.   Total Energy  Conserved En.    Temperature Pressure (bar)
    1.43438e+05   -5.20739e+05   -5.05992e+05    3.01219e+02   -1.20876e+02
   Constr. rmsd
    0.00000e+00

           Step           Time
          59000       59.00000

   Energies (kJ/mol)
        G96Bond       G96Angle    Proper Dih.  Improper Dih.          LJ-14
    1.13104e+04    2.39272e+04    5.31004e+03    1.74327e+03    1.51031e+04
     Coulomb-14        LJ (SR)   Coulomb (SR)   Coul. recip.      Potential
   -1.08401e+05    7.27517e+04   -6.88680e+05    2.62432e+03   -6.64310e+05
    Kinetic En.   Total Energy  Conserved En.    Temperature Pressure (bar)
    1.42404e+05   -5.21906e+05   -5.05975e+05    2.99048e+02   -3.80059e+02
   Constr. rmsd
    0.00000e+00

           Step           Time
          60000       60.00000

   Energies (kJ/mol)
        G96Bond       G96Angle    Proper Dih.  Improper Dih.          LJ-14
    1.11356e+04    2.35238e+04    5.43346e+03    1.71756e+03    1.50611e+04
     Coulomb-14        LJ (SR)   Coulomb (SR)   Coul. recip.      Potential
   -1.08245e+05    7.21559e+04   -6.87039e+05    2.57385e+03   -6.63683e+05
    Kinetic En.   Total Energy  Conserved En.    Temperature Pressure (bar)
    1.42428e+05   -5.21255e+05   -5.05770e+05    2.99099e+02   -2.72060e+02
   Constr. rmsd
    0.00000e+00

           Step           Time
          61000       61.00000

   Energies (kJ/mol)
        G96Bond       G96Angle    Proper Dih.  Improper Dih.          LJ-14
    1.10714e+04    2.40382e+04    5.36791e+03    1.75112e+03    1.52752e+04
     Coulomb-14        LJ (SR)   Coulomb (SR)   Coul. recip.      Potential
   -1.08297e+05    7.29752e+04   -6.88062e+05    2.56192e+03   -6.63318e+05
    Kinetic En.   Total Energy  Conserved En.    Temperature Pressure (bar)
    1.42930e+05   -5.20388e+05   -5.05442e+05    3.00153e+02   -1.50542e+02
   Constr. rmsd
    0.00000e+00

           Step           Time
          62000       62.00000

   Energies (kJ/mol)
        G96Bond       G96Angle    Proper Dih.  Improper Dih.          LJ-14
    1.12227e+04    2.42736e+04    5.27291e+03    1.71648e+03    1.51780e+04
     Coulomb-14        LJ (SR)   Coulomb (SR)   Coul. recip.      Potential
   -1.08417e+05    7.22957e+04   -6.87672e+05    2.57579e+03   -6.63554e+05
    Kinetic En.   Total Energy  Conserved En.    Temperature Pressure (bar)
    1.42475e+05   -5.21078e+05   -5.05181e+05    2.99198e+02   -2.30808e+02
   Constr. rmsd
    0.00000e+00

           Step           Time
          63000       63.00000

   Energies (kJ/mol)
        G96Bond       G96Angle    Proper Dih.  Improper Dih.          LJ-14
    1.10142e+04    2.38843e+04    5.40310e+03    1.67716e+03    1.51636e+04
     Coulomb-14        LJ (SR)   Coulomb (SR)   Coul. recip.      Potential
   -1.08198e+05    7.46160e+04   -6.91753e+05    2.53386e+03   -6.65659e+05
    Kinetic En.   Total Energy  Conserved En.    Temperature Pressure (bar)
    1.42912e+05   -5.22747e+05   -5.04959e+05    3.00114e+02   -2.23647e+01
   Constr. rmsd
    0.00000e+00

           Step           Time
          64000       64.00000

   Energies (kJ/mol)
        G96Bond       G96Angle    Proper Dih.  Improper Dih.          LJ-14
    1.14364e+04    2.36297e+04    5.27671e+03    1.72092e+03    1.50060e+04
     Coulomb-14        LJ (SR)   Coulomb (SR)   Coul. recip.      Potential
   -1.08358e+05    7.36613e+04   -6.90553e+05    2.57483e+03   -6.65605e+05
    Kinetic En.   Total Energy  Conserved En.    Temperature Pressure (bar)
    1.42061e+05   -5.23545e+05   -5.04896e+05    2.98327e+02   -2.07150e+02
   Constr. rmsd
    0.00000e+00

           Step           Time
          65000       65.00000

   Energies (kJ/mol)
        G96Bond       G96Angle    Proper Dih.  Improper Dih.          LJ-14
    1.14442e+04    2.34492e+04    5.34312e+03    1.67776e+03    1.51554e+04
     Coulomb-14        LJ (SR)   Coulomb (SR)   Coul. recip.      Potential
   -1.08286e+05    7.37154e+04   -6.90904e+05    2.54554e+03   -6.65859e+05
    Kinetic En.   Total Energy  Conserved En.    Temperature Pressure (bar)
    1.42731e+05   -5.23128e+05   -5.04544e+05    2.99735e+02   -1.73889e+02
   Constr. rmsd
    0.00000e+00

           Step           Time
          66000       66.00000

   Energies (kJ/mol)
        G96Bond       G96Angle    Proper Dih.  Improper Dih.          LJ-14
    1.15154e+04    2.38303e+04    5.30082e+03    1.69888e+03    1.53538e+04
     Coulomb-14        LJ (SR)   Coulomb (SR)   Coul. recip.      Potential
   -1.08553e+05    7.31088e+04   -6.90047e+05    2.58261e+03   -6.65210e+05
    Kinetic En.   Total Energy  Conserved En.    Temperature Pressure (bar)
    1.42658e+05   -5.22552e+05   -5.04363e+05    2.99582e+02   -1.56628e+02
   Constr. rmsd
    0.00000e+00

           Step           Time
          67000       67.00000

   Energies (kJ/mol)
        G96Bond       G96Angle    Proper Dih.  Improper Dih.          LJ-14
    1.12540e+04    2.43514e+04    5.22408e+03    1.80858e+03    1.47701e+04
     Coulomb-14        LJ (SR)   Coulomb (SR)   Coul. recip.      Potential
   -1.08313e+05    7.27839e+04   -6.89357e+05    2.50031e+03   -6.64978e+05
    Kinetic En.   Total Energy  Conserved En.    Temperature Pressure (bar)
    1.42598e+05   -5.22379e+05   -5.03907e+05    2.99457e+02   -3.41618e+02
   Constr. rmsd
    0.00000e+00

           Step           Time
          68000       68.00000

   Energies (kJ/mol)
        G96Bond       G96Angle    Proper Dih.  Improper Dih.          LJ-14
    1.13722e+04    2.38752e+04    5.31844e+03    1.81921e+03    1.52879e+04
     Coulomb-14        LJ (SR)   Coulomb (SR)   Coul. recip.      Potential
   -1.08039e+05    7.32296e+04   -6.90472e+05    2.51321e+03   -6.65094e+05
    Kinetic En.   Total Energy  Conserved En.    Temperature Pressure (bar)
    1.42893e+05   -5.22201e+05   -5.03760e+05    3.00077e+02   -8.95535e+01
   Constr. rmsd
    0.00000e+00

           Step           Time
          69000       69.00000

   Energies (kJ/mol)
        G96Bond       G96Angle    Proper Dih.  Improper Dih.          LJ-14
    1.13481e+04    2.38081e+04    5.30081e+03    1.68740e+03    1.46998e+04
     Coulomb-14        LJ (SR)   Coulomb (SR)   Coul. recip.      Potential
   -1.08037e+05    7.35914e+04   -6.90337e+05    2.43497e+03   -6.65503e+05
    Kinetic En.   Total Energy  Conserved En.    Temperature Pressure (bar)
    1.43262e+05   -5.22242e+05   -5.03522e+05    3.00850e+02   -4.15881e+02
   Constr. rmsd
    0.00000e+00

           Step           Time
          70000       70.00000

   Energies (kJ/mol)
        G96Bond       G96Angle    Proper Dih.  Improper Dih.          LJ-14
    1.14074e+04    2.42836e+04    5.45222e+03    1.68963e+03    1.50126e+04
     Coulomb-14        LJ (SR)   Coulomb (SR)   Coul. recip.      Potential
   -1.08106e+05    7.25998e+04   -6.88263e+05    2.43698e+03   -6.63487e+05
    Kinetic En.   Total Energy  Conserved En.    Temperature Pressure (bar)
    1.42948e+05   -5.20539e+05   -5.03181e+05    3.00191e+02   -2.47055e+02
   Constr. rmsd
    0.00000e+00

           Step           Time
          71000       71.00000

   Energies (kJ/mol)
        G96Bond       G96Angle    Proper Dih.  Improper Dih.          LJ-14
    1.14181e+04    2.42724e+04    5.32486e+03    1.71990e+03    1.49299e+04
     Coulomb-14        LJ (SR)   Coulomb (SR)   Coul. recip.      Potential
   -1.08313e+05    7.26646e+04   -6.88938e+05    2.52066e+03   -6.64401e+05
    Kinetic En.   Total Energy  Conserved En.    Temperature Pressure (bar)
    1.43338e+05   -5.21062e+05   -5.03057e+05    3.01011e+02   -2.44966e+02
   Constr. rmsd
    0.00000e+00

           Step           Time
          72000       72.00000

   Energies (kJ/mol)
        G96Bond       G96Angle    Proper Dih.  Improper Dih.          LJ-14
    1.13145e+04    2.36748e+04    5.44532e+03    1.82333e+03    1.50490e+04
     Coulomb-14        LJ (SR)   Coulomb (SR)   Coul. recip.      Potential
   -1.08016e+05    7.28335e+04   -6.89154e+05    2.54286e+03   -6.64486e+05
    Kinetic En.   Total Energy  Conserved En.    Temperature Pressure (bar)
    1.42845e+05   -5.21641e+05   -5.02971e+05    2.99975e+02   -2.17209e+02
   Constr. rmsd
    0.00000e+00

           Step           Time
          73000       73.00000

   Energies (kJ/mol)
        G96Bond       G96Angle    Proper Dih.  Improper Dih.          LJ-14
    1.11725e+04    2.39099e+04    5.27739e+03    1.79483e+03    1.47854e+04
     Coulomb-14        LJ (SR)   Coulomb (SR)   Coul. recip.      Potential
   -1.08186e+05    7.33089e+04   -6.89881e+05    2.50476e+03   -6.65313e+05
    Kinetic En.   Total Energy  Conserved En.    Temperature Pressure (bar)
    1.42701e+05   -5.22612e+05   -5.02690e+05    2.99673e+02   -3.56871e+02
   Constr. rmsd
    0.00000e+00

           Step           Time
          74000       74.00000

   Energies (kJ/mol)
        G96Bond       G96Angle    Proper Dih.  Improper Dih.          LJ-14
    1.12468e+04    2.42066e+04    5.31839e+03    1.81269e+03    1.51144e+04
     Coulomb-14        LJ (SR)   Coulomb (SR)   Coul. recip.      Potential
   -1.08496e+05    7.34568e+04   -6.89773e+05    2.42193e+03   -6.64692e+05
    Kinetic En.   Total Energy  Conserved En.    Temperature Pressure (bar)
    1.41692e+05   -5.23000e+05   -5.02383e+05    2.97553e+02   -2.38235e+02
   Constr. rmsd
    0.00000e+00

           Step           Time
          75000       75.00000

   Energies (kJ/mol)
        G96Bond       G96Angle    Proper Dih.  Improper Dih.          LJ-14
    1.13754e+04    2.41689e+04    5.36548e+03    1.73816e+03    1.48223e+04
     Coulomb-14        LJ (SR)   Coulomb (SR)   Coul. recip.      Potential
   -1.08488e+05    7.29438e+04   -6.90407e+05    2.49491e+03   -6.65986e+05
    Kinetic En.   Total Energy  Conserved En.    Temperature Pressure (bar)
    1.43018e+05   -5.22968e+05   -5.02235e+05    3.00338e+02   -3.26893e+02
   Constr. rmsd
    0.00000e+00

           Step           Time
          76000       76.00000

   Energies (kJ/mol)
        G96Bond       G96Angle    Proper Dih.  Improper Dih.          LJ-14
    1.15493e+04    2.38947e+04    5.35657e+03    1.86502e+03    1.47660e+04
     Coulomb-14        LJ (SR)   Coulomb (SR)   Coul. recip.      Potential
   -1.08466e+05    7.38610e+04   -6.91192e+05    2.38973e+03   -6.65976e+05
    Kinetic En.   Total Energy  Conserved En.    Temperature Pressure (bar)
    1.42307e+05   -5.23669e+05   -5.01976e+05    2.98845e+02   -3.21642e+02
   Constr. rmsd
    0.00000e+00

           Step           Time
          77000       77.00000

   Energies (kJ/mol)
        G96Bond       G96Angle    Proper Dih.  Improper Dih.          LJ-14
    1.10596e+04    2.39034e+04    5.39821e+03    1.72798e+03    1.51319e+04
     Coulomb-14        LJ (SR)   Coulomb (SR)   Coul. recip.      Potential
   -1.08628e+05    7.25581e+04   -6.89215e+05    2.44527e+03   -6.65618e+05
    Kinetic En.   Total Energy  Conserved En.    Temperature Pressure (bar)
    1.41992e+05   -5.23626e+05   -5.01717e+05    2.98184e+02   -1.72306e+02
   Constr. rmsd
    0.00000e+00

           Step           Time
          78000       78.00000

   Energies (kJ/mol)
        G96Bond       G96Angle    Proper Dih.  Improper Dih.          LJ-14
    1.14143e+04    2.35746e+04    5.27118e+03    1.69924e+03    1.51195e+04
     Coulomb-14        LJ (SR)   Coulomb (SR)   Coul. recip.      Potential
   -1.08509e+05    7.21309e+04   -6.89931e+05    2.51808e+03   -6.66712e+05
    Kinetic En.   Total Energy  Conserved En.    Temperature Pressure (bar)
    1.42666e+05   -5.24046e+05   -5.01719e+05    2.99599e+02   -3.53252e+02
   Constr. rmsd
    0.00000e+00

           Step           Time
          79000       79.00000

   Energies (kJ/mol)
        G96Bond       G96Angle    Proper Dih.  Improper Dih.          LJ-14
    1.12725e+04    2.36935e+04    5.28099e+03    1.64025e+03    1.49546e+04
     Coulomb-14        LJ (SR)   Coulomb (SR)   Coul. recip.      Potential
   -1.08243e+05    7.35170e+04   -6.91079e+05    2.53315e+03   -6.66430e+05
    Kinetic En.   Total Energy  Conserved En.    Temperature Pressure (bar)
    1.43240e+05   -5.23190e+05   -5.01590e+05    3.00805e+02   -2.70415e+02
   Constr. rmsd
    0.00000e+00

           Step           Time
          80000       80.00000

   Energies (kJ/mol)
        G96Bond       G96Angle    Proper Dih.  Improper Dih.          LJ-14
    1.10360e+04    2.42504e+04    5.36771e+03    1.75241e+03    1.50371e+04
     Coulomb-14        LJ (SR)   Coulomb (SR)   Coul. recip.      Potential
   -1.08394e+05    7.39463e+04   -6.91653e+05    2.46470e+03   -6.66192e+05
    Kinetic En.   Total Energy  Conserved En.    Temperature Pressure (bar)
    1.43119e+05   -5.23073e+05   -5.01307e+05    3.00550e+02   -1.15375e+02
   Constr. rmsd
    0.00000e+00

           Step           Time
          81000       81.00000

   Energies (kJ/mol)
        G96Bond       G96Angle    Proper Dih.  Improper Dih.          LJ-14
    1.15005e+04    2.37899e+04    5.30845e+03    1.75046e+03    1.50378e+04
     Coulomb-14        LJ (SR)   Coulomb (SR)   Coul. recip.      Potential
   -1.08291e+05    7.32951e+04   -6.90342e+05    2.51284e+03   -6.65438e+05
    Kinetic En.   Total Energy  Conserved En.    Temperature Pressure (bar)
    1.42525e+05   -5.22914e+05   -5.00974e+05    2.99302e+02   -2.63635e+02
   Constr. rmsd
    0.00000e+00

           Step           Time
          82000       82.00000

   Energies (kJ/mol)
        G96Bond       G96Angle    Proper Dih.  Improper Dih.          LJ-14
    1.12526e+04    2.37395e+04    5.35924e+03    1.70348e+03    1.50282e+04
     Coulomb-14        LJ (SR)   Coulomb (SR)   Coul. recip.      Potential
   -1.08245e+05    7.31603e+04   -6.89827e+05    2.43031e+03   -6.65399e+05
    Kinetic En.   Total Energy  Conserved En.    Temperature Pressure (bar)
    1.42604e+05   -5.22795e+05   -5.00844e+05    2.99468e+02   -9.60525e+01
   Constr. rmsd
    0.00000e+00

           Step           Time
          83000       83.00000

   Energies (kJ/mol)
        G96Bond       G96Angle    Proper Dih.  Improper Dih.          LJ-14
    1.12375e+04    2.42038e+04    5.27474e+03    1.70523e+03    1.54480e+04
     Coulomb-14        LJ (SR)   Coulomb (SR)   Coul. recip.      Potential
   -1.08452e+05    7.24141e+04   -6.89893e+05    2.43626e+03   -6.65625e+05
    Kinetic En.   Total Energy  Conserved En.    Temperature Pressure (bar)
    1.42947e+05   -5.22679e+05   -5.00845e+05    3.00188e+02   -8.18872e+01
   Constr. rmsd
    0.00000e+00

           Step           Time
          84000       84.00000

   Energies (kJ/mol)
        G96Bond       G96Angle    Proper Dih.  Improper Dih.          LJ-14
    1.13137e+04    2.40571e+04    5.34280e+03    1.72260e+03    1.51380e+04
     Coulomb-14        LJ (SR)   Coulomb (SR)   Coul. recip.      Potential
   -1.08262e+05    7.44298e+04   -6.91488e+05    2.50301e+03   -6.65243e+05
    Kinetic En.   Total Energy  Conserved En.    Temperature Pressure (bar)
    1.43387e+05   -5.21856e+05   -5.00808e+05    3.01113e+02   -1.10315e+02
   Constr. rmsd
    0.00000e+00

           Step           Time
          85000       85.00000

   Energies (kJ/mol)
        G96Bond       G96Angle    Proper Dih.  Improper Dih.          LJ-14
    1.16214e+04    2.41402e+04    5.31099e+03    1.74349e+03    1.48754e+04
     Coulomb-14        LJ (SR)   Coulomb (SR)   Coul. recip.      Potential
   -1.08559e+05    7.28431e+04   -6.88970e+05    2.47644e+03   -6.64518e+05
    Kinetic En.   Total Energy  Conserved En.    Temperature Pressure (bar)
    1.43819e+05   -5.20698e+05   -5.00525e+05    3.02020e+02   -3.54024e+02
   Constr. rmsd
    0.00000e+00

           Step           Time
          86000       86.00000

   Energies (kJ/mol)
        G96Bond       G96Angle    Proper Dih.  Improper Dih.          LJ-14
    1.18295e+04    2.39269e+04    5.36270e+03    1.83921e+03    1.47327e+04
     Coulomb-14        LJ (SR)   Coulomb (SR)   Coul. recip.      Potential
   -1.08305e+05    7.31674e+04   -6.90140e+05    2.43001e+03   -6.65156e+05
    Kinetic En.   Total Energy  Conserved En.    Temperature Pressure (bar)
    1.43430e+05   -5.21726e+05   -5.00183e+05    3.01204e+02   -3.01749e+02
   Constr. rmsd
    0.00000e+00

           Step           Time
          87000       87.00000

   Energies (kJ/mol)
        G96Bond       G96Angle    Proper Dih.  Improper Dih.          LJ-14
    1.13763e+04    2.40126e+04    5.20734e+03    1.72047e+03    1.52700e+04
     Coulomb-14        LJ (SR)   Coulomb (SR)   Coul. recip.      Potential
   -1.08342e+05    7.17110e+04   -6.89252e+05    2.35676e+03   -6.65940e+05
    Kinetic En.   Total Energy  Conserved En.    Temperature Pressure (bar)
    1.43680e+05   -5.22260e+05   -5.00051e+05    3.01727e+02   -2.31609e+02
   Constr. rmsd
    0.00000e+00

           Step           Time
          88000       88.00000

   Energies (kJ/mol)
        G96Bond       G96Angle    Proper Dih.  Improper Dih.          LJ-14
    1.14264e+04    2.39158e+04    5.34015e+03    1.70044e+03    1.51104e+04
     Coulomb-14        LJ (SR)   Coulomb (SR)   Coul. recip.      Potential
   -1.08212e+05    7.31986e+04   -6.90935e+05    2.34351e+03   -6.66112e+05
    Kinetic En.   Total Energy  Conserved En.    Temperature Pressure (bar)
    1.44012e+05   -5.22100e+05   -4.99889e+05    3.02426e+02   -1.05758e+02
   Constr. rmsd
    0.00000e+00

           Step           Time
          89000       89.00000

   Energies (kJ/mol)
        G96Bond       G96Angle    Proper Dih.  Improper Dih.          LJ-14
    1.13044e+04    2.40971e+04    5.30474e+03    1.72254e+03    1.52043e+04
     Coulomb-14        LJ (SR)   Coulomb (SR)   Coul. recip.      Potential
   -1.08427e+05    7.41544e+04   -6.91492e+05    2.55067e+03   -6.65581e+05
    Kinetic En.   Total Energy  Conserved En.    Temperature Pressure (bar)
    1.43695e+05   -5.21886e+05   -4.99644e+05    3.01759e+02   -2.94457e+01
   Constr. rmsd
    0.00000e+00

           Step           Time
          90000       90.00000

   Energies (kJ/mol)
        G96Bond       G96Angle    Proper Dih.  Improper Dih.          LJ-14
    1.11495e+04    2.41084e+04    5.36403e+03    1.81645e+03    1.50952e+04
     Coulomb-14        LJ (SR)   Coulomb (SR)   Coul. recip.      Potential
   -1.08379e+05    7.26354e+04   -6.90170e+05    2.38728e+03   -6.65993e+05
    Kinetic En.   Total Energy  Conserved En.    Temperature Pressure (bar)
    1.42854e+05   -5.23138e+05   -4.99422e+05    2.99995e+02   -1.83544e+02
   Constr. rmsd
    0.00000e+00

           Step           Time
          91000       91.00000

   Energies (kJ/mol)
        G96Bond       G96Angle    Proper Dih.  Improper Dih.          LJ-14
    1.12015e+04    2.39896e+04    5.36434e+03    1.70630e+03    1.53600e+04
     Coulomb-14        LJ (SR)   Coulomb (SR)   Coul. recip.      Potential
   -1.08483e+05    7.20801e+04   -6.90481e+05    2.43706e+03   -6.66826e+05
    Kinetic En.   Total Energy  Conserved En.    Temperature Pressure (bar)
    1.43436e+05   -5.23390e+05   -4.99129e+05    3.01215e+02   -1.30223e+02
   Constr. rmsd
    0.00000e+00

           Step           Time
          92000       92.00000

   Energies (kJ/mol)
        G96Bond       G96Angle    Proper Dih.  Improper Dih.          LJ-14
    1.14342e+04    2.40899e+04    5.33405e+03    1.76924e+03    1.48751e+04
     Coulomb-14        LJ (SR)   Coulomb (SR)   Coul. recip.      Potential
   -1.07960e+05    7.28325e+04   -6.90489e+05    2.45130e+03   -6.65663e+05
    Kinetic En.   Total Energy  Conserved En.    Temperature Pressure (bar)
    1.42888e+05   -5.22775e+05   -4.98950e+05    3.00065e+02   -8.01053e+01
   Constr. rmsd
    0.00000e+00

           Step           Time
          93000       93.00000

   Energies (kJ/mol)
        G96Bond       G96Angle    Proper Dih.  Improper Dih.          LJ-14
    1.14077e+04    2.42838e+04    5.35786e+03    1.75029e+03    1.49098e+04
     Coulomb-14        LJ (SR)   Coulomb (SR)   Coul. recip.      Potential
   -1.08226e+05    7.19817e+04   -6.90310e+05    2.40817e+03   -6.66437e+05
    Kinetic En.   Total Energy  Conserved En.    Temperature Pressure (bar)
    1.43134e+05   -5.23304e+05   -4.98873e+05    3.00581e+02   -3.48961e+02
   Constr. rmsd
    0.00000e+00

           Step           Time
          94000       94.00000

   Energies (kJ/mol)
        G96Bond       G96Angle    Proper Dih.  Improper Dih.          LJ-14
    1.14195e+04    2.46918e+04    5.36275e+03    1.89875e+03    1.50163e+04
     Coulomb-14        LJ (SR)   Coulomb (SR)   Coul. recip.      Potential
   -1.08253e+05    7.31860e+04   -6.92668e+05    2.51713e+03   -6.66829e+05
    Kinetic En.   Total Energy  Conserved En.    Temperature Pressure (bar)
    1.43040e+05   -5.23789e+05   -4.98810e+05    3.00384e+02   -2.24837e+02
   Constr. rmsd
    0.00000e+00

           Step           Time
          95000       95.00000

   Energies (kJ/mol)
        G96Bond       G96Angle    Proper Dih.  Improper Dih.          LJ-14
    1.12813e+04    2.44069e+04    5.27300e+03    1.76920e+03    1.48672e+04
     Coulomb-14        LJ (SR)   Coulomb (SR)   Coul. recip.      Potential
   -1.08319e+05    7.36050e+04   -6.92091e+05    2.40468e+03   -6.66803e+05
    Kinetic En.   Total Energy  Conserved En.    Temperature Pressure (bar)
    1.44213e+05   -5.22590e+05   -4.98760e+05    3.02847e+02   -1.15128e+02
   Constr. rmsd
    0.00000e+00

           Step           Time
          96000       96.00000

   Energies (kJ/mol)
        G96Bond       G96Angle    Proper Dih.  Improper Dih.          LJ-14
    1.15607e+04    2.42143e+04    5.36698e+03    1.72374e+03    1.50294e+04
     Coulomb-14        LJ (SR)   Coulomb (SR)   Coul. recip.      Potential
   -1.08404e+05    7.26699e+04   -6.90986e+05    2.41990e+03   -6.66405e+05
    Kinetic En.   Total Energy  Conserved En.    Temperature Pressure (bar)
    1.44508e+05   -5.21897e+05   -4.98674e+05    3.03468e+02   -2.04449e+02
   Constr. rmsd
    0.00000e+00

           Step           Time
          97000       97.00000

   Energies (kJ/mol)
        G96Bond       G96Angle    Proper Dih.  Improper Dih.          LJ-14
    1.10992e+04    2.40476e+04    5.32909e+03    1.74129e+03    1.51024e+04
     Coulomb-14        LJ (SR)   Coulomb (SR)   Coul. recip.      Potential
   -1.08281e+05    7.29112e+04   -6.90184e+05    2.45734e+03   -6.65776e+05
    Kinetic En.   Total Energy  Conserved En.    Temperature Pressure (bar)
    1.44056e+05   -5.21720e+05   -4.98546e+05    3.02519e+02   -1.55506e+02
   Constr. rmsd
    0.00000e+00

           Step           Time
          98000       98.00000

   Energies (kJ/mol)
        G96Bond       G96Angle    Proper Dih.  Improper Dih.          LJ-14
    1.14200e+04    2.38364e+04    5.35617e+03    1.84883e+03    1.49289e+04
     Coulomb-14        LJ (SR)   Coulomb (SR)   Coul. recip.      Potential
   -1.08157e+05    7.26691e+04   -6.90488e+05    2.40456e+03   -6.66182e+05
    Kinetic En.   Total Energy  Conserved En.    Temperature Pressure (bar)
    1.44084e+05   -5.22098e+05   -4.98470e+05    3.02576e+02   -2.68710e+02
   Constr. rmsd
    0.00000e+00

           Step           Time
          99000       99.00000

   Energies (kJ/mol)
        G96Bond       G96Angle    Proper Dih.  Improper Dih.          LJ-14
    1.13810e+04    2.44747e+04    5.37200e+03    1.70691e+03    1.48193e+04
     Coulomb-14        LJ (SR)   Coulomb (SR)   Coul. recip.      Potential
   -1.08272e+05    7.26352e+04   -6.90301e+05    2.40510e+03   -6.65779e+05
    Kinetic En.   Total Energy  Conserved En.    Temperature Pressure (bar)
    1.42751e+05   -5.23027e+05   -4.98383e+05    2.99778e+02   -3.21275e+02
   Constr. rmsd
    0.00000e+00

           Step           Time
         100000      100.00000

   Energies (kJ/mol)
        G96Bond       G96Angle    Proper Dih.  Improper Dih.          LJ-14
    1.15338e+04    2.41055e+04    5.37190e+03    1.76030e+03    1.48810e+04
     Coulomb-14        LJ (SR)   Coulomb (SR)   Coul. recip.      Potential
   -1.08330e+05    7.31737e+04   -6.92338e+05    2.43321e+03   -6.67408e+05
    Kinetic En.   Total Energy  Conserved En.    Temperature Pressure (bar)
    1.43954e+05   -5.23454e+05   -4.98260e+05    3.02303e+02   -1.61656e+02
   Constr. rmsd
    0.00000e+00

           Step           Time
         101000      101.00000

   Energies (kJ/mol)
        G96Bond       G96Angle    Proper Dih.  Improper Dih.          LJ-14
    1.16181e+04    2.41126e+04    5.35945e+03    1.76522e+03    1.49585e+04
     Coulomb-14        LJ (SR)   Coulomb (SR)   Coul. recip.      Potential
   -1.08451e+05    7.43667e+04   -6.92354e+05    2.44538e+03   -6.66178e+05
    Kinetic En.   Total Energy  Conserved En.    Temperature Pressure (bar)
    1.42979e+05   -5.23200e+05   -4.98111e+05    3.00255e+02    4.86533e+01
   Constr. rmsd
    0.00000e+00

           Step           Time
         102000      102.00000

   Energies (kJ/mol)
        G96Bond       G96Angle    Proper Dih.  Improper Dih.          LJ-14
    1.13365e+04    2.41785e+04    5.25561e+03    1.85417e+03    1.52152e+04
     Coulomb-14        LJ (SR)   Coulomb (SR)   Coul. recip.      Potential
   -1.08354e+05    7.39206e+04   -6.93284e+05    2.39001e+03   -6.67488e+05
    Kinetic En.   Total Energy  Conserved En.    Temperature Pressure (bar)
    1.44205e+05   -5.23283e+05   -4.98115e+05    3.02830e+02   -2.02537e+01
   Constr. rmsd
    0.00000e+00

           Step           Time
         103000      103.00000

   Energies (kJ/mol)
        G96Bond       G96Angle    Proper Dih.  Improper Dih.          LJ-14
    1.11502e+04    2.40189e+04    5.32383e+03    1.70765e+03    1.51505e+04
     Coulomb-14        LJ (SR)   Coulomb (SR)   Coul. recip.      Potential
   -1.08124e+05    7.33501e+04   -6.92662e+05    2.42733e+03   -6.67658e+05
    Kinetic En.   Total Energy  Conserved En.    Temperature Pressure (bar)
    1.42717e+05   -5.24940e+05   -4.97774e+05    2.99707e+02   -2.67957e+01
   Constr. rmsd
    0.00000e+00

           Step           Time
         104000      104.00000

   Energies (kJ/mol)
        G96Bond       G96Angle    Proper Dih.  Improper Dih.          LJ-14
    1.14367e+04    2.42187e+04    5.19032e+03    1.78983e+03    1.51642e+04
     Coulomb-14        LJ (SR)   Coulomb (SR)   Coul. recip.      Potential
   -1.08284e+05    7.29607e+04   -6.92629e+05    2.50493e+03   -6.67647e+05
    Kinetic En.   Total Energy  Conserved En.    Temperature Pressure (bar)
    1.43779e+05   -5.23868e+05   -4.97624e+05    3.01937e+02   -9.79825e+01
   Constr. rmsd
    0.00000e+00

           Step           Time
         105000      105.00000

   Energies (kJ/mol)
        G96Bond       G96Angle    Proper Dih.  Improper Dih.          LJ-14
    1.14314e+04    2.42123e+04    5.46003e+03    1.69330e+03    1.48533e+04
     Coulomb-14        LJ (SR)   Coulomb (SR)   Coul. recip.      Potential
   -1.08312e+05    7.46586e+04   -6.94489e+05    2.40891e+03   -6.68082e+05
    Kinetic En.   Total Energy  Conserved En.    Temperature Pressure (bar)
    1.43860e+05   -5.24222e+05   -4.97586e+05    3.02107e+02   -9.18521e+01
   Constr. rmsd
    0.00000e+00

           Step           Time
         106000      106.00000

   Energies (kJ/mol)
        G96Bond       G96Angle    Proper Dih.  Improper Dih.          LJ-14
    1.15213e+04    2.42692e+04    5.46756e+03    1.69997e+03    1.48608e+04
     Coulomb-14        LJ (SR)   Coulomb (SR)   Coul. recip.      Potential
   -1.08168e+05    7.22778e+04   -6.92121e+05    2.41175e+03   -6.67780e+05
    Kinetic En.   Total Energy  Conserved En.    Temperature Pressure (bar)
    1.42670e+05   -5.25110e+05   -4.97438e+05    2.99607e+02   -3.27681e+02
   Constr. rmsd
    0.00000e+00

           Step           Time
         107000      107.00000

   Energies (kJ/mol)
        G96Bond       G96Angle    Proper Dih.  Improper Dih.          LJ-14
    1.14226e+04    2.38145e+04    5.40666e+03    1.77365e+03    1.52444e+04
     Coulomb-14        LJ (SR)   Coulomb (SR)   Coul. recip.      Potential
   -1.08415e+05    7.36255e+04   -6.93872e+05    2.53695e+03   -6.68463e+05
    Kinetic En.   Total Energy  Conserved En.    Temperature Pressure (bar)
    1.42763e+05   -5.25700e+05   -4.97330e+05    2.99802e+02    9.41410e+01
   Constr. rmsd
    0.00000e+00

           Step           Time
         108000      108.00000

   Energies (kJ/mol)
        G96Bond       G96Angle    Proper Dih.  Improper Dih.          LJ-14
    1.15139e+04    2.40313e+04    5.37111e+03    1.77904e+03    1.49266e+04
     Coulomb-14        LJ (SR)   Coulomb (SR)   Coul. recip.      Potential
   -1.08136e+05    7.39710e+04   -6.95086e+05    2.46775e+03   -6.69162e+05
    Kinetic En.   Total Energy  Conserved En.    Temperature Pressure (bar)
    1.43586e+05   -5.25576e+05   -4.97238e+05    3.01532e+02   -1.82330e+02
   Constr. rmsd
    0.00000e+00

           Step           Time
         109000      109.00000

   Energies (kJ/mol)
        G96Bond       G96Angle    Proper Dih.  Improper Dih.          LJ-14
    1.11261e+04    2.41642e+04    5.49264e+03    1.64964e+03    1.51447e+04
     Coulomb-14        LJ (SR)   Coulomb (SR)   Coul. recip.      Potential
   -1.08375e+05    7.33233e+04   -6.93975e+05    2.40510e+03   -6.69045e+05
    Kinetic En.   Total Energy  Conserved En.    Temperature Pressure (bar)
    1.43186e+05   -5.25859e+05   -4.97111e+05    3.00691e+02   -2.79136e+01
   Constr. rmsd
    0.00000e+00

           Step           Time
         110000      110.00000

   Energies (kJ/mol)
        G96Bond       G96Angle    Proper Dih.  Improper Dih.          LJ-14
    1.12663e+04    2.41118e+04    5.51225e+03    1.81882e+03    1.49082e+04
     Coulomb-14        LJ (SR)   Coulomb (SR)   Coul. recip.      Potential
   -1.08482e+05    7.44318e+04   -6.95579e+05    2.38016e+03   -6.69631e+05
    Kinetic En.   Total Energy  Conserved En.    Temperature Pressure (bar)
    1.42790e+05   -5.26842e+05   -4.97041e+05    2.99858e+02    1.75955e+01
   Constr. rmsd
    0.00000e+00

           Step           Time
         111000      111.00000

   Energies (kJ/mol)
        G96Bond       G96Angle    Proper Dih.  Improper Dih.          LJ-14
    1.11869e+04    2.39542e+04    5.45233e+03    1.76123e+03    1.50003e+04
     Coulomb-14        LJ (SR)   Coulomb (SR)   Coul. recip.      Potential
   -1.08029e+05    7.48161e+04   -6.97234e+05    2.37719e+03   -6.70715e+05
    Kinetic En.   Total Energy  Conserved En.    Temperature Pressure (bar)
    1.42753e+05   -5.27962e+05   -4.96989e+05    2.99782e+02    1.14261e+02
   Constr. rmsd
    0.00000e+00

           Step           Time
         112000      112.00000

   Energies (kJ/mol)
        G96Bond       G96Angle    Proper Dih.  Improper Dih.          LJ-14
    1.14934e+04    2.39654e+04    5.38889e+03    1.74681e+03    1.51171e+04
     Coulomb-14        LJ (SR)   Coulomb (SR)   Coul. recip.      Potential
   -1.08028e+05    7.24936e+04   -6.93866e+05    2.41882e+03   -6.69270e+05
    Kinetic En.   Total Energy  Conserved En.    Temperature Pressure (bar)
    1.42348e+05   -5.26922e+05   -4.96900e+05    2.98931e+02   -4.72718e+01
   Constr. rmsd
    0.00000e+00

           Step           Time
         113000      113.00000

   Energies (kJ/mol)
        G96Bond       G96Angle    Proper Dih.  Improper Dih.          LJ-14
    1.12911e+04    2.39757e+04    5.34151e+03    1.73843e+03    1.50776e+04
     Coulomb-14        LJ (SR)   Coulomb (SR)   Coul. recip.      Potential
   -1.07993e+05    7.32264e+04   -6.94184e+05    2.37654e+03   -6.69149e+05
    Kinetic En.   Total Energy  Conserved En.    Temperature Pressure (bar)
    1.42760e+05   -5.26389e+05   -4.96939e+05    2.99797e+02   -3.44996e+00
   Constr. rmsd
    0.00000e+00

           Step           Time
         114000      114.00000

   Energies (kJ/mol)
        G96Bond       G96Angle    Proper Dih.  Improper Dih.          LJ-14
    1.14621e+04    2.38699e+04    5.53161e+03    1.77984e+03    1.50736e+04
     Coulomb-14        LJ (SR)   Coulomb (SR)   Coul. recip.      Potential
   -1.07956e+05    7.29947e+04   -6.94104e+05    2.41835e+03   -6.68930e+05
    Kinetic En.   Total Energy  Conserved En.    Temperature Pressure (bar)
    1.42600e+05   -5.26330e+05   -4.96654e+05    2.99461e+02   -5.16758e+01
   Constr. rmsd
    0.00000e+00

           Step           Time
         115000      115.00000

   Energies (kJ/mol)
        G96Bond       G96Angle    Proper Dih.  Improper Dih.          LJ-14
    1.12120e+04    2.43868e+04    5.37337e+03    1.79463e+03    1.48082e+04
     Coulomb-14        LJ (SR)   Coulomb (SR)   Coul. recip.      Potential
   -1.07950e+05    7.42333e+04   -6.94985e+05    2.44839e+03   -6.68679e+05
    Kinetic En.   Total Energy  Conserved En.    Temperature Pressure (bar)
    1.43409e+05   -5.25270e+05   -4.96795e+05    3.01159e+02   -3.66455e+01
   Constr. rmsd
    0.00000e+00

           Step           Time
         116000      116.00000

   Energies (kJ/mol)
        G96Bond       G96Angle    Proper Dih.  Improper Dih.          LJ-14
    1.11541e+04    2.40513e+04    5.29099e+03    1.72610e+03    1.50475e+04
     Coulomb-14        LJ (SR)   Coulomb (SR)   Coul. recip.      Potential
   -1.07845e+05    7.28862e+04   -6.94612e+05    2.45236e+03   -6.69848e+05
    Kinetic En.   Total Energy  Conserved En.    Temperature Pressure (bar)
    1.42992e+05   -5.26856e+05   -4.96902e+05    3.00283e+02   -1.04198e+02
   Constr. rmsd
    0.00000e+00

           Step           Time
         117000      117.00000

   Energies (kJ/mol)
        G96Bond       G96Angle    Proper Dih.  Improper Dih.          LJ-14
    1.12831e+04    2.37948e+04    5.19227e+03    1.74515e+03    1.50161e+04
     Coulomb-14        LJ (SR)   Coulomb (SR)   Coul. recip.      Potential
   -1.08184e+05    7.43822e+04   -6.95800e+05    2.47757e+03   -6.70093e+05
    Kinetic En.   Total Energy  Conserved En.    Temperature Pressure (bar)
    1.42664e+05   -5.27429e+05   -4.96846e+05    2.99594e+02   -5.94538e+01
   Constr. rmsd
    0.00000e+00

           Step           Time
         118000      118.00000

   Energies (kJ/mol)
        G96Bond       G96Angle    Proper Dih.  Improper Dih.          LJ-14
    1.12739e+04    2.37161e+04    5.31444e+03    1.80509e+03    1.52548e+04
     Coulomb-14        LJ (SR)   Coulomb (SR)   Coul. recip.      Potential
   -1.08295e+05    7.35551e+04   -6.95122e+05    2.44370e+03   -6.70054e+05
    Kinetic En.   Total Energy  Conserved En.    Temperature Pressure (bar)
    1.42907e+05   -5.27147e+05   -4.96912e+05    3.00105e+02    9.14156e+01
   Constr. rmsd
    0.00000e+00

           Step           Time
         119000      119.00000

   Energies (kJ/mol)
        G96Bond       G96Angle    Proper Dih.  Improper Dih.          LJ-14
    1.13304e+04    2.43679e+04    5.12986e+03    1.76947e+03    1.49052e+04
     Coulomb-14        LJ (SR)   Coulomb (SR)   Coul. recip.      Potential
   -1.08101e+05    7.25591e+04   -6.94069e+05    2.35727e+03   -6.69751e+05
    Kinetic En.   Total Energy  Conserved En.    Temperature Pressure (bar)
    1.43220e+05   -5.26531e+05   -4.96751e+05    3.00762e+02   -4.40658e+02
   Constr. rmsd
    0.00000e+00

           Step           Time
         120000      120.00000

   Energies (kJ/mol)
        G96Bond       G96Angle    Proper Dih.  Improper Dih.          LJ-14
    1.13538e+04    2.41845e+04    5.16099e+03    1.79462e+03    1.49929e+04
     Coulomb-14        LJ (SR)   Coulomb (SR)   Coul. recip.      Potential
   -1.08010e+05    7.47208e+04   -6.95531e+05    2.41852e+03   -6.68915e+05
    Kinetic En.   Total Energy  Conserved En.    Temperature Pressure (bar)
    1.42884e+05   -5.26031e+05   -4.96790e+05    3.00056e+02    8.49189e+01
   Constr. rmsd
    0.00000e+00

           Step           Time
         121000      121.00000

   Energies (kJ/mol)
        G96Bond       G96Angle    Proper Dih.  Improper Dih.          LJ-14
    1.13495e+04    2.40409e+04    5.46777e+03    1.74264e+03    1.49189e+04
     Coulomb-14        LJ (SR)   Coulomb (SR)   Coul. recip.      Potential
   -1.08032e+05    7.31125e+04   -6.93812e+05    2.37657e+03   -6.68836e+05
    Kinetic En.   Total Energy  Conserved En.    Temperature Pressure (bar)
    1.41796e+05   -5.27040e+05   -4.96921e+05    2.97771e+02   -1.22545e+02
   Constr. rmsd
    0.00000e+00

           Step           Time
         122000      122.00000

   Energies (kJ/mol)
        G96Bond       G96Angle    Proper Dih.  Improper Dih.          LJ-14
    1.11977e+04    2.37948e+04    5.40822e+03    1.67608e+03    1.51831e+04
     Coulomb-14        LJ (SR)   Coulomb (SR)   Coul. recip.      Potential
   -1.07967e+05    7.50456e+04   -6.95863e+05    2.43189e+03   -6.69093e+05
    Kinetic En.   Total Energy  Conserved En.    Temperature Pressure (bar)
    1.42914e+05   -5.26179e+05   -4.96790e+05    3.00120e+02    1.35205e+02
   Constr. rmsd
    0.00000e+00

           Step           Time
         123000      123.00000

   Energies (kJ/mol)
        G96Bond       G96Angle    Proper Dih.  Improper Dih.          LJ-14
    1.13752e+04    2.43333e+04    5.34726e+03    1.72236e+03    1.51410e+04
     Coulomb-14        LJ (SR)   Coulomb (SR)   Coul. recip.      Potential
   -1.08463e+05    7.36222e+04   -6.94966e+05    2.43121e+03   -6.69457e+05
    Kinetic En.   Total Energy  Conserved En.    Temperature Pressure (bar)
    1.43231e+05   -5.26226e+05   -4.96799e+05    3.00785e+02    5.85063e+01
   Constr. rmsd
    0.00000e+00

           Step           Time
         124000      124.00000

   Energies (kJ/mol)
        G96Bond       G96Angle    Proper Dih.  Improper Dih.          LJ-14
    1.12841e+04    2.41599e+04    5.43983e+03    1.74944e+03    1.51217e+04
     Coulomb-14        LJ (SR)   Coulomb (SR)   Coul. recip.      Potential
   -1.08227e+05    7.42086e+04   -6.95270e+05    2.39365e+03   -6.69140e+05
    Kinetic En.   Total Energy  Conserved En.    Temperature Pressure (bar)
    1.42894e+05   -5.26245e+05   -4.96788e+05    3.00079e+02    1.15560e+02
   Constr. rmsd
    0.00000e+00

           Step           Time
         125000      125.00000

   Energies (kJ/mol)
        G96Bond       G96Angle    Proper Dih.  Improper Dih.          LJ-14
    1.16019e+04    2.39330e+04    5.20257e+03    1.72716e+03    1.48472e+04
     Coulomb-14        LJ (SR)   Coulomb (SR)   Coul. recip.      Potential
   -1.08271e+05    7.46135e+04   -6.94832e+05    2.38139e+03   -6.68796e+05
    Kinetic En.   Total Energy  Conserved En.    Temperature Pressure (bar)
    1.42578e+05   -5.26218e+05   -4.96939e+05    2.99414e+02    2.16575e+01
   Constr. rmsd
    0.00000e+00

           Step           Time
         126000      126.00000

   Energies (kJ/mol)
        G96Bond       G96Angle    Proper Dih.  Improper Dih.          LJ-14
    1.14184e+04    2.37078e+04    5.40740e+03    1.75100e+03    1.49962e+04
     Coulomb-14        LJ (SR)   Coulomb (SR)   Coul. recip.      Potential
   -1.08357e+05    7.36213e+04   -6.94046e+05    2.34579e+03   -6.69155e+05
    Kinetic En.   Total Energy  Conserved En.    Temperature Pressure (bar)
    1.42477e+05   -5.26677e+05   -4.96808e+05    2.99202e+02    3.50193e+01
   Constr. rmsd
    0.00000e+00

           Step           Time
         127000      127.00000

   Energies (kJ/mol)
        G96Bond       G96Angle    Proper Dih.  Improper Dih.          LJ-14
    1.17220e+04    2.40742e+04    5.36958e+03    1.81087e+03    1.48047e+04
     Coulomb-14        LJ (SR)   Coulomb (SR)   Coul. recip.      Potential
   -1.08144e+05    7.34543e+04   -6.93870e+05    2.39989e+03   -6.68378e+05
    Kinetic En.   Total Energy  Conserved En.    Temperature Pressure (bar)
    1.42120e+05   -5.26258e+05   -4.96839e+05    2.98452e+02   -2.09851e+02
   Constr. rmsd
    0.00000e+00

           Step           Time
         128000      128.00000

   Energies (kJ/mol)
        G96Bond       G96Angle    Proper Dih.  Improper Dih.          LJ-14
    1.13181e+04    2.38969e+04    5.40943e+03    1.77786e+03    1.49184e+04
     Coulomb-14        LJ (SR)   Coulomb (SR)   Coul. recip.      Potential
   -1.08179e+05    7.44504e+04   -6.95176e+05    2.38051e+03   -6.69203e+05
    Kinetic En.   Total Energy  Conserved En.    Temperature Pressure (bar)
    1.43123e+05   -5.26080e+05   -4.97100e+05    3.00558e+02   -1.76574e+02
   Constr. rmsd
    0.00000e+00

           Step           Time
         129000      129.00000

   Energies (kJ/mol)
        G96Bond       G96Angle    Proper Dih.  Improper Dih.          LJ-14
    1.10749e+04    2.44700e+04    5.41190e+03    1.85426e+03    1.51964e+04
     Coulomb-14        LJ (SR)   Coulomb (SR)   Coul. recip.      Potential
   -1.08520e+05    7.28062e+04   -6.93317e+05    2.37811e+03   -6.68646e+05
    Kinetic En.   Total Energy  Conserved En.    Temperature Pressure (bar)
    1.43568e+05   -5.25078e+05   -4.97131e+05    3.01493e+02   -6.48060e+01
   Constr. rmsd
    0.00000e+00

           Step           Time
         130000      130.00000

   Energies (kJ/mol)
        G96Bond       G96Angle    Proper Dih.  Improper Dih.          LJ-14
    1.14218e+04    2.40982e+04    5.30844e+03    1.74310e+03    1.50802e+04
     Coulomb-14        LJ (SR)   Coulomb (SR)   Coul. recip.      Potential
   -1.07927e+05    7.41020e+04   -6.94702e+05    2.38396e+03   -6.68491e+05
    Kinetic En.   Total Energy  Conserved En.    Temperature Pressure (bar)
    1.42546e+05   -5.25945e+05   -4.97108e+05    2.99347e+02   -1.70586e+02
   Constr. rmsd
    0.00000e+00

           Step           Time
         131000      131.00000

   Energies (kJ/mol)
        G96Bond       G96Angle    Proper Dih.  Improper Dih.          LJ-14
    1.12630e+04    2.40771e+04    5.29108e+03    1.82442e+03    1.51320e+04
     Coulomb-14        LJ (SR)   Coulomb (SR)   Coul. recip.      Potential
   -1.07882e+05    7.36315e+04   -6.94223e+05    2.50035e+03   -6.68386e+05
    Kinetic En.   Total Energy  Conserved En.    Temperature Pressure (bar)
    1.41894e+05   -5.26492e+05   -4.97140e+05    2.97978e+02   -8.16271e+01
   Constr. rmsd
    0.00000e+00

           Step           Time
         132000      132.00000

   Energies (kJ/mol)
        G96Bond       G96Angle    Proper Dih.  Improper Dih.          LJ-14
    1.12437e+04    2.40178e+04    5.38357e+03    1.66123e+03    1.51211e+04
     Coulomb-14        LJ (SR)   Coulomb (SR)   Coul. recip.      Potential
   -1.08024e+05    7.44778e+04   -6.95329e+05    2.48852e+03   -6.68959e+05
    Kinetic En.   Total Energy  Conserved En.    Temperature Pressure (bar)
    1.42835e+05   -5.26124e+05   -4.97081e+05    2.99954e+02   -8.65764e+01
   Constr. rmsd
    0.00000e+00

           Step           Time
         133000      133.00000

   Energies (kJ/mol)
        G96Bond       G96Angle    Proper Dih.  Improper Dih.          LJ-14
    1.15409e+04    2.41929e+04    5.31819e+03    1.77944e+03    1.49156e+04
     Coulomb-14        LJ (SR)   Coulomb (SR)   Coul. recip.      Potential
   -1.07837e+05    7.35954e+04   -6.94675e+05    2.35540e+03   -6.68814e+05
    Kinetic En.   Total Energy  Conserved En.    Temperature Pressure (bar)
    1.41902e+05   -5.26912e+05   -4.97066e+05    2.97994e+02   -1.53064e+02
   Constr. rmsd
    0.00000e+00

           Step           Time
         134000      134.00000

   Energies (kJ/mol)
        G96Bond       G96Angle    Proper Dih.  Improper Dih.          LJ-14
    1.16237e+04    2.38575e+04    5.35905e+03    1.72723e+03    1.49300e+04
     Coulomb-14        LJ (SR)   Coulomb (SR)   Coul. recip.      Potential
   -1.07937e+05    7.14142e+04   -6.93292e+05    2.45845e+03   -6.69859e+05
    Kinetic En.   Total Energy  Conserved En.    Temperature Pressure (bar)
    1.42465e+05   -5.27394e+05   -4.96896e+05    2.99178e+02   -4.77348e+02
   Constr. rmsd
    0.00000e+00

           Step           Time
         135000      135.00000

   Energies (kJ/mol)
        G96Bond       G96Angle    Proper Dih.  Improper Dih.          LJ-14
    1.13233e+04    2.39243e+04    5.21275e+03    1.77721e+03    1.48661e+04
     Coulomb-14        LJ (SR)   Coulomb (SR)   Coul. recip.      Potential
   -1.07951e+05    7.48279e+04   -6.95951e+05    2.37524e+03   -6.69595e+05
    Kinetic En.   Total Energy  Conserved En.    Temperature Pressure (bar)
    1.42069e+05   -5.27526e+05   -4.96890e+05    2.98344e+02    1.39971e+01
   Constr. rmsd
    0.00000e+00

           Step           Time
         136000      136.00000

   Energies (kJ/mol)
        G96Bond       G96Angle    Proper Dih.  Improper Dih.          LJ-14
    1.15628e+04    2.38439e+04    5.40988e+03    1.77395e+03    1.47228e+04
     Coulomb-14        LJ (SR)   Coulomb (SR)   Coul. recip.      Potential
   -1.07925e+05    7.47872e+04   -6.96428e+05    2.43225e+03   -6.69820e+05
    Kinetic En.   Total Energy  Conserved En.    Temperature Pressure (bar)
    1.42152e+05   -5.27668e+05   -4.96698e+05    2.98519e+02   -2.21421e+02
   Constr. rmsd
    0.00000e+00

           Step           Time
         137000      137.00000

   Energies (kJ/mol)
        G96Bond       G96Angle    Proper Dih.  Improper Dih.          LJ-14
    1.13941e+04    2.35596e+04    5.28856e+03    1.75210e+03    1.46926e+04
     Coulomb-14        LJ (SR)   Coulomb (SR)   Coul. recip.      Potential
   -1.07899e+05    7.36533e+04   -6.95950e+05    2.43892e+03   -6.71070e+05
    Kinetic En.   Total Energy  Conserved En.    Temperature Pressure (bar)
    1.42498e+05   -5.28572e+05   -4.96527e+05    2.99245e+02   -2.86555e+02
   Constr. rmsd
    0.00000e+00

           Step           Time
         138000      138.00000

   Energies (kJ/mol)
        G96Bond       G96Angle    Proper Dih.  Improper Dih.          LJ-14
    1.10172e+04    2.38272e+04    5.36569e+03    1.74247e+03    1.49758e+04
     Coulomb-14        LJ (SR)   Coulomb (SR)   Coul. recip.      Potential
   -1.08133e+05    7.35240e+04   -6.95583e+05    2.33641e+03   -6.70926e+05
    Kinetic En.   Total Energy  Conserved En.    Temperature Pressure (bar)
    1.42365e+05   -5.28562e+05   -4.96372e+05    2.98966e+02   -1.24875e+02
   Constr. rmsd
    0.00000e+00

           Step           Time
         139000      139.00000

   Energies (kJ/mol)
        G96Bond       G96Angle    Proper Dih.  Improper Dih.          LJ-14
    1.15437e+04    2.39723e+04    5.37509e+03    1.61526e+03    1.46822e+04
     Coulomb-14        LJ (SR)   Coulomb (SR)   Coul. recip.      Potential
   -1.07734e+05    7.22350e+04   -6.94132e+05    2.46526e+03   -6.69977e+05
    Kinetic En.   Total Energy  Conserved En.    Temperature Pressure (bar)
    1.43370e+05   -5.26607e+05   -4.96413e+05    3.01076e+02   -2.82867e+02
   Constr. rmsd
    0.00000e+00

           Step           Time
         140000      140.00000

   Energies (kJ/mol)
        G96Bond       G96Angle    Proper Dih.  Improper Dih.          LJ-14
    1.10001e+04    2.39415e+04    5.22313e+03    1.72638e+03    1.52267e+04
     Coulomb-14        LJ (SR)   Coulomb (SR)   Coul. recip.      Potential
   -1.07825e+05    7.35529e+04   -6.95418e+05    2.39893e+03   -6.70173e+05
    Kinetic En.   Total Energy  Conserved En.    Temperature Pressure (bar)
    1.43425e+05   -5.26749e+05   -4.96282e+05    3.01192e+02    2.97064e+01
   Constr. rmsd
    0.00000e+00

           Step           Time
         141000      141.00000

   Energies (kJ/mol)
        G96Bond       G96Angle    Proper Dih.  Improper Dih.          LJ-14
    1.13254e+04    2.41478e+04    5.31144e+03    1.75429e+03    1.52710e+04
     Coulomb-14        LJ (SR)   Coulomb (SR)   Coul. recip.      Potential
   -1.08026e+05    7.35783e+04   -6.93822e+05    2.32939e+03   -6.68129e+05
    Kinetic En.   Total Energy  Conserved En.    Temperature Pressure (bar)
    1.42371e+05   -5.25758e+05   -4.96345e+05    2.98979e+02    4.05760e+01
   Constr. rmsd
    0.00000e+00

           Step           Time
         142000      142.00000

   Energies (kJ/mol)
        G96Bond       G96Angle    Proper Dih.  Improper Dih.          LJ-14
    1.14308e+04    2.41285e+04    5.34108e+03    1.79312e+03    1.51767e+04
     Coulomb-14        LJ (SR)   Coulomb (SR)   Coul. recip.      Potential
   -1.08093e+05    7.21816e+04   -6.92241e+05    2.42346e+03   -6.67858e+05
    Kinetic En.   Total Energy  Conserved En.    Temperature Pressure (bar)
    1.43277e+05   -5.24581e+05   -4.96214e+05    3.00882e+02    2.67517e+01
   Constr. rmsd
    0.00000e+00

           Step           Time
         143000      143.00000

   Energies (kJ/mol)
        G96Bond       G96Angle    Proper Dih.  Improper Dih.          LJ-14
    1.18432e+04    2.37387e+04    5.41688e+03    1.70140e+03    1.49133e+04
     Coulomb-14        LJ (SR)   Coulomb (SR)   Coul. recip.      Potential
   -1.08083e+05    7.37496e+04   -6.94735e+05    2.41760e+03   -6.69037e+05
    Kinetic En.   Total Energy  Conserved En.    Temperature Pressure (bar)
    1.42822e+05   -5.26215e+05   -4.96398e+05    2.99926e+02   -1.56244e+01
   Constr. rmsd
    0.00000e+00

           Step           Time
         144000      144.00000

   Energies (kJ/mol)
        G96Bond       G96Angle    Proper Dih.  Improper Dih.          LJ-14
    1.13545e+04    2.37252e+04    5.26066e+03    1.71613e+03    1.51570e+04
     Coulomb-14        LJ (SR)   Coulomb (SR)   Coul. recip.      Potential
   -1.08005e+05    7.37417e+04   -6.94251e+05    2.40118e+03   -6.68899e+05
    Kinetic En.   Total Energy  Conserved En.    Temperature Pressure (bar)
    1.43255e+05   -5.25644e+05   -4.96194e+05    3.00835e+02    2.69952e+01
   Constr. rmsd
    0.00000e+00

           Step           Time
         145000      145.00000

   Energies (kJ/mol)
        G96Bond       G96Angle    Proper Dih.  Improper Dih.          LJ-14
    1.15679e+04    2.41239e+04    5.32340e+03    1.73129e+03    1.51584e+04
     Coulomb-14        LJ (SR)   Coulomb (SR)   Coul. recip.      Potential
   -1.07959e+05    7.29457e+04   -6.94819e+05    2.43794e+03   -6.69490e+05
    Kinetic En.   Total Energy  Conserved En.    Temperature Pressure (bar)
    1.43296e+05   -5.26194e+05   -4.96330e+05    3.00922e+02   -3.71769e+01
   Constr. rmsd
    0.00000e+00

           Step           Time
         146000      146.00000

   Energies (kJ/mol)
        G96Bond       G96Angle    Proper Dih.  Improper Dih.          LJ-14
    1.13071e+04    2.38690e+04    5.25641e+03    1.75729e+03    1.50908e+04
     Coulomb-14        LJ (SR)   Coulomb (SR)   Coul. recip.      Potential
   -1.07902e+05    7.42555e+04   -6.94177e+05    2.44302e+03   -6.68100e+05
    Kinetic En.   Total Energy  Conserved En.    Temperature Pressure (bar)
    1.41858e+05   -5.26242e+05   -4.96506e+05    2.97902e+02    7.03291e+01
   Constr. rmsd
    0.00000e+00

           Step           Time
         147000      147.00000

   Energies (kJ/mol)
        G96Bond       G96Angle    Proper Dih.  Improper Dih.          LJ-14
    1.13702e+04    2.39636e+04    5.34039e+03    1.79004e+03    1.49574e+04
     Coulomb-14        LJ (SR)   Coulomb (SR)   Coul. recip.      Potential
   -1.07977e+05    7.33360e+04   -6.93964e+05    2.40199e+03   -6.68781e+05
    Kinetic En.   Total Energy  Conserved En.    Temperature Pressure (bar)
    1.43904e+05   -5.24878e+05   -4.96341e+05    3.02198e+02   -9.23256e+01
   Constr. rmsd
    0.00000e+00

           Step           Time
         148000      148.00000

   Energies (kJ/mol)
        G96Bond       G96Angle    Proper Dih.  Improper Dih.          LJ-14
    1.10610e+04    2.37719e+04    5.27297e+03    1.83289e+03    1.52397e+04
     Coulomb-14        LJ (SR)   Coulomb (SR)   Coul. recip.      Potential
   -1.08002e+05    7.30240e+04   -6.93285e+05    2.38137e+03   -6.68703e+05
    Kinetic En.   Total Energy  Conserved En.    Temperature Pressure (bar)
    1.43000e+05   -5.25702e+05   -4.96295e+05    3.00301e+02   -8.62817e+01
   Constr. rmsd
    0.00000e+00

           Step           Time
         149000      149.00000

   Energies (kJ/mol)
        G96Bond       G96Angle    Proper Dih.  Improper Dih.          LJ-14
    1.15742e+04    2.36748e+04    5.38157e+03    1.71953e+03    1.49660e+04
     Coulomb-14        LJ (SR)   Coulomb (SR)   Coul. recip.      Potential
   -1.07874e+05    7.26494e+04   -6.93396e+05    2.41584e+03   -6.68888e+05
    Kinetic En.   Total Energy  Conserved En.    Temperature Pressure (bar)
    1.42585e+05   -5.26304e+05   -4.96237e+05    2.99428e+02   -3.64279e+02
   Constr. rmsd
    0.00000e+00

           Step           Time
         150000      150.00000

   Energies (kJ/mol)
        G96Bond       G96Angle    Proper Dih.  Improper Dih.          LJ-14
    1.12279e+04    2.35246e+04    5.31242e+03    1.72832e+03    1.50398e+04
     Coulomb-14        LJ (SR)   Coulomb (SR)   Coul. recip.      Potential
   -1.07874e+05    7.54672e+04   -6.97199e+05    2.38438e+03   -6.70388e+05
    Kinetic En.   Total Energy  Conserved En.    Temperature Pressure (bar)
    1.43100e+05   -5.27288e+05   -4.96156e+05    3.00510e+02    2.78419e+02
   Constr. rmsd
    0.00000e+00

           Step           Time
         151000      151.00000

   Energies (kJ/mol)
        G96Bond       G96Angle    Proper Dih.  Improper Dih.          LJ-14
    1.12989e+04    2.38041e+04    5.31937e+03    1.78638e+03    1.50079e+04
     Coulomb-14        LJ (SR)   Coulomb (SR)   Coul. recip.      Potential
   -1.08053e+05    7.43588e+04   -6.95195e+05    2.37546e+03   -6.69297e+05
    Kinetic En.   Total Energy  Conserved En.    Temperature Pressure (bar)
    1.43470e+05   -5.25828e+05   -4.96186e+05    3.01287e+02    2.27463e+01
   Constr. rmsd
    0.00000e+00

           Step           Time
         152000      152.00000

   Energies (kJ/mol)
        G96Bond       G96Angle    Proper Dih.  Improper Dih.          LJ-14
    1.13325e+04    2.35684e+04    5.27665e+03    1.87775e+03    1.50749e+04
     Coulomb-14        LJ (SR)   Coulomb (SR)   Coul. recip.      Potential
   -1.07960e+05    7.12038e+04   -6.90454e+05    2.49029e+03   -6.67589e+05
    Kinetic En.   Total Energy  Conserved En.    Temperature Pressure (bar)
    1.42092e+05   -5.25497e+05   -4.96170e+05    2.98394e+02   -3.23621e+02
   Constr. rmsd
    0.00000e+00

           Step           Time
         153000      153.00000

   Energies (kJ/mol)
        G96Bond       G96Angle    Proper Dih.  Improper Dih.          LJ-14
    1.11765e+04    2.34687e+04    5.40010e+03    1.80869e+03    1.53926e+04
     Coulomb-14        LJ (SR)   Coulomb (SR)   Coul. recip.      Potential
   -1.07874e+05    7.41255e+04   -6.94451e+05    2.44440e+03   -6.68508e+05
    Kinetic En.   Total Energy  Conserved En.    Temperature Pressure (bar)
    1.42052e+05   -5.26456e+05   -4.96073e+05    2.98310e+02    1.42789e+02
   Constr. rmsd
    0.00000e+00

           Step           Time
         154000      154.00000

   Energies (kJ/mol)
        G96Bond       G96Angle    Proper Dih.  Improper Dih.          LJ-14
    1.10216e+04    2.39355e+04    5.36181e+03    1.71077e+03    1.52130e+04
     Coulomb-14        LJ (SR)   Coulomb (SR)   Coul. recip.      Potential
   -1.07934e+05    7.42438e+04   -6.95536e+05    2.40142e+03   -6.69583e+05
    Kinetic En.   Total Energy  Conserved En.    Temperature Pressure (bar)
    1.42527e+05   -5.27056e+05   -4.96066e+05    2.99306e+02    2.19129e+02
   Constr. rmsd
    0.00000e+00

           Step           Time
         155000      155.00000

   Energies (kJ/mol)
        G96Bond       G96Angle    Proper Dih.  Improper Dih.          LJ-14
    1.09137e+04    2.35050e+04    5.23832e+03    1.82054e+03    1.52316e+04
     Coulomb-14        LJ (SR)   Coulomb (SR)   Coul. recip.      Potential
   -1.07839e+05    7.39772e+04   -6.96313e+05    2.36031e+03   -6.71105e+05
    Kinetic En.   Total Energy  Conserved En.    Temperature Pressure (bar)
    1.43422e+05   -5.27683e+05   -4.96084e+05    3.01186e+02   -7.79510e+01
   Constr. rmsd
    0.00000e+00

           Step           Time
         156000      156.00000

   Energies (kJ/mol)
        G96Bond       G96Angle    Proper Dih.  Improper Dih.          LJ-14
    1.12548e+04    2.43970e+04    5.32042e+03    1.65394e+03    1.47547e+04
     Coulomb-14        LJ (SR)   Coulomb (SR)   Coul. recip.      Potential
   -1.07935e+05    7.37726e+04   -6.93645e+05    2.37866e+03   -6.68048e+05
    Kinetic En.   Total Energy  Conserved En.    Temperature Pressure (bar)
    1.41734e+05   -5.26314e+05   -4.96074e+05    2.97641e+02   -2.94104e+01
   Constr. rmsd
    0.00000e+00

           Step           Time
         157000      157.00000

   Energies (kJ/mol)
        G96Bond       G96Angle    Proper Dih.  Improper Dih.          LJ-14
    1.12122e+04    2.41772e+04    5.39561e+03    1.75227e+03    1.50700e+04
     Coulomb-14        LJ (SR)   Coulomb (SR)   Coul. recip.      Potential
   -1.07952e+05    7.39852e+04   -6.94054e+05    2.44246e+03   -6.67971e+05
    Kinetic En.   Total Energy  Conserved En.    Temperature Pressure (bar)
    1.42600e+05   -5.25371e+05   -4.96170e+05    2.99460e+02   -1.47508e+02
   Constr. rmsd
    0.00000e+00

           Step           Time
         158000      158.00000

   Energies (kJ/mol)
        G96Bond       G96Angle    Proper Dih.  Improper Dih.          LJ-14
    1.11261e+04    2.40027e+04    5.29412e+03    1.66579e+03    1.51344e+04
     Coulomb-14        LJ (SR)   Coulomb (SR)   Coul. recip.      Potential
   -1.07912e+05    7.36400e+04   -6.93490e+05    2.51538e+03   -6.68024e+05
    Kinetic En.   Total Energy  Conserved En.    Temperature Pressure (bar)
    1.43484e+05   -5.24541e+05   -4.95932e+05    3.01316e+02    3.47980e+01
   Constr. rmsd
    0.00000e+00

           Step           Time
         159000      159.00000

   Energies (kJ/mol)
        G96Bond       G96Angle    Proper Dih.  Improper Dih.          LJ-14
    1.09901e+04    2.43436e+04    5.34973e+03    1.64993e+03    1.50505e+04
     Coulomb-14        LJ (SR)   Coulomb (SR)   Coul. recip.      Potential
   -1.07795e+05    7.42213e+04   -6.93383e+05    2.43838e+03   -6.67135e+05
    Kinetic En.   Total Energy  Conserved En.    Temperature Pressure (bar)
    1.44194e+05   -5.22941e+05   -4.95761e+05    3.02808e+02    1.44516e+02
   Constr. rmsd
    0.00000e+00

           Step           Time
         160000      160.00000

   Energies (kJ/mol)
        G96Bond       G96Angle    Proper Dih.  Improper Dih.          LJ-14
    1.13852e+04    2.39522e+04    5.33447e+03    1.58351e+03    1.53006e+04
     Coulomb-14        LJ (SR)   Coulomb (SR)   Coul. recip.      Potential
   -1.07991e+05    7.27763e+04   -6.92535e+05    2.41422e+03   -6.67779e+05
    Kinetic En.   Total Energy  Conserved En.    Temperature Pressure (bar)
    1.44330e+05   -5.23449e+05   -4.95793e+05    3.03094e+02    1.53297e+02
   Constr. rmsd
    0.00000e+00

           Step           Time
         161000      161.00000

   Energies (kJ/mol)
        G96Bond       G96Angle    Proper Dih.  Improper Dih.          LJ-14
    1.13943e+04    2.37710e+04    5.33624e+03    1.73822e+03    1.49037e+04
     Coulomb-14        LJ (SR)   Coulomb (SR)   Coul. recip.      Potential
   -1.08011e+05    7.40592e+04   -6.93593e+05    2.42604e+03   -6.67975e+05
    Kinetic En.   Total Energy  Conserved En.    Temperature Pressure (bar)
    1.43623e+05   -5.24352e+05   -4.95819e+05    3.01609e+02   -1.56280e+02
   Constr. rmsd
    0.00000e+00

           Step           Time
         162000      162.00000

   Energies (kJ/mol)
        G96Bond       G96Angle    Proper Dih.  Improper Dih.          LJ-14
    1.10460e+04    2.39782e+04    5.33560e+03    1.80050e+03    1.50265e+04
     Coulomb-14        LJ (SR)   Coulomb (SR)   Coul. recip.      Potential
   -1.08232e+05    7.17596e+04   -6.91210e+05    2.42836e+03   -6.68068e+05
    Kinetic En.   Total Energy  Conserved En.    Temperature Pressure (bar)
    1.42904e+05   -5.25163e+05   -4.95882e+05    3.00099e+02    2.48857e+01
   Constr. rmsd
    0.00000e+00

           Step           Time
         163000      163.00000

   Energies (kJ/mol)
        G96Bond       G96Angle    Proper Dih.  Improper Dih.          LJ-14
    1.12724e+04    2.36012e+04    5.31502e+03    1.75151e+03    1.50568e+04
     Coulomb-14        LJ (SR)   Coulomb (SR)   Coul. recip.      Potential
   -1.07891e+05    7.42184e+04   -6.94509e+05    2.43803e+03   -6.68747e+05
    Kinetic En.   Total Energy  Conserved En.    Temperature Pressure (bar)
    1.43338e+05   -5.25409e+05   -4.95715e+05    3.01009e+02    4.23866e+01
   Constr. rmsd
    0.00000e+00

           Step           Time
         164000      164.00000

   Energies (kJ/mol)
        G96Bond       G96Angle    Proper Dih.  Improper Dih.          LJ-14
    1.09817e+04    2.41539e+04    5.29866e+03    1.72654e+03    1.51710e+04
     Coulomb-14        LJ (SR)   Coulomb (SR)   Coul. recip.      Potential
   -1.07990e+05    7.29190e+04   -6.93608e+05    2.39804e+03   -6.68949e+05
    Kinetic En.   Total Energy  Conserved En.    Temperature Pressure (bar)
    1.43860e+05   -5.25089e+05   -4.95714e+05    3.02107e+02    6.67582e+01
   Constr. rmsd
    0.00000e+00

           Step           Time
         165000      165.00000

   Energies (kJ/mol)
        G96Bond       G96Angle    Proper Dih.  Improper Dih.          LJ-14
    1.14822e+04    2.39937e+04    5.24023e+03    1.77695e+03    1.50249e+04
     Coulomb-14        LJ (SR)   Coulomb (SR)   Coul. recip.      Potential
   -1.07950e+05    7.31165e+04   -6.92605e+05    2.43279e+03   -6.67487e+05
    Kinetic En.   Total Energy  Conserved En.    Temperature Pressure (bar)
    1.43052e+05   -5.24435e+05   -4.95609e+05    3.00410e+02    7.83239e+01
   Constr. rmsd
    0.00000e+00

           Step           Time
         166000      166.00000

   Energies (kJ/mol)
        G96Bond       G96Angle    Proper Dih.  Improper Dih.          LJ-14
    1.14297e+04    2.40208e+04    5.25459e+03    1.79130e+03    1.48508e+04
     Coulomb-14        LJ (SR)   Coulomb (SR)   Coul. recip.      Potential
   -1.07975e+05    7.34030e+04   -6.93072e+05    2.35925e+03   -6.67937e+05
    Kinetic En.   Total Energy  Conserved En.    Temperature Pressure (bar)
    1.43109e+05   -5.24828e+05   -4.95611e+05    3.00528e+02   -2.03806e+02
   Constr. rmsd
    0.00000e+00

           Step           Time
         167000      167.00000

   Energies (kJ/mol)
        G96Bond       G96Angle    Proper Dih.  Improper Dih.          LJ-14
    1.11872e+04    2.40992e+04    5.39337e+03    1.75636e+03    1.49635e+04
     Coulomb-14        LJ (SR)   Coulomb (SR)   Coul. recip.      Potential
   -1.07953e+05    7.30097e+04   -6.93317e+05    2.40223e+03   -6.68458e+05
    Kinetic En.   Total Energy  Conserved En.    Temperature Pressure (bar)
    1.43293e+05   -5.25165e+05   -4.95503e+05    3.00916e+02   -1.72727e+02
   Constr. rmsd
    0.00000e+00

           Step           Time
         168000      168.00000

   Energies (kJ/mol)
        G96Bond       G96Angle    Proper Dih.  Improper Dih.          LJ-14
    1.15959e+04    2.37292e+04    5.48226e+03    1.68669e+03    1.50724e+04
     Coulomb-14        LJ (SR)   Coulomb (SR)   Coul. recip.      Potential
   -1.08157e+05    7.40165e+04   -6.94726e+05    2.44825e+03   -6.68852e+05
    Kinetic En.   Total Energy  Conserved En.    Temperature Pressure (bar)
    1.43001e+05   -5.25851e+05   -4.95452e+05    3.00302e+02    1.03729e+02
   Constr. rmsd
    0.00000e+00

           Step           Time
         169000      169.00000

   Energies (kJ/mol)
        G96Bond       G96Angle    Proper Dih.  Improper Dih.          LJ-14
    1.10362e+04    2.44362e+04    5.30602e+03    1.74226e+03    1.50674e+04
     Coulomb-14        LJ (SR)   Coulomb (SR)   Coul. recip.      Potential
   -1.08007e+05    7.41434e+04   -6.94844e+05    2.42339e+03   -6.68696e+05
    Kinetic En.   Total Energy  Conserved En.    Temperature Pressure (bar)
    1.42351e+05   -5.26345e+05   -4.95452e+05    2.98937e+02    1.92665e+01
   Constr. rmsd
    0.00000e+00

           Step           Time
         170000      170.00000

   Energies (kJ/mol)
        G96Bond       G96Angle    Proper Dih.  Improper Dih.          LJ-14
    1.11332e+04    2.38948e+04    5.27909e+03    1.72800e+03    1.50480e+04
     Coulomb-14        LJ (SR)   Coulomb (SR)   Coul. recip.      Potential
   -1.07791e+05    7.35209e+04   -6.94227e+05    2.39134e+03   -6.69022e+05
    Kinetic En.   Total Energy  Conserved En.    Temperature Pressure (bar)
    1.43219e+05   -5.25803e+05   -4.95658e+05    3.00760e+02   -1.80310e+02
   Constr. rmsd
    0.00000e+00

           Step           Time
         171000      171.00000

   Energies (kJ/mol)
        G96Bond       G96Angle    Proper Dih.  Improper Dih.          LJ-14
    1.12428e+04    2.38925e+04    5.22258e+03    1.73590e+03    1.49510e+04
     Coulomb-14        LJ (SR)   Coulomb (SR)   Coul. recip.      Potential
   -1.07858e+05    7.43094e+04   -6.93496e+05    2.48796e+03   -6.67512e+05
    Kinetic En.   Total Energy  Conserved En.    Temperature Pressure (bar)
    1.42324e+05   -5.25188e+05   -4.95649e+05    2.98880e+02    1.07195e+02
   Constr. rmsd
    0.00000e+00

           Step           Time
         172000      172.00000

   Energies (kJ/mol)
        G96Bond       G96Angle    Proper Dih.  Improper Dih.          LJ-14
    1.12261e+04    2.41084e+04    5.32222e+03    1.69964e+03    1.50125e+04
     Coulomb-14        LJ (SR)   Coulomb (SR)   Coul. recip.      Potential
   -1.07898e+05    7.25637e+04   -6.93164e+05    2.46315e+03   -6.68666e+05
    Kinetic En.   Total Energy  Conserved En.    Temperature Pressure (bar)
    1.43486e+05   -5.25179e+05   -4.95796e+05    3.01322e+02   -1.97418e+02
   Constr. rmsd
    0.00000e+00

           Step           Time
         173000      173.00000

   Energies (kJ/mol)
        G96Bond       G96Angle    Proper Dih.  Improper Dih.          LJ-14
    1.14226e+04    2.37668e+04    5.34520e+03    1.66114e+03    1.51410e+04
     Coulomb-14        LJ (SR)   Coulomb (SR)   Coul. recip.      Potential
   -1.08082e+05    7.37934e+04   -6.93599e+05    2.42789e+03   -6.68123e+05
    Kinetic En.   Total Energy  Conserved En.    Temperature Pressure (bar)
    1.42373e+05   -5.25750e+05   -4.95842e+05    2.98983e+02   -1.37777e+02
   Constr. rmsd
    0.00000e+00

           Step           Time
         174000      174.00000

   Energies (kJ/mol)
        G96Bond       G96Angle    Proper Dih.  Improper Dih.          LJ-14
    1.12181e+04    2.41074e+04    5.27643e+03    1.76174e+03    1.49707e+04
     Coulomb-14        LJ (SR)   Coulomb (SR)   Coul. recip.      Potential
   -1.07932e+05    7.33366e+04   -6.93387e+05    2.39264e+03   -6.68256e+05
    Kinetic En.   Total Energy  Conserved En.    Temperature Pressure (bar)
    1.42573e+05   -5.25682e+05   -4.95591e+05    2.99404e+02   -5.93353e+01
   Constr. rmsd
    0.00000e+00

           Step           Time
         175000      175.00000

   Energies (kJ/mol)
        G96Bond       G96Angle    Proper Dih.  Improper Dih.          LJ-14
    1.12050e+04    2.39914e+04    5.49763e+03    1.71143e+03    1.49442e+04
     Coulomb-14        LJ (SR)   Coulomb (SR)   Coul. recip.      Potential
   -1.07828e+05    7.37923e+04   -6.93907e+05    2.44046e+03   -6.68153e+05
    Kinetic En.   Total Energy  Conserved En.    Temperature Pressure (bar)
    1.42843e+05   -5.25309e+05   -4.95515e+05    2.99971e+02    3.30520e+01
   Constr. rmsd
    0.00000e+00

           Step           Time
         176000      176.00000

   Energies (kJ/mol)
        G96Bond       G96Angle    Proper Dih.  Improper Dih.          LJ-14
    1.12910e+04    2.38203e+04    5.40314e+03    1.72396e+03    1.49380e+04
     Coulomb-14        LJ (SR)   Coulomb (SR)   Coul. recip.      Potential
   -1.07969e+05    7.33262e+04   -6.93647e+05    2.47492e+03   -6.68639e+05
    Kinetic En.   Total Energy  Conserved En.    Temperature Pressure (bar)
    1.42421e+05   -5.26218e+05   -4.95550e+05    2.99084e+02   -1.38767e+02
   Constr. rmsd
    0.00000e+00

           Step           Time
         177000      177.00000

   Energies (kJ/mol)
        G96Bond       G96Angle    Proper Dih.  Improper Dih.          LJ-14
    1.12290e+04    2.38711e+04    5.58096e+03    1.75915e+03    1.49322e+04
     Coulomb-14        LJ (SR)   Coulomb (SR)   Coul. recip.      Potential
   -1.07729e+05    7.40847e+04   -6.95022e+05    2.41174e+03   -6.68882e+05
    Kinetic En.   Total Energy  Conserved En.    Temperature Pressure (bar)
    1.43989e+05   -5.24893e+05   -4.95578e+05    3.02377e+02   -1.32701e+02
   Constr. rmsd
    0.00000e+00

           Step           Time
         178000      178.00000

   Energies (kJ/mol)
        G96Bond       G96Angle    Proper Dih.  Improper Dih.          LJ-14
    1.12453e+04    2.40504e+04    5.32979e+03    1.69780e+03    1.49301e+04
     Coulomb-14        LJ (SR)   Coulomb (SR)   Coul. recip.      Potential
   -1.07911e+05    7.26959e+04   -6.93500e+05    2.36329e+03   -6.69098e+05
    Kinetic En.   Total Energy  Conserved En.    Temperature Pressure (bar)
    1.43630e+05   -5.25468e+05   -4.95449e+05    3.01624e+02   -1.67630e+02
   Constr. rmsd
    0.00000e+00

           Step           Time
         179000      179.00000

   Energies (kJ/mol)
        G96Bond       G96Angle    Proper Dih.  Improper Dih.          LJ-14
    1.12799e+04    2.41176e+04    5.38936e+03    1.81543e+03    1.51816e+04
     Coulomb-14        LJ (SR)   Coulomb (SR)   Coul. recip.      Potential
   -1.07909e+05    7.18195e+04   -6.91652e+05    2.43169e+03   -6.67526e+05
    Kinetic En.   Total Energy  Conserved En.    Temperature Pressure (bar)
    1.43229e+05   -5.24297e+05   -4.95267e+05    3.00781e+02   -1.42717e+02
   Constr. rmsd
    0.00000e+00

           Step           Time
         180000      180.00000

   Energies (kJ/mol)
        G96Bond       G96Angle    Proper Dih.  Improper Dih.          LJ-14
    1.16387e+04    2.38758e+04    5.28709e+03    1.83268e+03    1.50184e+04
     Coulomb-14        LJ (SR)   Coulomb (SR)   Coul. recip.      Potential
   -1.07966e+05    7.26674e+04   -6.92497e+05    2.48107e+03   -6.67662e+05
    Kinetic En.   Total Energy  Conserved En.    Temperature Pressure (bar)
    1.42585e+05   -5.25077e+05   -4.95126e+05    2.99428e+02   -1.23788e+02
   Constr. rmsd
    0.00000e+00

           Step           Time
         181000      181.00000

   Energies (kJ/mol)
        G96Bond       G96Angle    Proper Dih.  Improper Dih.          LJ-14
    1.13682e+04    2.41792e+04    5.34912e+03    1.72782e+03    1.50297e+04
     Coulomb-14        LJ (SR)   Coulomb (SR)   Coul. recip.      Potential
   -1.07810e+05    7.28332e+04   -6.94525e+05    2.47091e+03   -6.69377e+05
    Kinetic En.   Total Energy  Conserved En.    Temperature Pressure (bar)
    1.42973e+05   -5.26403e+05   -4.95049e+05    3.00244e+02   -1.92475e+02
   Constr. rmsd
    0.00000e+00

           Step           Time
         182000      182.00000

   Energies (kJ/mol)
        G96Bond       G96Angle    Proper Dih.  Improper Dih.          LJ-14
    1.16329e+04    2.37681e+04    5.29693e+03    1.76256e+03    1.51180e+04
     Coulomb-14        LJ (SR)   Coulomb (SR)   Coul. recip.      Potential
   -1.08264e+05    7.35917e+04   -6.94096e+05    2.46410e+03   -6.68726e+05
    Kinetic En.   Total Energy  Conserved En.    Temperature Pressure (bar)
    1.42503e+05   -5.26223e+05   -4.95011e+05    2.99257e+02    9.38410e+01
   Constr. rmsd
    0.00000e+00

           Step           Time
         183000      183.00000

   Energies (kJ/mol)
        G96Bond       G96Angle    Proper Dih.  Improper Dih.          LJ-14
    1.16035e+04    2.35620e+04    5.44153e+03    1.69608e+03    1.48957e+04
     Coulomb-14        LJ (SR)   Coulomb (SR)   Coul. recip.      Potential
   -1.07708e+05    7.33097e+04   -6.95350e+05    2.37964e+03   -6.70170e+05
    Kinetic En.   Total Energy  Conserved En.    Temperature Pressure (bar)
    1.43066e+05   -5.27104e+05   -4.95030e+05    3.00438e+02   -1.62328e+02
   Constr. rmsd
    0.00000e+00

           Step           Time
         184000      184.00000

   Energies (kJ/mol)
        G96Bond       G96Angle    Proper Dih.  Improper Dih.          LJ-14
    1.14565e+04    2.41936e+04    5.42908e+03    1.75916e+03    1.50252e+04
     Coulomb-14        LJ (SR)   Coulomb (SR)   Coul. recip.      Potential
   -1.07908e+05    7.45763e+04   -6.96095e+05    2.48563e+03   -6.69078e+05
    Kinetic En.   Total Energy  Conserved En.    Temperature Pressure (bar)
    1.42903e+05   -5.26174e+05   -4.94992e+05    3.00097e+02    1.12019e+02
   Constr. rmsd
    0.00000e+00

           Step           Time
         185000      185.00000

   Energies (kJ/mol)
        G96Bond       G96Angle    Proper Dih.  Improper Dih.          LJ-14
    1.09766e+04    2.41865e+04    5.40109e+03    1.76232e+03    1.52343e+04
     Coulomb-14        LJ (SR)   Coulomb (SR)   Coul. recip.      Potential
   -1.07990e+05    7.38634e+04   -6.95211e+05    2.40190e+03   -6.69375e+05
    Kinetic En.   Total Energy  Conserved En.    Temperature Pressure (bar)
    1.43533e+05   -5.25842e+05   -4.94932e+05    3.01419e+02    1.96014e+02
   Constr. rmsd
    0.00000e+00

           Step           Time
         186000      186.00000

   Energies (kJ/mol)
        G96Bond       G96Angle    Proper Dih.  Improper Dih.          LJ-14
    1.12080e+04    2.43131e+04    5.34815e+03    1.79898e+03    1.48989e+04
     Coulomb-14        LJ (SR)   Coulomb (SR)   Coul. recip.      Potential
   -1.07818e+05    7.42129e+04   -6.94965e+05    2.44806e+03   -6.68555e+05
    Kinetic En.   Total Energy  Conserved En.    Temperature Pressure (bar)
    1.43197e+05   -5.25358e+05   -4.94953e+05    3.00714e+02    2.02695e+02
   Constr. rmsd
    0.00000e+00

           Step           Time
         187000      187.00000

   Energies (kJ/mol)
        G96Bond       G96Angle    Proper Dih.  Improper Dih.          LJ-14
    1.16762e+04    2.40900e+04    5.38445e+03    1.74717e+03    1.48535e+04
     Coulomb-14        LJ (SR)   Coulomb (SR)   Coul. recip.      Potential
   -1.07919e+05    7.32993e+04   -6.94104e+05    2.50931e+03   -6.68464e+05
    Kinetic En.   Total Energy  Conserved En.    Temperature Pressure (bar)
    1.42925e+05   -5.25539e+05   -4.94953e+05    3.00142e+02   -2.20058e+02
   Constr. rmsd
    0.00000e+00

           Step           Time
         188000      188.00000

   Energies (kJ/mol)
        G96Bond       G96Angle    Proper Dih.  Improper Dih.          LJ-14
    1.16390e+04    2.41901e+04    5.36238e+03    1.75584e+03    1.48687e+04
     Coulomb-14        LJ (SR)   Coulomb (SR)   Coul. recip.      Potential
   -1.07868e+05    7.19251e+04   -6.93635e+05    2.45018e+03   -6.69312e+05
    Kinetic En.   Total Energy  Conserved En.    Temperature Pressure (bar)
    1.42360e+05   -5.26952e+05   -4.94965e+05    2.98956e+02   -3.76830e+02
   Constr. rmsd
    0.00000e+00

           Step           Time
         189000      189.00000

   Energies (kJ/mol)
        G96Bond       G96Angle    Proper Dih.  Improper Dih.          LJ-14
    1.14771e+04    2.36526e+04    5.32643e+03    1.68134e+03    1.50719e+04
     Coulomb-14        LJ (SR)   Coulomb (SR)   Coul. recip.      Potential
   -1.07927e+05    7.51803e+04   -6.95962e+05    2.37920e+03   -6.69120e+05
    Kinetic En.   Total Energy  Conserved En.    Temperature Pressure (bar)
    1.43007e+05   -5.26114e+05   -4.94842e+05    3.00314e+02    1.43677e+02
   Constr. rmsd
    0.00000e+00

           Step           Time
         190000      190.00000

   Energies (kJ/mol)
        G96Bond       G96Angle    Proper Dih.  Improper Dih.          LJ-14
    1.12580e+04    2.41170e+04    5.33985e+03    1.71829e+03    1.52428e+04
     Coulomb-14        LJ (SR)   Coulomb (SR)   Coul. recip.      Potential
   -1.07652e+05    7.31788e+04   -6.94952e+05    2.41019e+03   -6.69339e+05
    Kinetic En.   Total Energy  Conserved En.    Temperature Pressure (bar)
    1.43223e+05   -5.26116e+05   -4.94674e+05    3.00768e+02   -9.47126e+01
   Constr. rmsd
    0.00000e+00

           Step           Time
         191000      191.00000

   Energies (kJ/mol)
        G96Bond       G96Angle    Proper Dih.  Improper Dih.          LJ-14
    1.16171e+04    2.38406e+04    5.19702e+03    1.77191e+03    1.48702e+04
     Coulomb-14        LJ (SR)   Coulomb (SR)   Coul. recip.      Potential
   -1.07842e+05    7.46891e+04   -6.95422e+05    2.40350e+03   -6.68874e+05
    Kinetic En.   Total Energy  Conserved En.    Temperature Pressure (bar)
    1.42050e+05   -5.26825e+05   -4.94650e+05    2.98304e+02   -1.60875e+02
   Constr. rmsd
    0.00000e+00

           Step           Time
         192000      192.00000

   Energies (kJ/mol)
        G96Bond       G96Angle    Proper Dih.  Improper Dih.          LJ-14
    1.12775e+04    2.42154e+04    5.29228e+03    1.80422e+03    1.51669e+04
     Coulomb-14        LJ (SR)   Coulomb (SR)   Coul. recip.      Potential
   -1.07864e+05    7.33551e+04   -6.95248e+05    2.39140e+03   -6.69610e+05
    Kinetic En.   Total Energy  Conserved En.    Temperature Pressure (bar)
    1.42422e+05   -5.27188e+05   -4.94339e+05    2.99086e+02    2.03707e+01
   Constr. rmsd
    0.00000e+00

           Step           Time
         193000      193.00000

   Energies (kJ/mol)
        G96Bond       G96Angle    Proper Dih.  Improper Dih.          LJ-14
    1.13623e+04    2.39648e+04    5.40206e+03    1.77810e+03    1.51828e+04
     Coulomb-14        LJ (SR)   Coulomb (SR)   Coul. recip.      Potential
   -1.07878e+05    7.38580e+04   -6.95961e+05    2.36558e+03   -6.69926e+05
    Kinetic En.   Total Energy  Conserved En.    Temperature Pressure (bar)
    1.43110e+05   -5.26816e+05   -4.94474e+05    3.00532e+02   -3.58156e+01
   Constr. rmsd
    0.00000e+00

           Step           Time
         194000      194.00000

   Energies (kJ/mol)
        G96Bond       G96Angle    Proper Dih.  Improper Dih.          LJ-14
    1.14458e+04    2.39889e+04    5.24237e+03    1.67330e+03    1.51314e+04
     Coulomb-14        LJ (SR)   Coulomb (SR)   Coul. recip.      Potential
   -1.07932e+05    7.47622e+04   -6.95981e+05    2.35297e+03   -6.69316e+05
    Kinetic En.   Total Energy  Conserved En.    Temperature Pressure (bar)
    1.42678e+05   -5.26638e+05   -4.94421e+05    2.99624e+02   -4.51073e+01
   Constr. rmsd
    0.00000e+00

           Step           Time
         195000      195.00000

   Energies (kJ/mol)
        G96Bond       G96Angle    Proper Dih.  Improper Dih.          LJ-14
    1.12381e+04    2.42463e+04    5.34528e+03    1.81093e+03    1.53667e+04
     Coulomb-14        LJ (SR)   Coulomb (SR)   Coul. recip.      Potential
   -1.08200e+05    7.48192e+04   -6.95756e+05    2.39732e+03   -6.68732e+05
    Kinetic En.   Total Energy  Conserved En.    Temperature Pressure (bar)
    1.42312e+05   -5.26420e+05   -4.94222e+05    2.98855e+02    2.33725e+02
   Constr. rmsd
    0.00000e+00

           Step           Time
         196000      196.00000

   Energies (kJ/mol)
        G96Bond       G96Angle    Proper Dih.  Improper Dih.          LJ-14
    1.11814e+04    2.43712e+04    5.46379e+03    1.74161e+03    1.52655e+04
     Coulomb-14        LJ (SR)   Coulomb (SR)   Coul. recip.      Potential
   -1.07989e+05    7.46055e+04   -6.95939e+05    2.35885e+03   -6.68940e+05
    Kinetic En.   Total Energy  Conserved En.    Temperature Pressure (bar)
    1.43339e+05   -5.25601e+05   -4.94319e+05    3.01013e+02    1.95656e+02
   Constr. rmsd
    0.00000e+00

           Step           Time
         197000      197.00000

   Energies (kJ/mol)
        G96Bond       G96Angle    Proper Dih.  Improper Dih.          LJ-14
    1.11951e+04    2.38519e+04    5.40090e+03    1.75739e+03    1.52146e+04
     Coulomb-14        LJ (SR)   Coulomb (SR)   Coul. recip.      Potential
   -1.07751e+05    7.32349e+04   -6.94406e+05    2.42532e+03   -6.69078e+05
    Kinetic En.   Total Energy  Conserved En.    Temperature Pressure (bar)
    1.43059e+05   -5.26018e+05   -4.94205e+05    3.00424e+02    1.46162e+02
   Constr. rmsd
    0.00000e+00

           Step           Time
         198000      198.00000

   Energies (kJ/mol)
        G96Bond       G96Angle    Proper Dih.  Improper Dih.          LJ-14
    1.13318e+04    2.39587e+04    5.39231e+03    1.63269e+03    1.52792e+04
     Coulomb-14        LJ (SR)   Coulomb (SR)   Coul. recip.      Potential
   -1.07541e+05    7.34106e+04   -6.95305e+05    2.34881e+03   -6.69492e+05
    Kinetic En.   Total Energy  Conserved En.    Temperature Pressure (bar)
    1.43173e+05   -5.26318e+05   -4.94294e+05    3.00664e+02    2.50460e+01
   Constr. rmsd
    0.00000e+00

           Step           Time
         199000      199.00000

   Energies (kJ/mol)
        G96Bond       G96Angle    Proper Dih.  Improper Dih.          LJ-14
    1.14221e+04    2.42876e+04    5.32025e+03    1.87406e+03    1.48464e+04
     Coulomb-14        LJ (SR)   Coulomb (SR)   Coul. recip.      Potential
   -1.08019e+05    7.25691e+04   -6.93827e+05    2.41050e+03   -6.69116e+05
    Kinetic En.   Total Energy  Conserved En.    Temperature Pressure (bar)
    1.42967e+05   -5.26149e+05   -4.94421e+05    3.00232e+02   -2.46919e+02
   Constr. rmsd
    0.00000e+00

           Step           Time
         200000      200.00000

   Energies (kJ/mol)
        G96Bond       G96Angle    Proper Dih.  Improper Dih.          LJ-14
    1.15368e+04    2.42715e+04    5.51081e+03    1.71676e+03    1.50240e+04
     Coulomb-14        LJ (SR)   Coulomb (SR)   Coul. recip.      Potential
   -1.07780e+05    7.31542e+04   -6.94217e+05    2.49764e+03   -6.68285e+05
    Kinetic En.   Total Energy  Conserved En.    Temperature Pressure (bar)
    1.41935e+05   -5.26350e+05   -4.94443e+05    2.98064e+02   -1.53372e+02
   Constr. rmsd
    0.00000e+00

           Step           Time
         201000      201.00000

   Energies (kJ/mol)
        G96Bond       G96Angle    Proper Dih.  Improper Dih.          LJ-14
    1.14466e+04    2.44195e+04    5.42368e+03    1.78817e+03    1.52432e+04
     Coulomb-14        LJ (SR)   Coulomb (SR)   Coul. recip.      Potential
   -1.07789e+05    7.25267e+04   -6.93498e+05    2.38031e+03   -6.68059e+05
    Kinetic En.   Total Energy  Conserved En.    Temperature Pressure (bar)
    1.42927e+05   -5.25132e+05   -4.94298e+05    3.00147e+02   -1.24685e+02
   Constr. rmsd
    0.00000e+00

           Step           Time
         202000      202.00000

   Energies (kJ/mol)
        G96Bond       G96Angle    Proper Dih.  Improper Dih.          LJ-14
    1.15743e+04    2.42461e+04    5.35098e+03    1.75441e+03    1.47139e+04
     Coulomb-14        LJ (SR)   Coulomb (SR)   Coul. recip.      Potential
   -1.07888e+05    7.40189e+04   -6.95268e+05    2.40191e+03   -6.69096e+05
    Kinetic En.   Total Energy  Conserved En.    Temperature Pressure (bar)
    1.42575e+05   -5.26520e+05   -4.94158e+05    2.99409e+02   -1.77119e+02
   Constr. rmsd
    0.00000e+00

           Step           Time
         203000      203.00000

   Energies (kJ/mol)
        G96Bond       G96Angle    Proper Dih.  Improper Dih.          LJ-14
    1.13217e+04    2.45834e+04    5.34414e+03    1.80074e+03    1.49923e+04
     Coulomb-14        LJ (SR)   Coulomb (SR)   Coul. recip.      Potential
   -1.07942e+05    7.35839e+04   -6.95670e+05    2.38822e+03   -6.69598e+05
    Kinetic En.   Total Energy  Conserved En.    Temperature Pressure (bar)
    1.42958e+05   -5.26639e+05   -4.94128e+05    3.00213e+02   -2.17343e+02
   Constr. rmsd
    0.00000e+00

           Step           Time
         204000      204.00000

   Energies (kJ/mol)
        G96Bond       G96Angle    Proper Dih.  Improper Dih.          LJ-14
    1.13675e+04    2.39570e+04    5.37901e+03    1.76703e+03    1.52304e+04
     Coulomb-14        LJ (SR)   Coulomb (SR)   Coul. recip.      Potential
   -1.08159e+05    7.26057e+04   -6.94118e+05    2.37987e+03   -6.69591e+05
    Kinetic En.   Total Energy  Conserved En.    Temperature Pressure (bar)
    1.43145e+05   -5.26446e+05   -4.93968e+05    3.00605e+02   -2.08808e+02
   Constr. rmsd
    0.00000e+00

           Step           Time
         205000      205.00000

   Energies (kJ/mol)
        G96Bond       G96Angle    Proper Dih.  Improper Dih.          LJ-14
    1.15970e+04    2.40373e+04    5.30596e+03    1.70851e+03    1.49076e+04
     Coulomb-14        LJ (SR)   Coulomb (SR)   Coul. recip.      Potential
   -1.08400e+05    7.42299e+04   -6.95829e+05    2.39706e+03   -6.70046e+05
    Kinetic En.   Total Energy  Conserved En.    Temperature Pressure (bar)
    1.43304e+05   -5.26741e+05   -4.93921e+05    3.00940e+02   -1.57500e+02
   Constr. rmsd
    0.00000e+00

           Step           Time
         206000      206.00000

   Energies (kJ/mol)
        G96Bond       G96Angle    Proper Dih.  Improper Dih.          LJ-14
    1.12981e+04    2.44056e+04    5.27926e+03    1.78646e+03    1.51311e+04
     Coulomb-14        LJ (SR)   Coulomb (SR)   Coul. recip.      Potential
   -1.07969e+05    7.37175e+04   -6.95090e+05    2.42926e+03   -6.69012e+05
    Kinetic En.   Total Energy  Conserved En.    Temperature Pressure (bar)
    1.42899e+05   -5.26114e+05   -4.93818e+05    3.00088e+02    1.25475e+02
   Constr. rmsd
    0.00000e+00

           Step           Time
         207000      207.00000

   Energies (kJ/mol)
        G96Bond       G96Angle    Proper Dih.  Improper Dih.          LJ-14
    1.16776e+04    2.38207e+04    5.26909e+03    1.76088e+03    1.52245e+04
     Coulomb-14        LJ (SR)   Coulomb (SR)   Coul. recip.      Potential
   -1.07919e+05    7.45147e+04   -6.96614e+05    2.41489e+03   -6.69850e+05
    Kinetic En.   Total Energy  Conserved En.    Temperature Pressure (bar)
    1.42956e+05   -5.26894e+05   -4.93800e+05    3.00209e+02    1.95023e+02
   Constr. rmsd
    0.00000e+00

           Step           Time
         208000      208.00000

   Energies (kJ/mol)
        G96Bond       G96Angle    Proper Dih.  Improper Dih.          LJ-14
    1.10804e+04    2.43243e+04    5.38242e+03    1.75140e+03    1.52516e+04
     Coulomb-14        LJ (SR)   Coulomb (SR)   Coul. recip.      Potential
   -1.07938e+05    7.35017e+04   -6.95220e+05    2.44964e+03   -6.69417e+05
    Kinetic En.   Total Energy  Conserved En.    Temperature Pressure (bar)
    1.42096e+05   -5.27321e+05   -4.93748e+05    2.98402e+02    2.48778e+02
   Constr. rmsd
    0.00000e+00

           Step           Time
         209000      209.00000

   Energies (kJ/mol)
        G96Bond       G96Angle    Proper Dih.  Improper Dih.          LJ-14
    1.13814e+04    2.44673e+04    5.34336e+03    1.66223e+03    1.51152e+04
     Coulomb-14        LJ (SR)   Coulomb (SR)   Coul. recip.      Potential
   -1.08195e+05    7.40610e+04   -6.95119e+05    2.37309e+03   -6.68911e+05
    Kinetic En.   Total Energy  Conserved En.    Temperature Pressure (bar)
    1.42226e+05   -5.26684e+05   -4.93721e+05    2.98675e+02    1.60663e+02
   Constr. rmsd
    0.00000e+00

           Step           Time
         210000      210.00000

   Energies (kJ/mol)
        G96Bond       G96Angle    Proper Dih.  Improper Dih.          LJ-14
    1.13489e+04    2.42845e+04    5.38921e+03    1.77788e+03    1.49747e+04
     Coulomb-14        LJ (SR)   Coulomb (SR)   Coul. recip.      Potential
   -1.08150e+05    7.33671e+04   -6.95149e+05    2.29762e+03   -6.69860e+05
    Kinetic En.   Total Energy  Conserved En.    Temperature Pressure (bar)
    1.43297e+05   -5.26562e+05   -4.93775e+05    3.00925e+02   -5.70712e+01
   Constr. rmsd
    0.00000e+00

           Step           Time
         211000      211.00000

   Energies (kJ/mol)
        G96Bond       G96Angle    Proper Dih.  Improper Dih.          LJ-14
    1.12363e+04    2.46025e+04    5.28425e+03    1.62828e+03    1.51699e+04
     Coulomb-14        LJ (SR)   Coulomb (SR)   Coul. recip.      Potential
   -1.07854e+05    7.29223e+04   -6.93416e+05    2.35920e+03   -6.68067e+05
    Kinetic En.   Total Energy  Conserved En.    Temperature Pressure (bar)
    1.42440e+05   -5.25626e+05   -4.93738e+05    2.99125e+02   -1.61572e+02
   Constr. rmsd
    0.00000e+00

           Step           Time
         212000      212.00000

   Energies (kJ/mol)
        G96Bond       G96Angle    Proper Dih.  Improper Dih.          LJ-14
    1.13288e+04    2.42842e+04    5.27591e+03    1.73281e+03    1.49740e+04
     Coulomb-14        LJ (SR)   Coulomb (SR)   Coul. recip.      Potential
   -1.08090e+05    7.35390e+04   -6.94860e+05    2.40558e+03   -6.69410e+05
    Kinetic En.   Total Energy  Conserved En.    Temperature Pressure (bar)
    1.43409e+05   -5.26001e+05   -4.93800e+05    3.01160e+02    1.89207e+01
   Constr. rmsd
    0.00000e+00

           Step           Time
         213000      213.00000

   Energies (kJ/mol)
        G96Bond       G96Angle    Proper Dih.  Improper Dih.          LJ-14
    1.14993e+04    2.45028e+04    5.37072e+03    1.80621e+03    1.48265e+04
     Coulomb-14        LJ (SR)   Coulomb (SR)   Coul. recip.      Potential
   -1.07962e+05    7.37765e+04   -6.94158e+05    2.39824e+03   -6.67940e+05
    Kinetic En.   Total Energy  Conserved En.    Temperature Pressure (bar)
    1.42795e+05   -5.25144e+05   -4.93878e+05    2.99870e+02    1.11469e+01
   Constr. rmsd
    0.00000e+00

           Step           Time
         214000      214.00000

   Energies (kJ/mol)
        G96Bond       G96Angle    Proper Dih.  Improper Dih.          LJ-14
    1.14365e+04    2.42084e+04    5.32926e+03    1.78751e+03    1.54360e+04
     Coulomb-14        LJ (SR)   Coulomb (SR)   Coul. recip.      Potential
   -1.07904e+05    7.52534e+04   -6.96459e+05    2.45057e+03   -6.68462e+05
    Kinetic En.   Total Energy  Conserved En.    Temperature Pressure (bar)
    1.43384e+05   -5.25078e+05   -4.93683e+05    3.01106e+02    1.83085e+02
   Constr. rmsd
    0.00000e+00

           Step           Time
         215000      215.00000

   Energies (kJ/mol)
        G96Bond       G96Angle    Proper Dih.  Improper Dih.          LJ-14
    1.12651e+04    2.39030e+04    5.38063e+03    1.78425e+03    1.51126e+04
     Coulomb-14        LJ (SR)   Coulomb (SR)   Coul. recip.      Potential
   -1.08012e+05    7.36690e+04   -6.95546e+05    2.41017e+03   -6.70033e+05
    Kinetic En.   Total Energy  Conserved En.    Temperature Pressure (bar)
    1.43571e+05   -5.26462e+05   -4.93774e+05    3.01499e+02   -4.04709e+01
   Constr. rmsd
    0.00000e+00

           Step           Time
         216000      216.00000

   Energies (kJ/mol)
        G96Bond       G96Angle    Proper Dih.  Improper Dih.          LJ-14
    1.12455e+04    2.37883e+04    5.37682e+03    1.71999e+03    1.54088e+04
     Coulomb-14        LJ (SR)   Coulomb (SR)   Coul. recip.      Potential
   -1.08380e+05    7.53183e+04   -6.97962e+05    2.37562e+03   -6.71109e+05
    Kinetic En.   Total Energy  Conserved En.    Temperature Pressure (bar)
    1.42751e+05   -5.28358e+05   -4.93798e+05    2.99778e+02    1.91023e+02
   Constr. rmsd
    0.00000e+00

           Step           Time
         217000      217.00000

   Energies (kJ/mol)
        G96Bond       G96Angle    Proper Dih.  Improper Dih.          LJ-14
    1.14762e+04    2.41965e+04    5.50800e+03    1.78319e+03    1.50619e+04
     Coulomb-14        LJ (SR)   Coulomb (SR)   Coul. recip.      Potential
   -1.07914e+05    7.49534e+04   -6.96313e+05    2.46372e+03   -6.68784e+05
    Kinetic En.   Total Energy  Conserved En.    Temperature Pressure (bar)
    1.42701e+05   -5.26083e+05   -4.93844e+05    2.99672e+02    3.37214e+00
   Constr. rmsd
    0.00000e+00

           Step           Time
         218000      218.00000

   Energies (kJ/mol)
        G96Bond       G96Angle    Proper Dih.  Improper Dih.          LJ-14
    1.14246e+04    2.41870e+04    5.37305e+03    1.70030e+03    1.49262e+04
     Coulomb-14        LJ (SR)   Coulomb (SR)   Coul. recip.      Potential
   -1.07767e+05    7.40278e+04   -6.95557e+05    2.44186e+03   -6.69244e+05
    Kinetic En.   Total Energy  Conserved En.    Temperature Pressure (bar)
    1.42774e+05   -5.26469e+05   -4.93795e+05    2.99826e+02   -2.30955e+02
   Constr. rmsd
    0.00000e+00

           Step           Time
         219000      219.00000

   Energies (kJ/mol)
        G96Bond       G96Angle    Proper Dih.  Improper Dih.          LJ-14
    1.14830e+04    2.43438e+04    5.33639e+03    1.77223e+03    1.52848e+04
     Coulomb-14        LJ (SR)   Coulomb (SR)   Coul. recip.      Potential
   -1.07871e+05    7.44378e+04   -6.96873e+05    2.41814e+03   -6.69668e+05
    Kinetic En.   Total Energy  Conserved En.    Temperature Pressure (bar)
    1.42199e+05   -5.27469e+05   -4.93418e+05    2.98618e+02    2.22596e+01
   Constr. rmsd
    0.00000e+00

           Step           Time
         220000      220.00000

   Energies (kJ/mol)
        G96Bond       G96Angle    Proper Dih.  Improper Dih.          LJ-14
    1.14006e+04    2.40301e+04    5.28636e+03    1.68516e+03    1.53726e+04
     Coulomb-14        LJ (SR)   Coulomb (SR)   Coul. recip.      Potential
   -1.08190e+05    7.37981e+04   -6.95689e+05    2.39127e+03   -6.69915e+05
    Kinetic En.   Total Energy  Conserved En.    Temperature Pressure (bar)
    1.42743e+05   -5.27172e+05   -4.93529e+05    2.99760e+02    1.22732e+02
   Constr. rmsd
    0.00000e+00

           Step           Time
         221000      221.00000

   Energies (kJ/mol)
        G96Bond       G96Angle    Proper Dih.  Improper Dih.          LJ-14
    1.14625e+04    2.40011e+04    5.44717e+03    1.65037e+03    1.49023e+04
     Coulomb-14        LJ (SR)   Coulomb (SR)   Coul. recip.      Potential
   -1.07898e+05    7.38782e+04   -6.95894e+05    2.46791e+03   -6.69983e+05
    Kinetic En.   Total Energy  Conserved En.    Temperature Pressure (bar)
    1.42495e+05   -5.27488e+05   -4.93519e+05    2.99241e+02   -2.08821e+01
   Constr. rmsd
    0.00000e+00

           Step           Time
         222000      222.00000

   Energies (kJ/mol)
        G96Bond       G96Angle    Proper Dih.  Improper Dih.          LJ-14
    1.14695e+04    2.39833e+04    5.38815e+03    1.72938e+03    1.48660e+04
     Coulomb-14        LJ (SR)   Coulomb (SR)   Coul. recip.      Potential
   -1.07992e+05    7.40303e+04   -6.97477e+05    2.37692e+03   -6.71626e+05
    Kinetic En.   Total Energy  Conserved En.    Temperature Pressure (bar)
    1.42621e+05   -5.29004e+05   -4.93643e+05    2.99505e+02   -2.51409e+02
   Constr. rmsd
    0.00000e+00

           Step           Time
         223000      223.00000

   Energies (kJ/mol)
        G96Bond       G96Angle    Proper Dih.  Improper Dih.          LJ-14
    1.13594e+04    2.40868e+04    5.39643e+03    1.81284e+03    1.50904e+04
     Coulomb-14        LJ (SR)   Coulomb (SR)   Coul. recip.      Potential
   -1.07996e+05    7.43470e+04   -6.97232e+05    2.41073e+03   -6.70724e+05
    Kinetic En.   Total Energy  Conserved En.    Temperature Pressure (bar)
    1.41663e+05   -5.29061e+05   -4.93747e+05    2.97493e+02   -3.26510e+01
   Constr. rmsd
    0.00000e+00

           Step           Time
         224000      224.00000

   Energies (kJ/mol)
        G96Bond       G96Angle    Proper Dih.  Improper Dih.          LJ-14
    1.14025e+04    2.41543e+04    5.32428e+03    1.83792e+03    1.48269e+04
     Coulomb-14        LJ (SR)   Coulomb (SR)   Coul. recip.      Potential
   -1.07823e+05    7.51629e+04   -6.97713e+05    2.39354e+03   -6.70434e+05
    Kinetic En.   Total Energy  Conserved En.    Temperature Pressure (bar)
    1.41937e+05   -5.28497e+05   -4.93632e+05    2.98067e+02   -1.05035e+02
   Constr. rmsd
    0.00000e+00

           Step           Time
         225000      225.00000

   Energies (kJ/mol)
        G96Bond       G96Angle    Proper Dih.  Improper Dih.          LJ-14
    1.14228e+04    2.41361e+04    5.37456e+03    1.79158e+03    1.53241e+04
     Coulomb-14        LJ (SR)   Coulomb (SR)   Coul. recip.      Potential
   -1.08059e+05    7.54970e+04   -6.98049e+05    2.38447e+03   -6.70177e+05
    Kinetic En.   Total Energy  Conserved En.    Temperature Pressure (bar)
    1.42130e+05   -5.28047e+05   -4.93554e+05    2.98474e+02    1.22107e+02
   Constr. rmsd
    0.00000e+00

           Step           Time
         226000      226.00000

   Energies (kJ/mol)
        G96Bond       G96Angle    Proper Dih.  Improper Dih.          LJ-14
    1.14061e+04    2.44901e+04    5.34928e+03    1.77598e+03    1.49914e+04
     Coulomb-14        LJ (SR)   Coulomb (SR)   Coul. recip.      Potential
   -1.08059e+05    7.44221e+04   -6.96337e+05    2.38236e+03   -6.69579e+05
    Kinetic En.   Total Energy  Conserved En.    Temperature Pressure (bar)
    1.41595e+05   -5.27984e+05   -4.93668e+05    2.97350e+02   -1.02998e+02
   Constr. rmsd
    0.00000e+00

           Step           Time
         227000      227.00000

   Energies (kJ/mol)
        G96Bond       G96Angle    Proper Dih.  Improper Dih.          LJ-14
    1.13041e+04    2.39602e+04    5.24496e+03    1.79337e+03    1.49355e+04
     Coulomb-14        LJ (SR)   Coulomb (SR)   Coul. recip.      Potential
   -1.07775e+05    7.44649e+04   -6.96969e+05    2.40222e+03   -6.70639e+05
    Kinetic En.   Total Energy  Conserved En.    Temperature Pressure (bar)
    1.43191e+05   -5.27448e+05   -4.93877e+05    3.00702e+02   -1.20832e+02
   Constr. rmsd
    0.00000e+00

           Step           Time
         228000      228.00000

   Energies (kJ/mol)
        G96Bond       G96Angle    Proper Dih.  Improper Dih.          LJ-14
    1.15353e+04    2.41249e+04    5.33268e+03    1.65396e+03    1.51016e+04
     Coulomb-14        LJ (SR)   Coulomb (SR)   Coul. recip.      Potential
   -1.07819e+05    7.50807e+04   -6.96813e+05    2.36192e+03   -6.69441e+05
    Kinetic En.   Total Energy  Conserved En.    Temperature Pressure (bar)
    1.43008e+05   -5.26433e+05   -4.93675e+05    3.00318e+02    1.27917e+02
   Constr. rmsd
    0.00000e+00

           Step           Time
         229000      229.00000

   Energies (kJ/mol)
        G96Bond       G96Angle    Proper Dih.  Improper Dih.          LJ-14
    1.13820e+04    2.42997e+04    5.30976e+03    1.73146e+03    1.52641e+04
     Coulomb-14        LJ (SR)   Coulomb (SR)   Coul. recip.      Potential
   -1.07972e+05    7.46223e+04   -6.96656e+05    2.41140e+03   -6.69607e+05
    Kinetic En.   Total Energy  Conserved En.    Temperature Pressure (bar)
    1.43910e+05   -5.25697e+05   -4.93804e+05    3.02210e+02    1.17542e+02
   Constr. rmsd
    0.00000e+00

           Step           Time
         230000      230.00000

   Energies (kJ/mol)
        G96Bond       G96Angle    Proper Dih.  Improper Dih.          LJ-14
    1.13785e+04    2.42210e+04    5.27046e+03    1.85065e+03    1.49699e+04
     Coulomb-14        LJ (SR)   Coulomb (SR)   Coul. recip.      Potential
   -1.07841e+05    7.39234e+04   -6.95441e+05    2.37753e+03   -6.69291e+05
    Kinetic En.   Total Energy  Conserved En.    Temperature Pressure (bar)
    1.43158e+05   -5.26133e+05   -4.93606e+05    3.00632e+02   -1.26493e+01
   Constr. rmsd
    0.00000e+00

           Step           Time
         231000      231.00000

   Energies (kJ/mol)
        G96Bond       G96Angle    Proper Dih.  Improper Dih.          LJ-14
    1.10290e+04    2.46768e+04    5.35412e+03    1.80743e+03    1.52553e+04
     Coulomb-14        LJ (SR)   Coulomb (SR)   Coul. recip.      Potential
   -1.08106e+05    7.38718e+04   -6.94772e+05    2.28020e+03   -6.68603e+05
    Kinetic En.   Total Energy  Conserved En.    Temperature Pressure (bar)
    1.43004e+05   -5.25599e+05   -4.93638e+05    3.00308e+02    1.95008e+02
   Constr. rmsd
    0.00000e+00

           Step           Time
         232000      232.00000

   Energies (kJ/mol)
        G96Bond       G96Angle    Proper Dih.  Improper Dih.          LJ-14
    1.13985e+04    2.42484e+04    5.35627e+03    1.72357e+03    1.53108e+04
     Coulomb-14        LJ (SR)   Coulomb (SR)   Coul. recip.      Potential
   -1.08030e+05    7.48942e+04   -6.95797e+05    2.41622e+03   -6.68479e+05
    Kinetic En.   Total Energy  Conserved En.    Temperature Pressure (bar)
    1.43268e+05   -5.25212e+05   -4.93636e+05    3.00862e+02   -1.04795e+02
   Constr. rmsd
    0.00000e+00

           Step           Time
         233000      233.00000

   Energies (kJ/mol)
        G96Bond       G96Angle    Proper Dih.  Improper Dih.          LJ-14
    1.14359e+04    2.44294e+04    5.20490e+03    1.76442e+03    1.49994e+04
     Coulomb-14        LJ (SR)   Coulomb (SR)   Coul. recip.      Potential
   -1.07808e+05    7.39640e+04   -6.93889e+05    2.38658e+03   -6.67512e+05
    Kinetic En.   Total Energy  Conserved En.    Temperature Pressure (bar)
    1.42750e+05   -5.24763e+05   -4.93564e+05    2.99774e+02   -4.70384e+01
   Constr. rmsd
    0.00000e+00

           Step           Time
         234000      234.00000

   Energies (kJ/mol)
        G96Bond       G96Angle    Proper Dih.  Improper Dih.          LJ-14
    1.14946e+04    2.43993e+04    5.27586e+03    1.80307e+03    1.51214e+04
     Coulomb-14        LJ (SR)   Coulomb (SR)   Coul. recip.      Potential
   -1.08097e+05    7.45343e+04   -6.94906e+05    2.38019e+03   -6.67994e+05
    Kinetic En.   Total Energy  Conserved En.    Temperature Pressure (bar)
    1.42406e+05   -5.25588e+05   -4.93259e+05    2.99054e+02    5.71625e+01
   Constr. rmsd
    0.00000e+00

           Step           Time
         235000      235.00000

   Energies (kJ/mol)
        G96Bond       G96Angle    Proper Dih.  Improper Dih.          LJ-14
    1.16830e+04    2.43704e+04    5.22199e+03    1.72530e+03    1.50335e+04
     Coulomb-14        LJ (SR)   Coulomb (SR)   Coul. recip.      Potential
   -1.07936e+05    7.43337e+04   -6.96057e+05    2.42573e+03   -6.69199e+05
    Kinetic En.   Total Energy  Conserved En.    Temperature Pressure (bar)
    1.43440e+05   -5.25759e+05   -4.93116e+05    3.01224e+02   -2.32055e+01
   Constr. rmsd
    0.00000e+00

           Step           Time
         236000      236.00000

   Energies (kJ/mol)
        G96Bond       G96Angle    Proper Dih.  Improper Dih.          LJ-14
    1.10719e+04    2.41706e+04    5.41081e+03    1.75660e+03    1.51233e+04
     Coulomb-14        LJ (SR)   Coulomb (SR)   Coul. recip.      Potential
   -1.07965e+05    7.47375e+04   -6.95418e+05    2.43226e+03   -6.68681e+05
    Kinetic En.   Total Energy  Conserved En.    Temperature Pressure (bar)
    1.41999e+05   -5.26681e+05   -4.93151e+05    2.98199e+02    1.81921e+02
   Constr. rmsd
    0.00000e+00

           Step           Time
         237000      237.00000

   Energies (kJ/mol)
        G96Bond       G96Angle    Proper Dih.  Improper Dih.          LJ-14
    1.11544e+04    2.39777e+04    5.34109e+03    1.80202e+03    1.51898e+04
     Coulomb-14        LJ (SR)   Coulomb (SR)   Coul. recip.      Potential
   -1.07821e+05    7.27092e+04   -6.95510e+05    2.41517e+03   -6.70741e+05
    Kinetic En.   Total Energy  Conserved En.    Temperature Pressure (bar)
    1.42782e+05   -5.27959e+05   -4.93131e+05    2.99842e+02   -1.49365e+02
   Constr. rmsd
    0.00000e+00

           Step           Time
         238000      238.00000

   Energies (kJ/mol)
        G96Bond       G96Angle    Proper Dih.  Improper Dih.          LJ-14
    1.13272e+04    2.37907e+04    5.24683e+03    1.77518e+03    1.50664e+04
     Coulomb-14        LJ (SR)   Coulomb (SR)   Coul. recip.      Potential
   -1.07782e+05    7.36924e+04   -6.95991e+05    2.36109e+03   -6.70514e+05
    Kinetic En.   Total Energy  Conserved En.    Temperature Pressure (bar)
    1.42182e+05   -5.28332e+05   -4.93076e+05    2.98582e+02   -1.75425e+01
   Constr. rmsd
    0.00000e+00

           Step           Time
         239000      239.00000

   Energies (kJ/mol)
        G96Bond       G96Angle    Proper Dih.  Improper Dih.          LJ-14
    1.14841e+04    2.42886e+04    5.33544e+03    1.82450e+03    1.48575e+04
     Coulomb-14        LJ (SR)   Coulomb (SR)   Coul. recip.      Potential
   -1.07987e+05    7.49147e+04   -6.96488e+05    2.49560e+03   -6.69274e+05
    Kinetic En.   Total Energy  Conserved En.    Temperature Pressure (bar)
    1.41912e+05   -5.27363e+05   -4.93261e+05    2.98015e+02    2.94448e+01
   Constr. rmsd
    0.00000e+00

           Step           Time
         240000      240.00000

   Energies (kJ/mol)
        G96Bond       G96Angle    Proper Dih.  Improper Dih.          LJ-14
    1.15156e+04    2.38109e+04    5.37537e+03    1.72198e+03    1.49633e+04
     Coulomb-14        LJ (SR)   Coulomb (SR)   Coul. recip.      Potential
   -1.07971e+05    7.45422e+04   -6.95476e+05    2.41924e+03   -6.69098e+05
    Kinetic En.   Total Energy  Conserved En.    Temperature Pressure (bar)
    1.41771e+05   -5.27327e+05   -4.93422e+05    2.97720e+02   -8.21744e+01
   Constr. rmsd
    0.00000e+00

           Step           Time
         241000      241.00000

   Energies (kJ/mol)
        G96Bond       G96Angle    Proper Dih.  Improper Dih.          LJ-14
    1.11699e+04    2.40226e+04    5.20545e+03    1.72734e+03    1.51363e+04
     Coulomb-14        LJ (SR)   Coulomb (SR)   Coul. recip.      Potential
   -1.07889e+05    7.29442e+04   -6.93940e+05    2.32639e+03   -6.69297e+05
    Kinetic En.   Total Energy  Conserved En.    Temperature Pressure (bar)
    1.41984e+05   -5.27313e+05   -4.93378e+05    2.98167e+02   -1.78114e+02
   Constr. rmsd
    0.00000e+00

           Step           Time
         242000      242.00000

   Energies (kJ/mol)
        G96Bond       G96Angle    Proper Dih.  Improper Dih.          LJ-14
    1.14509e+04    2.40749e+04    5.46605e+03    1.80686e+03    1.50860e+04
     Coulomb-14        LJ (SR)   Coulomb (SR)   Coul. recip.      Potential
   -1.08036e+05    7.33711e+04   -6.94094e+05    2.38381e+03   -6.68491e+05
    Kinetic En.   Total Energy  Conserved En.    Temperature Pressure (bar)
    1.41674e+05   -5.26817e+05   -4.93405e+05    2.97515e+02   -2.18119e+02
   Constr. rmsd
    0.00000e+00

           Step           Time
         243000      243.00000

   Energies (kJ/mol)
        G96Bond       G96Angle    Proper Dih.  Improper Dih.          LJ-14
    1.15192e+04    2.39347e+04    5.45635e+03    1.79603e+03    1.50213e+04
     Coulomb-14        LJ (SR)   Coulomb (SR)   Coul. recip.      Potential
   -1.07942e+05    7.34353e+04   -6.94493e+05    2.48394e+03   -6.68788e+05
    Kinetic En.   Total Energy  Conserved En.    Temperature Pressure (bar)
    1.41940e+05   -5.26847e+05   -4.93360e+05    2.98075e+02   -2.07684e+02
   Constr. rmsd
    0.00000e+00

           Step           Time
         244000      244.00000

   Energies (kJ/mol)
        G96Bond       G96Angle    Proper Dih.  Improper Dih.          LJ-14
    1.13242e+04    2.43901e+04    5.34283e+03    1.84233e+03    1.49223e+04
     Coulomb-14        LJ (SR)   Coulomb (SR)   Coul. recip.      Potential
   -1.08172e+05    7.55872e+04   -6.97804e+05    2.40586e+03   -6.70162e+05
    Kinetic En.   Total Energy  Conserved En.    Temperature Pressure (bar)
    1.42853e+05   -5.27308e+05   -4.93209e+05    2.99993e+02    1.39520e+02
   Constr. rmsd
    0.00000e+00

           Step           Time
         245000      245.00000

   Energies (kJ/mol)
        G96Bond       G96Angle    Proper Dih.  Improper Dih.          LJ-14
    1.14428e+04    2.38072e+04    5.37136e+03    1.69030e+03    1.51469e+04
     Coulomb-14        LJ (SR)   Coulomb (SR)   Coul. recip.      Potential
   -1.07949e+05    7.33721e+04   -6.94592e+05    2.44703e+03   -6.69263e+05
    Kinetic En.   Total Energy  Conserved En.    Temperature Pressure (bar)
    1.41975e+05   -5.27288e+05   -4.93299e+05    2.98148e+02   -2.22037e+02
   Constr. rmsd
    0.00000e+00

           Step           Time
         246000      246.00000

   Energies (kJ/mol)
        G96Bond       G96Angle    Proper Dih.  Improper Dih.          LJ-14
    1.11274e+04    2.45917e+04    5.27128e+03    1.84147e+03    1.47577e+04
     Coulomb-14        LJ (SR)   Coulomb (SR)   Coul. recip.      Potential
   -1.07992e+05    7.46744e+04   -6.95392e+05    2.37760e+03   -6.68743e+05
    Kinetic En.   Total Energy  Conserved En.    Temperature Pressure (bar)
    1.42506e+05   -5.26237e+05   -4.93271e+05    2.99263e+02   -1.32752e+02
   Constr. rmsd
    0.00000e+00

           Step           Time
         247000      247.00000

   Energies (kJ/mol)
        G96Bond       G96Angle    Proper Dih.  Improper Dih.          LJ-14
    1.13848e+04    2.38897e+04    5.26728e+03    1.77423e+03    1.49923e+04
     Coulomb-14        LJ (SR)   Coulomb (SR)   Coul. recip.      Potential
   -1.08050e+05    7.43020e+04   -6.96382e+05    2.33623e+03   -6.70486e+05
    Kinetic En.   Total Energy  Conserved En.    Temperature Pressure (bar)
    1.43131e+05   -5.27355e+05   -4.93060e+05    3.00575e+02   -1.26969e+02
   Constr. rmsd
    0.00000e+00

           Step           Time
         248000      248.00000

   Energies (kJ/mol)
        G96Bond       G96Angle    Proper Dih.  Improper Dih.          LJ-14
    1.16448e+04    2.40469e+04    5.36229e+03    1.71641e+03    1.49810e+04
     Coulomb-14        LJ (SR)   Coulomb (SR)   Coul. recip.      Potential
   -1.07967e+05    7.55557e+04   -6.97404e+05    2.30471e+03   -6.69758e+05
    Kinetic En.   Total Energy  Conserved En.    Temperature Pressure (bar)
    1.41904e+05   -5.27854e+05   -4.92998e+05    2.98000e+02    1.08424e+00
   Constr. rmsd
    0.00000e+00

           Step           Time
         249000      249.00000

   Energies (kJ/mol)
        G96Bond       G96Angle    Proper Dih.  Improper Dih.          LJ-14
    1.15422e+04    2.39648e+04    5.42108e+03    1.72656e+03    1.49806e+04
     Coulomb-14        LJ (SR)   Coulomb (SR)   Coul. recip.      Potential
   -1.07835e+05    7.40698e+04   -6.95437e+05    2.44511e+03   -6.69122e+05
    Kinetic En.   Total Energy  Conserved En.    Temperature Pressure (bar)
    1.42669e+05   -5.26453e+05   -4.92917e+05    2.99605e+02    2.86068e+01
   Constr. rmsd
    0.00000e+00

           Step           Time
         250000      250.00000

   Energies (kJ/mol)
        G96Bond       G96Angle    Proper Dih.  Improper Dih.          LJ-14
    1.14203e+04    2.43576e+04    5.28412e+03    1.80213e+03    1.52344e+04
     Coulomb-14        LJ (SR)   Coulomb (SR)   Coul. recip.      Potential
   -1.08244e+05    7.35062e+04   -6.94659e+05    2.39639e+03   -6.68902e+05
    Kinetic En.   Total Energy  Conserved En.    Temperature Pressure (bar)
    1.43298e+05   -5.25603e+05   -4.92921e+05    3.00926e+02   -4.82758e-01
   Constr. rmsd
    0.00000e+00

           Step           Time
         251000      251.00000

   Energies (kJ/mol)
        G96Bond       G96Angle    Proper Dih.  Improper Dih.          LJ-14
    1.16321e+04    2.43365e+04    5.35911e+03    1.66183e+03    1.49454e+04
     Coulomb-14        LJ (SR)   Coulomb (SR)   Coul. recip.      Potential
   -1.08305e+05    7.40562e+04   -6.95243e+05    2.35982e+03   -6.69198e+05
    Kinetic En.   Total Energy  Conserved En.    Temperature Pressure (bar)
    1.42507e+05   -5.26690e+05   -4.92724e+05    2.99265e+02   -6.70459e+01
   Constr. rmsd
    0.00000e+00

           Step           Time
         252000      252.00000

   Energies (kJ/mol)
        G96Bond       G96Angle    Proper Dih.  Improper Dih.          LJ-14
    1.13722e+04    2.45980e+04    5.37837e+03    1.75118e+03    1.50990e+04
     Coulomb-14        LJ (SR)   Coulomb (SR)   Coul. recip.      Potential
   -1.07952e+05    7.47165e+04   -6.96062e+05    2.41234e+03   -6.68687e+05
    Kinetic En.   Total Energy  Conserved En.    Temperature Pressure (bar)
    1.41696e+05   -5.26991e+05   -4.92596e+05    2.97562e+02    1.47109e+02
   Constr. rmsd
    0.00000e+00

           Step           Time
         253000      253.00000

   Energies (kJ/mol)
        G96Bond       G96Angle    Proper Dih.  Improper Dih.          LJ-14
    1.13450e+04    2.40732e+04    5.40976e+03    1.73824e+03    1.51513e+04
     Coulomb-14        LJ (SR)   Coulomb (SR)   Coul. recip.      Potential
   -1.07918e+05    7.31855e+04   -6.94172e+05    2.45755e+03   -6.68730e+05
    Kinetic En.   Total Energy  Conserved En.    Temperature Pressure (bar)
    1.43175e+05   -5.25554e+05   -4.92644e+05    3.00669e+02   -6.95704e+01
   Constr. rmsd
    0.00000e+00

           Step           Time
         254000      254.00000

   Energies (kJ/mol)
        G96Bond       G96Angle    Proper Dih.  Improper Dih.          LJ-14
    1.15297e+04    2.42955e+04    5.22759e+03    1.79338e+03    1.48863e+04
     Coulomb-14        LJ (SR)   Coulomb (SR)   Coul. recip.      Potential
   -1.07814e+05    7.31149e+04   -6.94416e+05    2.43192e+03   -6.68951e+05
    Kinetic En.   Total Energy  Conserved En.    Temperature Pressure (bar)
    1.43006e+05   -5.25944e+05   -4.92709e+05    3.00314e+02   -2.80156e+02
   Constr. rmsd
    0.00000e+00

           Step           Time
         255000      255.00000

   Energies (kJ/mol)
        G96Bond       G96Angle    Proper Dih.  Improper Dih.          LJ-14
    1.13547e+04    2.40267e+04    5.31046e+03    1.77570e+03    1.50188e+04
     Coulomb-14        LJ (SR)   Coulomb (SR)   Coul. recip.      Potential
   -1.07833e+05    7.50067e+04   -6.95420e+05    2.36156e+03   -6.68398e+05
    Kinetic En.   Total Energy  Conserved En.    Temperature Pressure (bar)
    1.42192e+05   -5.26206e+05   -4.92800e+05    2.98604e+02   -9.10156e+01
   Constr. rmsd
    0.00000e+00

           Step           Time
         256000      256.00000

   Energies (kJ/mol)
        G96Bond       G96Angle    Proper Dih.  Improper Dih.          LJ-14
    1.14131e+04    2.38703e+04    5.28863e+03    1.72911e+03    1.51256e+04
     Coulomb-14        LJ (SR)   Coulomb (SR)   Coul. recip.      Potential
   -1.08109e+05    7.45874e+04   -6.96894e+05    2.39827e+03   -6.70590e+05
    Kinetic En.   Total Energy  Conserved En.    Temperature Pressure (bar)
    1.42998e+05   -5.27592e+05   -4.92756e+05    3.00295e+02    6.80929e+01
   Constr. rmsd
    0.00000e+00

           Step           Time
         257000      257.00000

   Energies (kJ/mol)
        G96Bond       G96Angle    Proper Dih.  Improper Dih.          LJ-14
    1.14152e+04    2.37676e+04    5.29760e+03    1.77363e+03    1.51784e+04
     Coulomb-14        LJ (SR)   Coulomb (SR)   Coul. recip.      Potential
   -1.07837e+05    7.38807e+04   -6.96299e+05    2.34603e+03   -6.70477e+05
    Kinetic En.   Total Energy  Conserved En.    Temperature Pressure (bar)
    1.43277e+05   -5.27200e+05   -4.92572e+05    3.00883e+02   -1.00017e+02
   Constr. rmsd
    0.00000e+00

           Step           Time
         258000      258.00000

   Energies (kJ/mol)
        G96Bond       G96Angle    Proper Dih.  Improper Dih.          LJ-14
    1.13764e+04    2.42259e+04    5.43708e+03    1.77001e+03    1.50228e+04
     Coulomb-14        LJ (SR)   Coulomb (SR)   Coul. recip.      Potential
   -1.08129e+05    7.28122e+04   -6.94149e+05    2.44307e+03   -6.69191e+05
    Kinetic En.   Total Energy  Conserved En.    Temperature Pressure (bar)
    1.42532e+05   -5.26659e+05   -4.92469e+05    2.99317e+02   -1.34895e+02
   Constr. rmsd
    0.00000e+00

           Step           Time
         259000      259.00000

   Energies (kJ/mol)
        G96Bond       G96Angle    Proper Dih.  Improper Dih.          LJ-14
    1.14909e+04    2.42207e+04    5.35687e+03    1.69095e+03    1.50430e+04
     Coulomb-14        LJ (SR)   Coulomb (SR)   Coul. recip.      Potential
   -1.07844e+05    7.44625e+04   -6.95781e+05    2.34577e+03   -6.69014e+05
    Kinetic En.   Total Energy  Conserved En.    Temperature Pressure (bar)
    1.42471e+05   -5.26543e+05   -4.92303e+05    2.99190e+02   -5.37515e+01
   Constr. rmsd
    0.00000e+00

           Step           Time
         260000      260.00000

   Energies (kJ/mol)
        G96Bond       G96Angle    Proper Dih.  Improper Dih.          LJ-14
    1.15318e+04    2.41285e+04    5.31478e+03    1.70540e+03    1.50933e+04
     Coulomb-14        LJ (SR)   Coulomb (SR)   Coul. recip.      Potential
   -1.07954e+05    7.39244e+04   -6.95114e+05    2.42613e+03   -6.68944e+05
    Kinetic En.   Total Energy  Conserved En.    Temperature Pressure (bar)
    1.42624e+05   -5.26320e+05   -4.92306e+05    2.99511e+02    4.70021e+00
   Constr. rmsd
    0.00000e+00

           Step           Time
         261000      261.00000

   Energies (kJ/mol)
        G96Bond       G96Angle    Proper Dih.  Improper Dih.          LJ-14
    1.16468e+04    2.43542e+04    5.36698e+03    1.70357e+03    1.49216e+04
     Coulomb-14        LJ (SR)   Coulomb (SR)   Coul. recip.      Potential
   -1.07717e+05    7.40857e+04   -6.95918e+05    2.43530e+03   -6.69121e+05
    Kinetic En.   Total Energy  Conserved En.    Temperature Pressure (bar)
    1.44630e+05   -5.24491e+05   -4.92268e+05    3.03724e+02   -3.02302e+02
   Constr. rmsd
    0.00000e+00

           Step           Time
         262000      262.00000

   Energies (kJ/mol)
        G96Bond       G96Angle    Proper Dih.  Improper Dih.          LJ-14
    1.11202e+04    2.38814e+04    5.29996e+03    1.71350e+03    1.51682e+04
     Coulomb-14        LJ (SR)   Coulomb (SR)   Coul. recip.      Potential
   -1.07679e+05    7.18786e+04   -6.92264e+05    2.45325e+03   -6.68428e+05
    Kinetic En.   Total Energy  Conserved En.    Temperature Pressure (bar)
    1.43942e+05   -5.24486e+05   -4.92382e+05    3.02278e+02    9.25722e+01
   Constr. rmsd
    0.00000e+00

           Step           Time
         263000      263.00000

   Energies (kJ/mol)
        G96Bond       G96Angle    Proper Dih.  Improper Dih.          LJ-14
    1.14990e+04    2.44308e+04    5.29718e+03    1.71400e+03    1.48008e+04
     Coulomb-14        LJ (SR)   Coulomb (SR)   Coul. recip.      Potential
   -1.07503e+05    7.38079e+04   -6.94884e+05    2.41397e+03   -6.68423e+05
    Kinetic En.   Total Energy  Conserved En.    Temperature Pressure (bar)
    1.42190e+05   -5.26233e+05   -4.92447e+05    2.98600e+02   -1.99265e+02
   Constr. rmsd
    0.00000e+00

           Step           Time
         264000      264.00000

   Energies (kJ/mol)
        G96Bond       G96Angle    Proper Dih.  Improper Dih.          LJ-14
    1.17263e+04    2.38058e+04    5.43321e+03    1.81828e+03    1.50391e+04
     Coulomb-14        LJ (SR)   Coulomb (SR)   Coul. recip.      Potential
   -1.07477e+05    7.44753e+04   -6.96806e+05    2.32166e+03   -6.69663e+05
    Kinetic En.   Total Energy  Conserved En.    Temperature Pressure (bar)
    1.42463e+05   -5.27199e+05   -4.92426e+05    2.99173e+02   -1.25081e+02
   Constr. rmsd
    0.00000e+00

           Step           Time
         265000      265.00000

   Energies (kJ/mol)
        G96Bond       G96Angle    Proper Dih.  Improper Dih.          LJ-14
    1.12343e+04    2.38423e+04    5.31556e+03    1.80867e+03    1.53304e+04
     Coulomb-14        LJ (SR)   Coulomb (SR)   Coul. recip.      Potential
   -1.07619e+05    7.43976e+04   -6.96602e+05    2.34291e+03   -6.69948e+05
    Kinetic En.   Total Energy  Conserved En.    Temperature Pressure (bar)
    1.42966e+05   -5.26982e+05   -4.92297e+05    3.00230e+02    6.64001e+00
   Constr. rmsd
    0.00000e+00

           Step           Time
         266000      266.00000

   Energies (kJ/mol)
        G96Bond       G96Angle    Proper Dih.  Improper Dih.          LJ-14
    1.11272e+04    2.39044e+04    5.32906e+03    1.78989e+03    1.51467e+04
     Coulomb-14        LJ (SR)   Coulomb (SR)   Coul. recip.      Potential
   -1.07441e+05    7.55798e+04   -6.97479e+05    2.41455e+03   -6.69628e+05
    Kinetic En.   Total Energy  Conserved En.    Temperature Pressure (bar)
    1.42773e+05   -5.26855e+05   -4.92189e+05    2.99825e+02    1.51464e+01
   Constr. rmsd
    0.00000e+00

           Step           Time
         267000      267.00000

   Energies (kJ/mol)
        G96Bond       G96Angle    Proper Dih.  Improper Dih.          LJ-14
    1.11439e+04    2.44022e+04    5.43399e+03    1.77074e+03    1.53071e+04
     Coulomb-14        LJ (SR)   Coulomb (SR)   Coul. recip.      Potential
   -1.07626e+05    7.36160e+04   -6.95912e+05    2.36171e+03   -6.69502e+05
    Kinetic En.   Total Energy  Conserved En.    Temperature Pressure (bar)
    1.43214e+05   -5.26288e+05   -4.92100e+05    3.00751e+02    3.21716e+01
   Constr. rmsd
    0.00000e+00

           Step           Time
         268000      268.00000

   Energies (kJ/mol)
        G96Bond       G96Angle    Proper Dih.  Improper Dih.          LJ-14
    1.14378e+04    2.45524e+04    5.40990e+03    1.72027e+03    1.50856e+04
     Coulomb-14        LJ (SR)   Coulomb (SR)   Coul. recip.      Potential
   -1.07795e+05    7.29801e+04   -6.94033e+05    2.39610e+03   -6.68247e+05
    Kinetic En.   Total Energy  Conserved En.    Temperature Pressure (bar)
    1.42296e+05   -5.25951e+05   -4.92079e+05    2.98821e+02   -1.99716e+01
   Constr. rmsd
    0.00000e+00

           Step           Time
         269000      269.00000

   Energies (kJ/mol)
        G96Bond       G96Angle    Proper Dih.  Improper Dih.          LJ-14
    1.12650e+04    2.43459e+04    5.35552e+03    1.80144e+03    1.51496e+04
     Coulomb-14        LJ (SR)   Coulomb (SR)   Coul. recip.      Potential
   -1.07839e+05    7.44228e+04   -6.96744e+05    2.44618e+03   -6.69796e+05
    Kinetic En.   Total Energy  Conserved En.    Temperature Pressure (bar)
    1.43493e+05   -5.26304e+05   -4.92070e+05    3.01336e+02    1.11592e+02
   Constr. rmsd
    0.00000e+00

           Step           Time
         270000      270.00000

   Energies (kJ/mol)
        G96Bond       G96Angle    Proper Dih.  Improper Dih.          LJ-14
    1.13025e+04    2.40610e+04    5.46088e+03    1.76001e+03    1.47710e+04
     Coulomb-14        LJ (SR)   Coulomb (SR)   Coul. recip.      Potential
   -1.08045e+05    7.31094e+04   -6.94515e+05    2.38258e+03   -6.69713e+05
    Kinetic En.   Total Energy  Conserved En.    Temperature Pressure (bar)
    1.43897e+05   -5.25817e+05   -4.92125e+05    3.02183e+02   -1.77312e+02
   Constr. rmsd
    0.00000e+00

           Step           Time
         271000      271.00000

   Energies (kJ/mol)
        G96Bond       G96Angle    Proper Dih.  Improper Dih.          LJ-14
    1.11915e+04    2.40168e+04    5.38104e+03    1.78812e+03    1.52522e+04
     Coulomb-14        LJ (SR)   Coulomb (SR)   Coul. recip.      Potential
   -1.08057e+05    7.32054e+04   -6.94471e+05    2.34936e+03   -6.69343e+05
    Kinetic En.   Total Energy  Conserved En.    Temperature Pressure (bar)
    1.42743e+05   -5.26600e+05   -4.91983e+05    2.99760e+02    6.51359e+01
   Constr. rmsd
    0.00000e+00

           Step           Time
         272000      272.00000

   Energies (kJ/mol)
        G96Bond       G96Angle    Proper Dih.  Improper Dih.          LJ-14
    1.15835e+04    2.43285e+04    5.39999e+03    1.70541e+03    1.49999e+04
     Coulomb-14        LJ (SR)   Coulomb (SR)   Coul. recip.      Potential
   -1.08039e+05    7.40297e+04   -6.94903e+05    2.38942e+03   -6.68505e+05
    Kinetic En.   Total Energy  Conserved En.    Temperature Pressure (bar)
    1.42481e+05   -5.26024e+05   -4.91803e+05    2.99211e+02   -2.23805e+02
   Constr. rmsd
    0.00000e+00

           Step           Time
         273000      273.00000

   Energies (kJ/mol)
        G96Bond       G96Angle    Proper Dih.  Improper Dih.          LJ-14
    1.14157e+04    2.41651e+04    5.38267e+03    1.67813e+03    1.52389e+04
     Coulomb-14        LJ (SR)   Coulomb (SR)   Coul. recip.      Potential
   -1.07984e+05    7.46186e+04   -6.97150e+05    2.40427e+03   -6.70231e+05
    Kinetic En.   Total Energy  Conserved En.    Temperature Pressure (bar)
    1.42816e+05   -5.27415e+05   -4.91754e+05    2.99913e+02    1.52482e+02
   Constr. rmsd
    0.00000e+00

           Step           Time
         274000      274.00000

   Energies (kJ/mol)
        G96Bond       G96Angle    Proper Dih.  Improper Dih.          LJ-14
    1.11793e+04    2.44229e+04    5.31135e+03    1.66415e+03    1.53143e+04
     Coulomb-14        LJ (SR)   Coulomb (SR)   Coul. recip.      Potential
   -1.07991e+05    7.34136e+04   -6.96861e+05    2.34322e+03   -6.71203e+05
    Kinetic En.   Total Energy  Conserved En.    Temperature Pressure (bar)
    1.42536e+05   -5.28667e+05   -4.91895e+05    2.99326e+02   -7.13085e+01
   Constr. rmsd
    0.00000e+00

           Step           Time
         275000      275.00000

   Energies (kJ/mol)
        G96Bond       G96Angle    Proper Dih.  Improper Dih.          LJ-14
    1.16299e+04    2.41266e+04    5.49721e+03    1.76112e+03    1.49411e+04
     Coulomb-14        LJ (SR)   Coulomb (SR)   Coul. recip.      Potential
   -1.07813e+05    7.29851e+04   -6.95504e+05    2.41111e+03   -6.69965e+05
    Kinetic En.   Total Energy  Conserved En.    Temperature Pressure (bar)
    1.41975e+05   -5.27990e+05   -4.92104e+05    2.98148e+02   -2.06163e+02
   Constr. rmsd
    0.00000e+00

           Step           Time
         276000      276.00000

   Energies (kJ/mol)
        G96Bond       G96Angle    Proper Dih.  Improper Dih.          LJ-14
    1.13595e+04    2.41870e+04    5.26162e+03    1.80064e+03    1.49695e+04
     Coulomb-14        LJ (SR)   Coulomb (SR)   Coul. recip.      Potential
   -1.07716e+05    7.44746e+04   -6.97980e+05    2.38997e+03   -6.71253e+05
    Kinetic En.   Total Energy  Conserved En.    Temperature Pressure (bar)
    1.42463e+05   -5.28789e+05   -4.92110e+05    2.99174e+02   -7.67725e+01
   Constr. rmsd
    0.00000e+00

           Step           Time
         277000      277.00000

   Energies (kJ/mol)
        G96Bond       G96Angle    Proper Dih.  Improper Dih.          LJ-14
    1.14196e+04    2.41184e+04    5.31672e+03    1.72747e+03    1.51784e+04
     Coulomb-14        LJ (SR)   Coulomb (SR)   Coul. recip.      Potential
   -1.07976e+05    7.41805e+04   -6.96018e+05    2.40846e+03   -6.69644e+05
    Kinetic En.   Total Energy  Conserved En.    Temperature Pressure (bar)
    1.43219e+05   -5.26426e+05   -4.92036e+05    3.00760e+02   -4.64763e+01
   Constr. rmsd
    0.00000e+00

           Step           Time
         278000      278.00000

   Energies (kJ/mol)
        G96Bond       G96Angle    Proper Dih.  Improper Dih.          LJ-14
    1.14016e+04    2.41166e+04    5.25912e+03    1.71409e+03    1.51314e+04
     Coulomb-14        LJ (SR)   Coulomb (SR)   Coul. recip.      Potential
   -1.07947e+05    7.47330e+04   -6.97159e+05    2.39866e+03   -6.70352e+05
    Kinetic En.   Total Energy  Conserved En.    Temperature Pressure (bar)
    1.43164e+05   -5.27188e+05   -4.92062e+05    3.00644e+02   -1.14668e+02
   Constr. rmsd
    0.00000e+00

           Step           Time
         279000      279.00000

   Energies (kJ/mol)
        G96Bond       G96Angle    Proper Dih.  Improper Dih.          LJ-14
    1.12455e+04    2.44727e+04    5.30516e+03    1.67658e+03    1.51004e+04
     Coulomb-14        LJ (SR)   Coulomb (SR)   Coul. recip.      Potential
   -1.08244e+05    7.29921e+04   -6.94219e+05    2.41543e+03   -6.69256e+05
    Kinetic En.   Total Energy  Conserved En.    Temperature Pressure (bar)
    1.42105e+05   -5.27151e+05   -4.91989e+05    2.98420e+02   -4.76649e+01
   Constr. rmsd
    0.00000e+00

           Step           Time
         280000      280.00000

   Energies (kJ/mol)
        G96Bond       G96Angle    Proper Dih.  Improper Dih.          LJ-14
    1.13184e+04    2.42384e+04    5.19744e+03    1.75414e+03    1.50132e+04
     Coulomb-14        LJ (SR)   Coulomb (SR)   Coul. recip.      Potential
   -1.08084e+05    7.30024e+04   -6.94767e+05    2.38631e+03   -6.69941e+05
    Kinetic En.   Total Energy  Conserved En.    Temperature Pressure (bar)
    1.42596e+05   -5.27344e+05   -4.91944e+05    2.99453e+02   -1.21316e+02
   Constr. rmsd
    0.00000e+00

           Step           Time
         281000      281.00000

   Energies (kJ/mol)
        G96Bond       G96Angle    Proper Dih.  Improper Dih.          LJ-14
    1.15074e+04    2.38696e+04    5.23903e+03    1.67864e+03    1.50924e+04
     Coulomb-14        LJ (SR)   Coulomb (SR)   Coul. recip.      Potential
   -1.08069e+05    7.33885e+04   -6.95425e+05    2.35708e+03   -6.70361e+05
    Kinetic En.   Total Energy  Conserved En.    Temperature Pressure (bar)
    1.42034e+05   -5.28327e+05   -4.91786e+05    2.98272e+02   -2.04588e+02
   Constr. rmsd
    0.00000e+00

           Step           Time
         282000      282.00000

   Energies (kJ/mol)
        G96Bond       G96Angle    Proper Dih.  Improper Dih.          LJ-14
    1.13471e+04    2.37765e+04    5.32953e+03    1.67942e+03    1.48944e+04
     Coulomb-14        LJ (SR)   Coulomb (SR)   Coul. recip.      Potential
   -1.07853e+05    7.54520e+04   -6.98293e+05    2.41264e+03   -6.71254e+05
    Kinetic En.   Total Energy  Conserved En.    Temperature Pressure (bar)
    1.43301e+05   -5.27953e+05   -4.91596e+05    3.00933e+02   -1.41307e+02
   Constr. rmsd
    0.00000e+00

           Step           Time
         283000      283.00000

   Energies (kJ/mol)
        G96Bond       G96Angle    Proper Dih.  Improper Dih.          LJ-14
    1.12498e+04    2.37897e+04    5.39686e+03    1.65731e+03    1.52969e+04
     Coulomb-14        LJ (SR)   Coulomb (SR)   Coul. recip.      Potential
   -1.07943e+05    7.44658e+04   -6.97388e+05    2.44810e+03   -6.71026e+05
    Kinetic En.   Total Energy  Conserved En.    Temperature Pressure (bar)
    1.42651e+05   -5.28376e+05   -4.91506e+05    2.99566e+02    1.85193e+02
   Constr. rmsd
    0.00000e+00

           Step           Time
         284000      284.00000

   Energies (kJ/mol)
        G96Bond       G96Angle    Proper Dih.  Improper Dih.          LJ-14
    1.11868e+04    2.40780e+04    5.41987e+03    1.84014e+03    1.53053e+04
     Coulomb-14        LJ (SR)   Coulomb (SR)   Coul. recip.      Potential
   -1.08108e+05    7.52521e+04   -6.98145e+05    2.34963e+03   -6.70821e+05
    Kinetic En.   Total Energy  Conserved En.    Temperature Pressure (bar)
    1.43416e+05   -5.27405e+05   -4.91679e+05    3.01174e+02    3.19452e+02
   Constr. rmsd
    0.00000e+00

           Step           Time
         285000      285.00000

   Energies (kJ/mol)
        G96Bond       G96Angle    Proper Dih.  Improper Dih.          LJ-14
    1.14747e+04    2.43981e+04    5.46837e+03    1.71805e+03    1.49512e+04
     Coulomb-14        LJ (SR)   Coulomb (SR)   Coul. recip.      Potential
   -1.07795e+05    7.43018e+04   -6.96969e+05    2.43586e+03   -6.70016e+05
    Kinetic En.   Total Energy  Conserved En.    Temperature Pressure (bar)
    1.43372e+05   -5.26644e+05   -4.91432e+05    3.01082e+02   -1.44825e+02
   Constr. rmsd
    0.00000e+00

           Step           Time
         286000      286.00000

   Energies (kJ/mol)
        G96Bond       G96Angle    Proper Dih.  Improper Dih.          LJ-14
    1.15843e+04    2.42869e+04    5.35160e+03    1.78954e+03    1.52527e+04
     Coulomb-14        LJ (SR)   Coulomb (SR)   Coul. recip.      Potential
   -1.08135e+05    7.42008e+04   -6.95782e+05    2.46409e+03   -6.68987e+05
    Kinetic En.   Total Energy  Conserved En.    Temperature Pressure (bar)
    1.42467e+05   -5.26520e+05   -4.91441e+05    2.99181e+02    1.66934e+02
   Constr. rmsd
    0.00000e+00

           Step           Time
         287000      287.00000

   Energies (kJ/mol)
        G96Bond       G96Angle    Proper Dih.  Improper Dih.          LJ-14
    1.12851e+04    2.42996e+04    5.38518e+03    1.76631e+03    1.54203e+04
     Coulomb-14        LJ (SR)   Coulomb (SR)   Coul. recip.      Potential
   -1.08031e+05    7.50129e+04   -6.97658e+05    2.39002e+03   -6.70130e+05
    Kinetic En.   Total Energy  Conserved En.    Temperature Pressure (bar)
    1.43574e+05   -5.26556e+05   -4.91357e+05    3.01505e+02    7.79528e+01
   Constr. rmsd
    0.00000e+00

           Step           Time
         288000      288.00000

   Energies (kJ/mol)
        G96Bond       G96Angle    Proper Dih.  Improper Dih.          LJ-14
    1.14746e+04    2.44404e+04    5.17061e+03    1.72183e+03    1.52672e+04
     Coulomb-14        LJ (SR)   Coulomb (SR)   Coul. recip.      Potential
   -1.07976e+05    7.51508e+04   -6.97936e+05    2.42640e+03   -6.70261e+05
    Kinetic En.   Total Energy  Conserved En.    Temperature Pressure (bar)
    1.42229e+05   -5.28031e+05   -4.91343e+05    2.98682e+02    5.00754e+01
   Constr. rmsd
    0.00000e+00

           Step           Time
         289000      289.00000

   Energies (kJ/mol)
        G96Bond       G96Angle    Proper Dih.  Improper Dih.          LJ-14
    1.09861e+04    2.42686e+04    5.41956e+03    1.78188e+03    1.53340e+04
     Coulomb-14        LJ (SR)   Coulomb (SR)   Coul. recip.      Potential
   -1.07998e+05    7.45580e+04   -6.97467e+05    2.32708e+03   -6.70789e+05
    Kinetic En.   Total Energy  Conserved En.    Temperature Pressure (bar)
    1.41964e+05   -5.28826e+05   -4.91529e+05    2.98124e+02    4.71878e+00
   Constr. rmsd
    0.00000e+00

           Step           Time
         290000      290.00000

   Energies (kJ/mol)
        G96Bond       G96Angle    Proper Dih.  Improper Dih.          LJ-14
    1.11608e+04    2.44626e+04    5.32652e+03    1.68174e+03    1.49862e+04
     Coulomb-14        LJ (SR)   Coulomb (SR)   Coul. recip.      Potential
   -1.07886e+05    7.37305e+04   -6.96557e+05    2.38645e+03   -6.70708e+05
    Kinetic En.   Total Energy  Conserved En.    Temperature Pressure (bar)
    1.42311e+05   -5.28397e+05   -4.91548e+05    2.98854e+02    5.44067e+01
   Constr. rmsd
    0.00000e+00

           Step           Time
         291000      291.00000

   Energies (kJ/mol)
        G96Bond       G96Angle    Proper Dih.  Improper Dih.          LJ-14
    1.13179e+04    2.39310e+04    5.31003e+03    1.64872e+03    1.51400e+04
     Coulomb-14        LJ (SR)   Coulomb (SR)   Coul. recip.      Potential
   -1.07981e+05    7.34730e+04   -6.94978e+05    2.31280e+03   -6.69826e+05
    Kinetic En.   Total Energy  Conserved En.    Temperature Pressure (bar)
    1.42205e+05   -5.27620e+05   -4.91508e+05    2.98631e+02    4.85666e+01
   Constr. rmsd
    0.00000e+00

           Step           Time
         292000      292.00000

   Energies (kJ/mol)
        G96Bond       G96Angle    Proper Dih.  Improper Dih.          LJ-14
    1.14614e+04    2.41774e+04    5.39541e+03    1.78188e+03    1.50622e+04
     Coulomb-14        LJ (SR)   Coulomb (SR)   Coul. recip.      Potential
   -1.08002e+05    7.43175e+04   -6.95865e+05    2.44267e+03   -6.69228e+05
    Kinetic En.   Total Energy  Conserved En.    Temperature Pressure (bar)
    1.42329e+05   -5.26899e+05   -4.91495e+05    2.98892e+02   -1.30003e+01
   Constr. rmsd
    0.00000e+00

           Step           Time
         293000      293.00000

   Energies (kJ/mol)
        G96Bond       G96Angle    Proper Dih.  Improper Dih.          LJ-14
    1.14167e+04    2.36338e+04    5.36442e+03    1.71767e+03    1.52770e+04
     Coulomb-14        LJ (SR)   Coulomb (SR)   Coul. recip.      Potential
   -1.08010e+05    7.48254e+04   -6.95836e+05    2.33962e+03   -6.69272e+05
    Kinetic En.   Total Energy  Conserved En.    Temperature Pressure (bar)
    1.42623e+05   -5.26649e+05   -4.91298e+05    2.99508e+02    2.10120e+02
   Constr. rmsd
    0.00000e+00

           Step           Time
         294000      294.00000

   Energies (kJ/mol)
        G96Bond       G96Angle    Proper Dih.  Improper Dih.          LJ-14
    1.14377e+04    2.39266e+04    5.34199e+03    1.83233e+03    1.51306e+04
     Coulomb-14        LJ (SR)   Coulomb (SR)   Coul. recip.      Potential
   -1.07855e+05    7.57058e+04   -6.97639e+05    2.44151e+03   -6.69678e+05
    Kinetic En.   Total Energy  Conserved En.    Temperature Pressure (bar)
    1.42799e+05   -5.26879e+05   -4.91224e+05    2.99877e+02   -1.75387e+01
   Constr. rmsd
    0.00000e+00

           Step           Time
         295000      295.00000

   Energies (kJ/mol)
        G96Bond       G96Angle    Proper Dih.  Improper Dih.          LJ-14
    1.10479e+04    2.44212e+04    5.41715e+03    1.81916e+03    1.50120e+04
     Coulomb-14        LJ (SR)   Coulomb (SR)   Coul. recip.      Potential
   -1.08203e+05    7.39362e+04   -6.94920e+05    2.29094e+03   -6.69178e+05
    Kinetic En.   Total Energy  Conserved En.    Temperature Pressure (bar)
    1.41924e+05   -5.27254e+05   -4.91084e+05    2.98041e+02    6.87371e+01
   Constr. rmsd
    0.00000e+00

           Step           Time
         296000      296.00000

   Energies (kJ/mol)
        G96Bond       G96Angle    Proper Dih.  Improper Dih.          LJ-14
    1.11347e+04    2.44163e+04    5.53137e+03    1.80155e+03    1.52808e+04
     Coulomb-14        LJ (SR)   Coulomb (SR)   Coul. recip.      Potential
   -1.08168e+05    7.48063e+04   -6.96398e+05    2.32470e+03   -6.69270e+05
    Kinetic En.   Total Energy  Conserved En.    Temperature Pressure (bar)
    1.41979e+05   -5.27290e+05   -4.91091e+05    2.98157e+02    1.85893e+02
   Constr. rmsd
    0.00000e+00

           Step           Time
         297000      297.00000

   Energies (kJ/mol)
        G96Bond       G96Angle    Proper Dih.  Improper Dih.          LJ-14
    1.12979e+04    2.38344e+04    5.39620e+03    1.81129e+03    1.51561e+04
     Coulomb-14        LJ (SR)   Coulomb (SR)   Coul. recip.      Potential
   -1.08244e+05    7.24807e+04   -6.93750e+05    2.31596e+03   -6.69701e+05
    Kinetic En.   Total Energy  Conserved En.    Temperature Pressure (bar)
    1.42603e+05   -5.27098e+05   -4.91016e+05    2.99467e+02   -6.91059e+01
   Constr. rmsd
    0.00000e+00

           Step           Time
         298000      298.00000

   Energies (kJ/mol)
        G96Bond       G96Angle    Proper Dih.  Improper Dih.          LJ-14
    1.14219e+04    2.41075e+04    5.39525e+03    1.81331e+03    1.52367e+04
     Coulomb-14        LJ (SR)   Coulomb (SR)   Coul. recip.      Potential
   -1.08449e+05    7.45147e+04   -6.95633e+05    2.31558e+03   -6.69277e+05
    Kinetic En.   Total Energy  Conserved En.    Temperature Pressure (bar)
    1.41783e+05   -5.27494e+05   -4.91003e+05    2.97744e+02   -7.96721e+01
   Constr. rmsd
    0.00000e+00

           Step           Time
         299000      299.00000

   Energies (kJ/mol)
        G96Bond       G96Angle    Proper Dih.  Improper Dih.          LJ-14
    1.14725e+04    2.40684e+04    5.27021e+03    1.82219e+03    1.48650e+04
     Coulomb-14        LJ (SR)   Coulomb (SR)   Coul. recip.      Potential
   -1.08312e+05    7.35115e+04   -6.95818e+05    2.37473e+03   -6.70745e+05
    Kinetic En.   Total Energy  Conserved En.    Temperature Pressure (bar)
    1.43011e+05   -5.27734e+05   -4.91019e+05    3.00323e+02   -1.89192e+02
   Constr. rmsd
    0.00000e+00

           Step           Time
         300000      300.00000

   Energies (kJ/mol)
        G96Bond       G96Angle    Proper Dih.  Improper Dih.          LJ-14
    1.13206e+04    2.39786e+04    5.26100e+03    1.78244e+03    1.51349e+04
     Coulomb-14        LJ (SR)   Coulomb (SR)   Coul. recip.      Potential
   -1.08455e+05    7.45516e+04   -6.96534e+05    2.37068e+03   -6.70590e+05
    Kinetic En.   Total Energy  Conserved En.    Temperature Pressure (bar)
    1.42972e+05   -5.27618e+05   -4.90961e+05    3.00241e+02    1.47259e+02
   Constr. rmsd
    0.00000e+00

           Step           Time
         301000      301.00000

   Energies (kJ/mol)
        G96Bond       G96Angle    Proper Dih.  Improper Dih.          LJ-14
    1.14460e+04    2.45420e+04    5.38297e+03    1.80197e+03    1.50089e+04
     Coulomb-14        LJ (SR)   Coulomb (SR)   Coul. recip.      Potential
   -1.08440e+05    7.38218e+04   -6.94862e+05    2.41305e+03   -6.68885e+05
    Kinetic En.   Total Energy  Conserved En.    Temperature Pressure (bar)
    1.42666e+05   -5.26218e+05   -4.91008e+05    2.99600e+02   -6.94220e+01
   Constr. rmsd
    0.00000e+00

           Step           Time
         302000      302.00000

   Energies (kJ/mol)
        G96Bond       G96Angle    Proper Dih.  Improper Dih.          LJ-14
    1.14517e+04    2.44585e+04    5.50329e+03    1.88769e+03    1.50343e+04
     Coulomb-14        LJ (SR)   Coulomb (SR)   Coul. recip.      Potential
   -1.08143e+05    7.36884e+04   -6.95019e+05    2.30217e+03   -6.68836e+05
    Kinetic En.   Total Energy  Conserved En.    Temperature Pressure (bar)
    1.42241e+05   -5.26595e+05   -4.91001e+05    2.98707e+02    4.91171e+01
   Constr. rmsd
    0.00000e+00

           Step           Time
         303000      303.00000

   Energies (kJ/mol)
        G96Bond       G96Angle    Proper Dih.  Improper Dih.          LJ-14
    1.11562e+04    2.39962e+04    5.51368e+03    1.66136e+03    1.51243e+04
     Coulomb-14        LJ (SR)   Coulomb (SR)   Coul. recip.      Potential
   -1.08219e+05    7.38188e+04   -6.95644e+05    2.38423e+03   -6.70208e+05
    Kinetic En.   Total Energy  Conserved En.    Temperature Pressure (bar)
    1.43053e+05   -5.27155e+05   -4.90972e+05    3.00411e+02    1.53222e+02
   Constr. rmsd
    0.00000e+00

           Step           Time
         304000      304.00000

   Energies (kJ/mol)
        G96Bond       G96Angle    Proper Dih.  Improper Dih.          LJ-14
    1.12254e+04    2.43377e+04    5.38944e+03    1.83076e+03    1.50371e+04
     Coulomb-14        LJ (SR)   Coulomb (SR)   Coul. recip.      Potential
   -1.08170e+05    7.45605e+04   -6.96200e+05    2.47964e+03   -6.69509e+05
    Kinetic En.   Total Energy  Conserved En.    Temperature Pressure (bar)
    1.43081e+05   -5.26429e+05   -4.90780e+05    3.00470e+02    1.64186e+02
   Constr. rmsd
    0.00000e+00

           Step           Time
         305000      305.00000

   Energies (kJ/mol)
        G96Bond       G96Angle    Proper Dih.  Improper Dih.          LJ-14
    1.10614e+04    2.41133e+04    5.27521e+03    1.73877e+03    1.53991e+04
     Coulomb-14        LJ (SR)   Coulomb (SR)   Coul. recip.      Potential
   -1.08231e+05    7.42859e+04   -6.96993e+05    2.42899e+03   -6.70922e+05
    Kinetic En.   Total Energy  Conserved En.    Temperature Pressure (bar)
    1.43600e+05   -5.27322e+05   -4.90592e+05    3.01559e+02    2.26392e+02
   Constr. rmsd
    0.00000e+00

           Step           Time
         306000      306.00000

   Energies (kJ/mol)
        G96Bond       G96Angle    Proper Dih.  Improper Dih.          LJ-14
    1.11425e+04    2.42261e+04    5.43534e+03    1.72448e+03    1.50897e+04
     Coulomb-14        LJ (SR)   Coulomb (SR)   Coul. recip.      Potential
   -1.08511e+05    7.49053e+04   -6.97182e+05    2.41930e+03   -6.70750e+05
    Kinetic En.   Total Energy  Conserved En.    Temperature Pressure (bar)
    1.43949e+05   -5.26801e+05   -4.90695e+05    3.02293e+02    1.00456e+02
   Constr. rmsd
    0.00000e+00

           Step           Time
         307000      307.00000

   Energies (kJ/mol)
        G96Bond       G96Angle    Proper Dih.  Improper Dih.          LJ-14
    1.13926e+04    2.42137e+04    5.30380e+03    1.68447e+03    1.50691e+04
     Coulomb-14        LJ (SR)   Coulomb (SR)   Coul. recip.      Potential
   -1.08335e+05    7.51428e+04   -6.96289e+05    2.36308e+03   -6.69455e+05
    Kinetic En.   Total Energy  Conserved En.    Temperature Pressure (bar)
    1.42941e+05   -5.26514e+05   -4.90748e+05    3.00176e+02    1.50461e+02
   Constr. rmsd
    0.00000e+00

           Step           Time
         308000      308.00000

   Energies (kJ/mol)
        G96Bond       G96Angle    Proper Dih.  Improper Dih.          LJ-14
    1.16219e+04    2.39095e+04    5.41913e+03    1.72088e+03    1.51985e+04
     Coulomb-14        LJ (SR)   Coulomb (SR)   Coul. recip.      Potential
   -1.08262e+05    7.31040e+04   -6.94362e+05    2.38736e+03   -6.69263e+05
    Kinetic En.   Total Energy  Conserved En.    Temperature Pressure (bar)
    1.42943e+05   -5.26320e+05   -4.90698e+05    3.00180e+02   -1.29338e+02
   Constr. rmsd
    0.00000e+00

           Step           Time
         309000      309.00000

   Energies (kJ/mol)
        G96Bond       G96Angle    Proper Dih.  Improper Dih.          LJ-14
    1.11279e+04    2.37808e+04    5.47140e+03    1.63764e+03    1.55068e+04
     Coulomb-14        LJ (SR)   Coulomb (SR)   Coul. recip.      Potential
   -1.08182e+05    7.37741e+04   -6.96024e+05    2.38968e+03   -6.70517e+05
    Kinetic En.   Total Energy  Conserved En.    Temperature Pressure (bar)
    1.43326e+05   -5.27192e+05   -4.90725e+05    3.00984e+02    8.62423e+01
   Constr. rmsd
    0.00000e+00

           Step           Time
         310000      310.00000

   Energies (kJ/mol)
        G96Bond       G96Angle    Proper Dih.  Improper Dih.          LJ-14
    1.17254e+04    2.42122e+04    5.45297e+03    1.76265e+03    1.48662e+04
     Coulomb-14        LJ (SR)   Coulomb (SR)   Coul. recip.      Potential
   -1.08347e+05    7.46551e+04   -6.96645e+05    2.39514e+03   -6.69922e+05
    Kinetic En.   Total Energy  Conserved En.    Temperature Pressure (bar)
    1.43179e+05   -5.26743e+05   -4.90632e+05    3.00677e+02   -2.08867e+02
   Constr. rmsd
    0.00000e+00

           Step           Time
         311000      311.00000

   Energies (kJ/mol)
        G96Bond       G96Angle    Proper Dih.  Improper Dih.          LJ-14
    1.15697e+04    2.43570e+04    5.49678e+03    1.77334e+03    1.49519e+04
     Coulomb-14        LJ (SR)   Coulomb (SR)   Coul. recip.      Potential
   -1.08169e+05    7.37366e+04   -6.95239e+05    2.31337e+03   -6.69209e+05
    Kinetic En.   Total Energy  Conserved En.    Temperature Pressure (bar)
    1.42085e+05   -5.27124e+05   -4.90462e+05    2.98378e+02   -2.07169e+02
   Constr. rmsd
    0.00000e+00

           Step           Time
         312000      312.00000

   Energies (kJ/mol)
        G96Bond       G96Angle    Proper Dih.  Improper Dih.          LJ-14
    1.12274e+04    2.42374e+04    5.29554e+03    1.76895e+03    1.49728e+04
     Coulomb-14        LJ (SR)   Coulomb (SR)   Coul. recip.      Potential
   -1.08259e+05    7.39498e+04   -6.96240e+05    2.31946e+03   -6.70728e+05
    Kinetic En.   Total Energy  Conserved En.    Temperature Pressure (bar)
    1.43290e+05   -5.27438e+05   -4.90167e+05    3.00910e+02   -3.00802e+01
   Constr. rmsd
    0.00000e+00

           Step           Time
         313000      313.00000

   Energies (kJ/mol)
        G96Bond       G96Angle    Proper Dih.  Improper Dih.          LJ-14
    1.13735e+04    2.44164e+04    5.42928e+03    1.78254e+03    1.52626e+04
     Coulomb-14        LJ (SR)   Coulomb (SR)   Coul. recip.      Potential
   -1.08276e+05    7.37364e+04   -6.94730e+05    2.43742e+03   -6.68568e+05
    Kinetic En.   Total Energy  Conserved En.    Temperature Pressure (bar)
    1.42713e+05   -5.25855e+05   -4.90299e+05    2.99697e+02    1.00051e+02
   Constr. rmsd
    0.00000e+00

           Step           Time
         314000      314.00000

   Energies (kJ/mol)
        G96Bond       G96Angle    Proper Dih.  Improper Dih.          LJ-14
    1.13294e+04    2.43621e+04    5.45683e+03    1.82302e+03    1.49356e+04
     Coulomb-14        LJ (SR)   Coulomb (SR)   Coul. recip.      Potential
   -1.08225e+05    7.34523e+04   -6.95428e+05    2.30788e+03   -6.69985e+05
    Kinetic En.   Total Energy  Conserved En.    Temperature Pressure (bar)
    1.43666e+05   -5.26319e+05   -4.90516e+05    3.01700e+02   -4.61803e+01
   Constr. rmsd
    0.00000e+00

           Step           Time
         315000      315.00000

   Energies (kJ/mol)
        G96Bond       G96Angle    Proper Dih.  Improper Dih.          LJ-14
    1.16432e+04    2.43084e+04    5.32406e+03    1.82900e+03    1.48872e+04
     Coulomb-14        LJ (SR)   Coulomb (SR)   Coul. recip.      Potential
   -1.08103e+05    7.41575e+04   -6.94808e+05    2.43041e+03   -6.68331e+05
    Kinetic En.   Total Energy  Conserved En.    Temperature Pressure (bar)
    1.42805e+05   -5.25526e+05   -4.90507e+05    2.99890e+02   -1.33921e+02
   Constr. rmsd
    0.00000e+00

           Step           Time
         316000      316.00000

   Energies (kJ/mol)
        G96Bond       G96Angle    Proper Dih.  Improper Dih.          LJ-14
    1.10827e+04    2.46028e+04    5.48194e+03    1.85929e+03    1.52773e+04
     Coulomb-14        LJ (SR)   Coulomb (SR)   Coul. recip.      Potential
   -1.08307e+05    7.45208e+04   -6.96055e+05    2.37920e+03   -6.69158e+05
    Kinetic En.   Total Energy  Conserved En.    Temperature Pressure (bar)
    1.43402e+05   -5.25756e+05   -4.90499e+05    3.01145e+02    2.80197e+02
   Constr. rmsd
    0.00000e+00

           Step           Time
         317000      317.00000

   Energies (kJ/mol)
        G96Bond       G96Angle    Proper Dih.  Improper Dih.          LJ-14
    1.11987e+04    2.39522e+04    5.40582e+03    1.67207e+03    1.53496e+04
     Coulomb-14        LJ (SR)   Coulomb (SR)   Coul. recip.      Potential
   -1.08423e+05    7.36185e+04   -6.94943e+05    2.34231e+03   -6.69828e+05
    Kinetic En.   Total Energy  Conserved En.    Temperature Pressure (bar)
    1.43782e+05   -5.26046e+05   -4.90337e+05    3.01942e+02   -3.65493e+01
   Constr. rmsd
    0.00000e+00

           Step           Time
         318000      318.00000

   Energies (kJ/mol)
        G96Bond       G96Angle    Proper Dih.  Improper Dih.          LJ-14
    1.13887e+04    2.43181e+04    5.48240e+03    1.83452e+03    1.50046e+04
     Coulomb-14        LJ (SR)   Coulomb (SR)   Coul. recip.      Potential
   -1.08401e+05    7.40084e+04   -6.96069e+05    2.44547e+03   -6.69988e+05
    Kinetic En.   Total Energy  Conserved En.    Temperature Pressure (bar)
    1.42831e+05   -5.27157e+05   -4.90181e+05    2.99945e+02   -1.24520e+02
   Constr. rmsd
    0.00000e+00

           Step           Time
         319000      319.00000

   Energies (kJ/mol)
        G96Bond       G96Angle    Proper Dih.  Improper Dih.          LJ-14
    1.13025e+04    2.40261e+04    5.40658e+03    1.73878e+03    1.52463e+04
     Coulomb-14        LJ (SR)   Coulomb (SR)   Coul. recip.      Potential
   -1.08523e+05    7.44987e+04   -6.95895e+05    2.38115e+03   -6.69818e+05
    Kinetic En.   Total Energy  Conserved En.    Temperature Pressure (bar)
    1.43628e+05   -5.26189e+05   -4.90234e+05    3.01620e+02    1.02054e+02
   Constr. rmsd
    0.00000e+00

           Step           Time
         320000      320.00000

   Energies (kJ/mol)
        G96Bond       G96Angle    Proper Dih.  Improper Dih.          LJ-14
    1.12558e+04    2.41884e+04    5.45586e+03    1.74388e+03    1.50022e+04
     Coulomb-14        LJ (SR)   Coulomb (SR)   Coul. recip.      Potential
   -1.08704e+05    7.51006e+04   -6.96835e+05    2.34163e+03   -6.70451e+05
    Kinetic En.   Total Energy  Conserved En.    Temperature Pressure (bar)
    1.42590e+05   -5.27861e+05   -4.90280e+05    2.99439e+02    1.30964e+02
   Constr. rmsd
    0.00000e+00

           Step           Time
         321000      321.00000

   Energies (kJ/mol)
        G96Bond       G96Angle    Proper Dih.  Improper Dih.          LJ-14
    1.15536e+04    2.40830e+04    5.31934e+03    1.69690e+03    1.49996e+04
     Coulomb-14        LJ (SR)   Coulomb (SR)   Coul. recip.      Potential
   -1.08338e+05    7.53627e+04   -6.98007e+05    2.27055e+03   -6.71059e+05
    Kinetic En.   Total Energy  Conserved En.    Temperature Pressure (bar)
    1.43130e+05   -5.27930e+05   -4.90325e+05    3.00572e+02    9.74345e+01
   Constr. rmsd
    0.00000e+00

           Step           Time
         322000      322.00000

   Energies (kJ/mol)
        G96Bond       G96Angle    Proper Dih.  Improper Dih.          LJ-14
    1.13799e+04    2.40743e+04    5.41941e+03    1.78311e+03    1.50867e+04
     Coulomb-14        LJ (SR)   Coulomb (SR)   Coul. recip.      Potential
   -1.08325e+05    7.52443e+04   -6.97178e+05    2.44390e+03   -6.70072e+05
    Kinetic En.   Total Energy  Conserved En.    Temperature Pressure (bar)
    1.42052e+05   -5.28020e+05   -4.90383e+05    2.98309e+02    6.71802e+01
   Constr. rmsd
    0.00000e+00

           Step           Time
         323000      323.00000

   Energies (kJ/mol)
        G96Bond       G96Angle    Proper Dih.  Improper Dih.          LJ-14
    1.13721e+04    2.40632e+04    5.36186e+03    1.68362e+03    1.52519e+04
     Coulomb-14        LJ (SR)   Coulomb (SR)   Coul. recip.      Potential
   -1.08388e+05    7.27170e+04   -6.92871e+05    2.36185e+03   -6.68448e+05
    Kinetic En.   Total Energy  Conserved En.    Temperature Pressure (bar)
    1.42478e+05   -5.25970e+05   -4.90399e+05    2.99204e+02   -1.02822e+02
   Constr. rmsd
    0.00000e+00

           Step           Time
         324000      324.00000

   Energies (kJ/mol)
        G96Bond       G96Angle    Proper Dih.  Improper Dih.          LJ-14
    1.10618e+04    2.45177e+04    5.46298e+03    1.75954e+03    1.51739e+04
     Coulomb-14        LJ (SR)   Coulomb (SR)   Coul. recip.      Potential
   -1.08430e+05    7.36053e+04   -6.94375e+05    2.39503e+03   -6.68829e+05
    Kinetic En.   Total Energy  Conserved En.    Temperature Pressure (bar)
    1.42381e+05   -5.26448e+05   -4.90464e+05    2.99001e+02    8.35938e+01
   Constr. rmsd
    0.00000e+00

           Step           Time
         325000      325.00000

   Energies (kJ/mol)
        G96Bond       G96Angle    Proper Dih.  Improper Dih.          LJ-14
    1.16254e+04    2.41328e+04    5.42815e+03    1.73108e+03    1.49332e+04
     Coulomb-14        LJ (SR)   Coulomb (SR)   Coul. recip.      Potential
   -1.08439e+05    7.29260e+04   -6.93598e+05    2.44539e+03   -6.68815e+05
    Kinetic En.   Total Energy  Conserved En.    Temperature Pressure (bar)
    1.42682e+05   -5.26133e+05   -4.90416e+05    2.99633e+02   -3.81866e+02
   Constr. rmsd
    0.00000e+00

           Step           Time
         326000      326.00000

   Energies (kJ/mol)
        G96Bond       G96Angle    Proper Dih.  Improper Dih.          LJ-14
    1.09882e+04    2.41943e+04    5.37397e+03    1.72905e+03    1.52363e+04
     Coulomb-14        LJ (SR)   Coulomb (SR)   Coul. recip.      Potential
   -1.08210e+05    7.37000e+04   -6.94628e+05    2.38152e+03   -6.69234e+05
    Kinetic En.   Total Energy  Conserved En.    Temperature Pressure (bar)
    1.42725e+05   -5.26510e+05   -4.90297e+05    2.99722e+02    1.15549e+01
   Constr. rmsd
    0.00000e+00

           Step           Time
         327000      327.00000

   Energies (kJ/mol)
        G96Bond       G96Angle    Proper Dih.  Improper Dih.          LJ-14
    1.15299e+04    2.40804e+04    5.32652e+03    1.74846e+03    1.50725e+04
     Coulomb-14        LJ (SR)   Coulomb (SR)   Coul. recip.      Potential
   -1.08656e+05    7.40794e+04   -6.94795e+05    2.48557e+03   -6.69129e+05
    Kinetic En.   Total Energy  Conserved En.    Temperature Pressure (bar)
    1.42042e+05   -5.27088e+05   -4.90085e+05    2.98288e+02   -2.72582e+01
   Constr. rmsd
    0.00000e+00

           Step           Time
         328000      328.00000

   Energies (kJ/mol)
        G96Bond       G96Angle    Proper Dih.  Improper Dih.          LJ-14
    1.10638e+04    2.38788e+04    5.23599e+03    1.74468e+03    1.53054e+04
     Coulomb-14        LJ (SR)   Coulomb (SR)   Coul. recip.      Potential
   -1.08217e+05    7.35251e+04   -6.95435e+05    2.39100e+03   -6.70508e+05
    Kinetic En.   Total Energy  Conserved En.    Temperature Pressure (bar)
    1.43216e+05   -5.27291e+05   -4.90187e+05    3.00755e+02    1.06605e+02
   Constr. rmsd
    0.00000e+00

           Step           Time
         329000      329.00000

   Energies (kJ/mol)
        G96Bond       G96Angle    Proper Dih.  Improper Dih.          LJ-14
    1.13434e+04    2.43647e+04    5.35479e+03    1.72884e+03    1.52156e+04
     Coulomb-14        LJ (SR)   Coulomb (SR)   Coul. recip.      Potential
   -1.08400e+05    7.30866e+04   -6.94514e+05    2.37024e+03   -6.69450e+05
    Kinetic En.   Total Energy  Conserved En.    Temperature Pressure (bar)
    1.42834e+05   -5.26616e+05   -4.90098e+05    2.99951e+02    3.21318e+01
   Constr. rmsd
    0.00000e+00

           Step           Time
         330000      330.00000

   Energies (kJ/mol)
        G96Bond       G96Angle    Proper Dih.  Improper Dih.          LJ-14
    1.12927e+04    2.44739e+04    5.33446e+03    1.74141e+03    1.51247e+04
     Coulomb-14        LJ (SR)   Coulomb (SR)   Coul. recip.      Potential
   -1.08301e+05    7.33955e+04   -6.95497e+05    2.39265e+03   -6.70042e+05
    Kinetic En.   Total Energy  Conserved En.    Temperature Pressure (bar)
    1.42807e+05   -5.27235e+05   -4.90109e+05    2.99895e+02    1.58863e+01
   Constr. rmsd
    0.00000e+00

           Step           Time
         331000      331.00000

   Energies (kJ/mol)
        G96Bond       G96Angle    Proper Dih.  Improper Dih.          LJ-14
    1.14955e+04    2.40736e+04    5.35490e+03    1.76286e+03    1.50161e+04
     Coulomb-14        LJ (SR)   Coulomb (SR)   Coul. recip.      Potential
   -1.08453e+05    7.34551e+04   -6.94618e+05    2.51270e+03   -6.69400e+05
    Kinetic En.   Total Energy  Conserved En.    Temperature Pressure (bar)
    1.44020e+05   -5.25380e+05   -4.90098e+05    3.02442e+02   -7.92825e+01
   Constr. rmsd
    0.00000e+00

           Step           Time
         332000      332.00000

   Energies (kJ/mol)
        G96Bond       G96Angle    Proper Dih.  Improper Dih.          LJ-14
    1.15101e+04    2.42349e+04    5.37934e+03    1.76506e+03    1.50952e+04
     Coulomb-14        LJ (SR)   Coulomb (SR)   Coul. recip.      Potential
   -1.08460e+05    7.32157e+04   -6.94446e+05    2.34533e+03   -6.69361e+05
    Kinetic En.   Total Energy  Conserved En.    Temperature Pressure (bar)
    1.42621e+05   -5.26739e+05   -4.89980e+05    2.99505e+02   -8.85215e+01
   Constr. rmsd
    0.00000e+00

           Step           Time
         333000      333.00000

   Energies (kJ/mol)
        G96Bond       G96Angle    Proper Dih.  Improper Dih.          LJ-14
    1.14214e+04    2.43228e+04    5.25650e+03    1.74260e+03    1.50387e+04
     Coulomb-14        LJ (SR)   Coulomb (SR)   Coul. recip.      Potential
   -1.08200e+05    7.34596e+04   -6.95094e+05    2.35241e+03   -6.69700e+05
    Kinetic En.   Total Energy  Conserved En.    Temperature Pressure (bar)
    1.43101e+05   -5.26599e+05   -4.89996e+05    3.00512e+02   -1.86646e+02
   Constr. rmsd
    0.00000e+00

           Step           Time
         334000      334.00000

   Energies (kJ/mol)
        G96Bond       G96Angle    Proper Dih.  Improper Dih.          LJ-14
    1.13633e+04    2.39640e+04    5.37785e+03    1.75878e+03    1.51199e+04
     Coulomb-14        LJ (SR)   Coulomb (SR)   Coul. recip.      Potential
   -1.08465e+05    7.48160e+04   -6.96324e+05    2.43330e+03   -6.69956e+05
    Kinetic En.   Total Energy  Conserved En.    Temperature Pressure (bar)
    1.43704e+05   -5.26252e+05   -4.89966e+05    3.01778e+02    4.10701e+01
   Constr. rmsd
    0.00000e+00

           Step           Time
         335000      335.00000

   Energies (kJ/mol)
        G96Bond       G96Angle    Proper Dih.  Improper Dih.          LJ-14
    1.12236e+04    2.41480e+04    5.33705e+03    1.74260e+03    1.51527e+04
     Coulomb-14        LJ (SR)   Coulomb (SR)   Coul. recip.      Potential
   -1.08391e+05    7.46442e+04   -6.95971e+05    2.39992e+03   -6.69714e+05
    Kinetic En.   Total Energy  Conserved En.    Temperature Pressure (bar)
    1.43507e+05   -5.26208e+05   -4.89931e+05    3.01364e+02    9.60150e+01
   Constr. rmsd
    0.00000e+00

           Step           Time
         336000      336.00000

   Energies (kJ/mol)
        G96Bond       G96Angle    Proper Dih.  Improper Dih.          LJ-14
    1.13347e+04    2.40432e+04    5.31555e+03    1.69703e+03    1.49580e+04
     Coulomb-14        LJ (SR)   Coulomb (SR)   Coul. recip.      Potential
   -1.08230e+05    7.38003e+04   -6.95842e+05    2.43656e+03   -6.70486e+05
    Kinetic En.   Total Energy  Conserved En.    Temperature Pressure (bar)
    1.43396e+05   -5.27090e+05   -4.89715e+05    3.01131e+02   -2.16307e+02
   Constr. rmsd
    0.00000e+00

           Step           Time
         337000      337.00000

   Energies (kJ/mol)
        G96Bond       G96Angle    Proper Dih.  Improper Dih.          LJ-14
    1.13397e+04    2.37322e+04    5.16974e+03    1.73276e+03    1.52594e+04
     Coulomb-14        LJ (SR)   Coulomb (SR)   Coul. recip.      Potential
   -1.08431e+05    7.51411e+04   -6.97070e+05    2.47080e+03   -6.70656e+05
    Kinetic En.   Total Energy  Conserved En.    Temperature Pressure (bar)
    1.42928e+05   -5.27728e+05   -4.89596e+05    3.00149e+02    2.90024e+02
   Constr. rmsd
    0.00000e+00

           Step           Time
         338000      338.00000

   Energies (kJ/mol)
        G96Bond       G96Angle    Proper Dih.  Improper Dih.          LJ-14
    1.13646e+04    2.41910e+04    5.34390e+03    1.75430e+03    1.51449e+04
     Coulomb-14        LJ (SR)   Coulomb (SR)   Coul. recip.      Potential
   -1.08508e+05    7.49266e+04   -6.97906e+05    2.35929e+03   -6.71329e+05
    Kinetic En.   Total Energy  Conserved En.    Temperature Pressure (bar)
    1.43167e+05   -5.28162e+05   -4.89822e+05    3.00650e+02    1.32683e+02
   Constr. rmsd
    0.00000e+00

           Step           Time
         339000      339.00000

   Energies (kJ/mol)
        G96Bond       G96Angle    Proper Dih.  Improper Dih.          LJ-14
    1.16364e+04    2.41038e+04    5.27168e+03    1.78497e+03    1.48418e+04
     Coulomb-14        LJ (SR)   Coulomb (SR)   Coul. recip.      Potential
   -1.08378e+05    7.46546e+04   -6.96133e+05    2.40725e+03   -6.69810e+05
    Kinetic En.   Total Energy  Conserved En.    Temperature Pressure (bar)
    1.42088e+05   -5.27722e+05   -4.89846e+05    2.98386e+02   -1.60754e+02
   Constr. rmsd
    0.00000e+00

           Step           Time
         340000      340.00000

   Energies (kJ/mol)
        G96Bond       G96Angle    Proper Dih.  Improper Dih.          LJ-14
    1.13765e+04    2.46193e+04    5.36357e+03    1.78484e+03    1.51303e+04
     Coulomb-14        LJ (SR)   Coulomb (SR)   Coul. recip.      Potential
   -1.08171e+05    7.34832e+04   -6.95248e+05    2.41061e+03   -6.69251e+05
    Kinetic En.   Total Energy  Conserved En.    Temperature Pressure (bar)
    1.42314e+05   -5.26937e+05   -4.89714e+05    2.98860e+02   -6.07808e+01
   Constr. rmsd
    0.00000e+00

           Step           Time
         341000      341.00000

   Energies (kJ/mol)
        G96Bond       G96Angle    Proper Dih.  Improper Dih.          LJ-14
    1.10798e+04    2.44111e+04    5.42041e+03    1.71659e+03    1.50061e+04
     Coulomb-14        LJ (SR)   Coulomb (SR)   Coul. recip.      Potential
   -1.08114e+05    7.33214e+04   -6.95076e+05    2.43385e+03   -6.69801e+05
    Kinetic En.   Total Energy  Conserved En.    Temperature Pressure (bar)
    1.43070e+05   -5.26731e+05   -4.89797e+05    3.00447e+02   -6.95955e+01
   Constr. rmsd
    0.00000e+00

           Step           Time
         342000      342.00000

   Energies (kJ/mol)
        G96Bond       G96Angle    Proper Dih.  Improper Dih.          LJ-14
    1.18642e+04    2.43052e+04    5.37461e+03    1.77965e+03    1.49060e+04
     Coulomb-14        LJ (SR)   Coulomb (SR)   Coul. recip.      Potential
   -1.08050e+05    7.36185e+04   -6.95838e+05    2.34813e+03   -6.69692e+05
    Kinetic En.   Total Energy  Conserved En.    Temperature Pressure (bar)
    1.42864e+05   -5.26828e+05   -4.89785e+05    3.00015e+02   -3.02567e+02
   Constr. rmsd
    0.00000e+00

           Step           Time
         343000      343.00000

   Energies (kJ/mol)
        G96Bond       G96Angle    Proper Dih.  Improper Dih.          LJ-14
    1.12217e+04    2.41826e+04    5.30726e+03    1.64713e+03    1.50284e+04
     Coulomb-14        LJ (SR)   Coulomb (SR)   Coul. recip.      Potential
   -1.08118e+05    7.48845e+04   -6.96934e+05    2.34895e+03   -6.70432e+05
    Kinetic En.   Total Energy  Conserved En.    Temperature Pressure (bar)
    1.42764e+05   -5.27668e+05   -4.89721e+05    2.99805e+02    1.38599e+02
   Constr. rmsd
    0.00000e+00

           Step           Time
         344000      344.00000

   Energies (kJ/mol)
        G96Bond       G96Angle    Proper Dih.  Improper Dih.          LJ-14
    1.12497e+04    2.45429e+04    5.32497e+03    1.72312e+03    1.50535e+04
     Coulomb-14        LJ (SR)   Coulomb (SR)   Coul. recip.      Potential
   -1.08060e+05    7.43242e+04   -6.95326e+05    2.34931e+03   -6.68819e+05
    Kinetic En.   Total Energy  Conserved En.    Temperature Pressure (bar)
    1.43785e+05   -5.25034e+05   -4.89557e+05    3.01949e+02    6.20774e+01
   Constr. rmsd
    0.00000e+00

           Step           Time
         345000      345.00000

   Energies (kJ/mol)
        G96Bond       G96Angle    Proper Dih.  Improper Dih.          LJ-14
    1.16293e+04    2.43103e+04    5.27363e+03    1.79314e+03    1.49936e+04
     Coulomb-14        LJ (SR)   Coulomb (SR)   Coul. recip.      Potential
   -1.08115e+05    7.35881e+04   -6.94775e+05    2.35309e+03   -6.68949e+05
    Kinetic En.   Total Energy  Conserved En.    Temperature Pressure (bar)
    1.43959e+05   -5.24990e+05   -4.89564e+05    3.02315e+02   -1.14979e+02
   Constr. rmsd
    0.00000e+00

           Step           Time
         346000      346.00000

   Energies (kJ/mol)
        G96Bond       G96Angle    Proper Dih.  Improper Dih.          LJ-14
    1.14214e+04    2.47394e+04    5.30840e+03    1.75474e+03    1.48501e+04
     Coulomb-14        LJ (SR)   Coulomb (SR)   Coul. recip.      Potential
   -1.08115e+05    7.43772e+04   -6.95729e+05    2.42626e+03   -6.68967e+05
    Kinetic En.   Total Energy  Conserved En.    Temperature Pressure (bar)
    1.43069e+05   -5.25898e+05   -4.89351e+05    3.00445e+02    2.30958e+01
   Constr. rmsd
    0.00000e+00

           Step           Time
         347000      347.00000

   Energies (kJ/mol)
        G96Bond       G96Angle    Proper Dih.  Improper Dih.          LJ-14
    1.14752e+04    2.37692e+04    5.26741e+03    1.77142e+03    1.53758e+04
     Coulomb-14        LJ (SR)   Coulomb (SR)   Coul. recip.      Potential
   -1.08467e+05    7.35748e+04   -6.96353e+05    2.37847e+03   -6.71207e+05
    Kinetic En.   Total Energy  Conserved En.    Temperature Pressure (bar)
    1.43051e+05   -5.28156e+05   -4.89267e+05    3.00408e+02    1.12938e+02
   Constr. rmsd
    0.00000e+00

           Step           Time
         348000      348.00000

   Energies (kJ/mol)
        G96Bond       G96Angle    Proper Dih.  Improper Dih.          LJ-14
    1.15112e+04    2.41332e+04    5.45373e+03    1.67197e+03    1.49532e+04
     Coulomb-14        LJ (SR)   Coulomb (SR)   Coul. recip.      Potential
   -1.08116e+05    7.64713e+04   -6.98821e+05    2.37771e+03   -6.70365e+05
    Kinetic En.   Total Energy  Conserved En.    Temperature Pressure (bar)
    1.42576e+05   -5.27790e+05   -4.89307e+05    2.99409e+02    7.49431e+00
   Constr. rmsd
    0.00000e+00

           Step           Time
         349000      349.00000

   Energies (kJ/mol)
        G96Bond       G96Angle    Proper Dih.  Improper Dih.          LJ-14
    1.12250e+04    2.41258e+04    5.42883e+03    1.81290e+03    1.51845e+04
     Coulomb-14        LJ (SR)   Coulomb (SR)   Coul. recip.      Potential
   -1.08223e+05    7.48083e+04   -6.96694e+05    2.32222e+03   -6.70009e+05
    Kinetic En.   Total Energy  Conserved En.    Temperature Pressure (bar)
    1.43028e+05   -5.26981e+05   -4.89366e+05    3.00359e+02    1.48216e+02
   Constr. rmsd
    0.00000e+00

           Step           Time
         350000      350.00000

   Energies (kJ/mol)
        G96Bond       G96Angle    Proper Dih.  Improper Dih.          LJ-14
    1.13765e+04    2.46312e+04    5.36689e+03    1.83028e+03    1.49574e+04
     Coulomb-14        LJ (SR)   Coulomb (SR)   Coul. recip.      Potential
   -1.08248e+05    7.57007e+04   -6.98476e+05    2.38529e+03   -6.70475e+05
    Kinetic En.   Total Energy  Conserved En.    Temperature Pressure (bar)
    1.42169e+05   -5.28306e+05   -4.89443e+05    2.98555e+02    9.32755e+01
   Constr. rmsd
    0.00000e+00

           Step           Time
         351000      351.00000

   Energies (kJ/mol)
        G96Bond       G96Angle    Proper Dih.  Improper Dih.          LJ-14
    1.14211e+04    2.43464e+04    5.31930e+03    1.78530e+03    1.48946e+04
     Coulomb-14        LJ (SR)   Coulomb (SR)   Coul. recip.      Potential
   -1.08089e+05    7.43811e+04   -6.97002e+05    2.41215e+03   -6.70531e+05
    Kinetic En.   Total Energy  Conserved En.    Temperature Pressure (bar)
    1.42521e+05   -5.28011e+05   -4.89088e+05    2.99293e+02    4.16013e+01
   Constr. rmsd
    0.00000e+00

           Step           Time
         352000      352.00000

   Energies (kJ/mol)
        G96Bond       G96Angle    Proper Dih.  Improper Dih.          LJ-14
    1.12523e+04    2.41677e+04    5.36528e+03    1.65879e+03    1.52448e+04
     Coulomb-14        LJ (SR)   Coulomb (SR)   Coul. recip.      Potential
   -1.08266e+05    7.61293e+04   -6.98305e+05    2.40008e+03   -6.70353e+05
    Kinetic En.   Total Energy  Conserved En.    Temperature Pressure (bar)
    1.42217e+05   -5.28137e+05   -4.89042e+05    2.98655e+02    4.15761e+02
   Constr. rmsd
    0.00000e+00

           Step           Time
         353000      353.00000

   Energies (kJ/mol)
        G96Bond       G96Angle    Proper Dih.  Improper Dih.          LJ-14
    1.17022e+04    2.39420e+04    5.50049e+03    1.71803e+03    1.51363e+04
     Coulomb-14        LJ (SR)   Coulomb (SR)   Coul. recip.      Potential
   -1.08175e+05    7.51936e+04   -6.98648e+05    2.42604e+03   -6.71205e+05
    Kinetic En.   Total Energy  Conserved En.    Temperature Pressure (bar)
    1.42780e+05   -5.28425e+05   -4.89034e+05    2.99838e+02   -2.50937e+01
   Constr. rmsd
    0.00000e+00

           Step           Time
         354000      354.00000

   Energies (kJ/mol)
        G96Bond       G96Angle    Proper Dih.  Improper Dih.          LJ-14
    1.14847e+04    2.41573e+04    5.37535e+03    1.77655e+03    1.48347e+04
     Coulomb-14        LJ (SR)   Coulomb (SR)   Coul. recip.      Potential
   -1.08208e+05    7.51058e+04   -6.98288e+05    2.41850e+03   -6.71343e+05
    Kinetic En.   Total Energy  Conserved En.    Temperature Pressure (bar)
    1.42616e+05   -5.28727e+05   -4.89000e+05    2.99494e+02    2.23386e+01
   Constr. rmsd
    0.00000e+00

           Step           Time
         355000      355.00000

   Energies (kJ/mol)
        G96Bond       G96Angle    Proper Dih.  Improper Dih.          LJ-14
    1.12498e+04    2.41997e+04    5.23843e+03    1.62919e+03    1.53160e+04
     Coulomb-14        LJ (SR)   Coulomb (SR)   Coul. recip.      Potential
   -1.08273e+05    7.33102e+04   -6.95985e+05    2.35330e+03   -6.70961e+05
    Kinetic En.   Total Energy  Conserved En.    Temperature Pressure (bar)
    1.41860e+05   -5.29101e+05   -4.88800e+05    2.97907e+02   -1.24811e+01
   Constr. rmsd
    0.00000e+00

           Step           Time
         356000      356.00000

   Energies (kJ/mol)
        G96Bond       G96Angle    Proper Dih.  Improper Dih.          LJ-14
    1.13819e+04    2.40381e+04    5.36390e+03    1.80395e+03    1.51734e+04
     Coulomb-14        LJ (SR)   Coulomb (SR)   Coul. recip.      Potential
   -1.08063e+05    7.40285e+04   -6.96993e+05    2.38623e+03   -6.70881e+05
    Kinetic En.   Total Energy  Conserved En.    Temperature Pressure (bar)
    1.42307e+05   -5.28574e+05   -4.88764e+05    2.98844e+02    1.13007e+02
   Constr. rmsd
    0.00000e+00

           Step           Time
         357000      357.00000

   Energies (kJ/mol)
        G96Bond       G96Angle    Proper Dih.  Improper Dih.          LJ-14
    1.14619e+04    2.43625e+04    5.30452e+03    1.74022e+03    1.51247e+04
     Coulomb-14        LJ (SR)   Coulomb (SR)   Coul. recip.      Potential
   -1.08207e+05    7.46943e+04   -6.97231e+05    2.31025e+03   -6.70439e+05
    Kinetic En.   Total Energy  Conserved En.    Temperature Pressure (bar)
    1.42325e+05   -5.28114e+05   -4.88845e+05    2.98883e+02   -5.39637e+01
   Constr. rmsd
    0.00000e+00

           Step           Time
         358000      358.00000

   Energies (kJ/mol)
        G96Bond       G96Angle    Proper Dih.  Improper Dih.          LJ-14
    1.14577e+04    2.43120e+04    5.41427e+03    1.69942e+03    1.49823e+04
     Coulomb-14        LJ (SR)   Coulomb (SR)   Coul. recip.      Potential
   -1.08449e+05    7.39604e+04   -6.96029e+05    2.43477e+03   -6.70218e+05
    Kinetic En.   Total Energy  Conserved En.    Temperature Pressure (bar)
    1.42266e+05   -5.27951e+05   -4.88862e+05    2.98760e+02    5.61901e+00
   Constr. rmsd
    0.00000e+00

           Step           Time
         359000      359.00000

   Energies (kJ/mol)
        G96Bond       G96Angle    Proper Dih.  Improper Dih.          LJ-14
    1.09962e+04    2.44067e+04    5.26674e+03    1.69705e+03    1.51809e+04
     Coulomb-14        LJ (SR)   Coulomb (SR)   Coul. recip.      Potential
   -1.08293e+05    7.19089e+04   -6.93284e+05    2.29608e+03   -6.69824e+05
    Kinetic En.   Total Energy  Conserved En.    Temperature Pressure (bar)
    1.41608e+05   -5.28216e+05   -4.88932e+05    2.97376e+02   -5.39926e+01
   Constr. rmsd
    0.00000e+00

           Step           Time
         360000      360.00000

   Energies (kJ/mol)
        G96Bond       G96Angle    Proper Dih.  Improper Dih.          LJ-14
    1.11701e+04    2.42125e+04    5.27782e+03    1.74066e+03    1.51867e+04
     Coulomb-14        LJ (SR)   Coulomb (SR)   Coul. recip.      Potential
   -1.08398e+05    7.27690e+04   -6.94855e+05    2.40108e+03   -6.70496e+05
    Kinetic En.   Total Energy  Conserved En.    Temperature Pressure (bar)
    1.43870e+05   -5.26625e+05   -4.88906e+05    3.02128e+02   -5.84962e+01
   Constr. rmsd
    0.00000e+00

           Step           Time
         361000      361.00000

   Energies (kJ/mol)
        G96Bond       G96Angle    Proper Dih.  Improper Dih.          LJ-14
    1.14611e+04    2.41142e+04    5.31542e+03    1.75221e+03    1.49543e+04
     Coulomb-14        LJ (SR)   Coulomb (SR)   Coul. recip.      Potential
   -1.08380e+05    7.25730e+04   -6.94228e+05    2.39890e+03   -6.70039e+05
    Kinetic En.   Total Energy  Conserved En.    Temperature Pressure (bar)
    1.43267e+05   -5.26772e+05   -4.88877e+05    3.00862e+02   -8.49004e+01
   Constr. rmsd
    0.00000e+00

           Step           Time
         362000      362.00000

   Energies (kJ/mol)
        G96Bond       G96Angle    Proper Dih.  Improper Dih.          LJ-14
    1.12531e+04    2.38938e+04    5.21667e+03    1.85877e+03    1.50583e+04
     Coulomb-14        LJ (SR)   Coulomb (SR)   Coul. recip.      Potential
   -1.08152e+05    7.38518e+04   -6.95919e+05    2.30857e+03   -6.70630e+05
    Kinetic En.   Total Energy  Conserved En.    Temperature Pressure (bar)
    1.43027e+05   -5.27603e+05   -4.88923e+05    3.00357e+02    2.47065e+01
   Constr. rmsd
    0.00000e+00

           Step           Time
         363000      363.00000

   Energies (kJ/mol)
        G96Bond       G96Angle    Proper Dih.  Improper Dih.          LJ-14
    1.16159e+04    2.41308e+04    5.28847e+03    1.74821e+03    1.48968e+04
     Coulomb-14        LJ (SR)   Coulomb (SR)   Coul. recip.      Potential
   -1.08136e+05    7.38307e+04   -6.96858e+05    2.42379e+03   -6.71059e+05
    Kinetic En.   Total Energy  Conserved En.    Temperature Pressure (bar)
    1.42522e+05   -5.28537e+05   -4.88804e+05    2.99296e+02   -2.64961e+02
   Constr. rmsd
    0.00000e+00

           Step           Time
         364000      364.00000

   Energies (kJ/mol)
        G96Bond       G96Angle    Proper Dih.  Improper Dih.          LJ-14
    1.15368e+04    2.40063e+04    5.23716e+03    1.80236e+03    1.51987e+04
     Coulomb-14        LJ (SR)   Coulomb (SR)   Coul. recip.      Potential
   -1.08348e+05    7.53749e+04   -6.97615e+05    2.45702e+03   -6.70349e+05
    Kinetic En.   Total Energy  Conserved En.    Temperature Pressure (bar)
    1.42147e+05   -5.28202e+05   -4.88782e+05    2.98508e+02    9.32751e+01
   Constr. rmsd
    0.00000e+00

           Step           Time
         365000      365.00000

   Energies (kJ/mol)
        G96Bond       G96Angle    Proper Dih.  Improper Dih.          LJ-14
    1.14093e+04    2.42901e+04    5.31362e+03    1.82718e+03    1.49670e+04
     Coulomb-14        LJ (SR)   Coulomb (SR)   Coul. recip.      Potential
   -1.08246e+05    7.32937e+04   -6.96098e+05    2.41582e+03   -6.70827e+05
    Kinetic En.   Total Energy  Conserved En.    Temperature Pressure (bar)
    1.41416e+05   -5.29411e+05   -4.89015e+05    2.96974e+02   -1.77726e+02
   Constr. rmsd
    0.00000e+00

           Step           Time
         366000      366.00000

   Energies (kJ/mol)
        G96Bond       G96Angle    Proper Dih.  Improper Dih.          LJ-14
    1.09429e+04    2.40951e+04    5.33064e+03    1.81352e+03    1.52361e+04
     Coulomb-14        LJ (SR)   Coulomb (SR)   Coul. recip.      Potential
   -1.08319e+05    7.52846e+04   -6.97314e+05    2.37235e+03   -6.70558e+05
    Kinetic En.   Total Energy  Conserved En.    Temperature Pressure (bar)
    1.42220e+05   -5.28338e+05   -4.88871e+05    2.98663e+02    1.69865e+02
   Constr. rmsd
    0.00000e+00

           Step           Time
         367000      367.00000

   Energies (kJ/mol)
        G96Bond       G96Angle    Proper Dih.  Improper Dih.          LJ-14
    1.16484e+04    2.44702e+04    5.35127e+03    1.86252e+03    1.48751e+04
     Coulomb-14        LJ (SR)   Coulomb (SR)   Coul. recip.      Potential
   -1.08312e+05    7.51543e+04   -6.97790e+05    2.39720e+03   -6.70342e+05
    Kinetic En.   Total Energy  Conserved En.    Temperature Pressure (bar)
    1.43810e+05   -5.26533e+05   -4.88742e+05    3.02001e+02    7.02732e+00
   Constr. rmsd
    0.00000e+00

           Step           Time
         368000      368.00000

   Energies (kJ/mol)
        G96Bond       G96Angle    Proper Dih.  Improper Dih.          LJ-14
    1.14373e+04    2.44563e+04    5.34444e+03    1.78710e+03    1.51752e+04
     Coulomb-14        LJ (SR)   Coulomb (SR)   Coul. recip.      Potential
   -1.08230e+05    7.48840e+04   -6.96877e+05    2.46036e+03   -6.69562e+05
    Kinetic En.   Total Energy  Conserved En.    Temperature Pressure (bar)
    1.42536e+05   -5.27026e+05   -4.88548e+05    2.99326e+02    6.49043e+01
   Constr. rmsd
    0.00000e+00

           Step           Time
         369000      369.00000

   Energies (kJ/mol)
        G96Bond       G96Angle    Proper Dih.  Improper Dih.          LJ-14
    1.14793e+04    2.41608e+04    5.48575e+03    1.79610e+03    1.51039e+04
     Coulomb-14        LJ (SR)   Coulomb (SR)   Coul. recip.      Potential
   -1.08291e+05    7.35990e+04   -6.95076e+05    2.40334e+03   -6.69338e+05
    Kinetic En.   Total Energy  Conserved En.    Temperature Pressure (bar)
    1.42151e+05   -5.27187e+05   -4.88543e+05    2.98518e+02   -1.56582e+01
   Constr. rmsd
    0.00000e+00

           Step           Time
         370000      370.00000

   Energies (kJ/mol)
        G96Bond       G96Angle    Proper Dih.  Improper Dih.          LJ-14
    1.12245e+04    2.42677e+04    5.35879e+03    1.75821e+03    1.52916e+04
     Coulomb-14        LJ (SR)   Coulomb (SR)   Coul. recip.      Potential
   -1.08317e+05    7.48803e+04   -6.96541e+05    2.40612e+03   -6.69670e+05
    Kinetic En.   Total Energy  Conserved En.    Temperature Pressure (bar)
    1.42823e+05   -5.26848e+05   -4.88522e+05    2.99928e+02    2.83450e+02
   Constr. rmsd
    0.00000e+00

           Step           Time
         371000      371.00000

   Energies (kJ/mol)
        G96Bond       G96Angle    Proper Dih.  Improper Dih.          LJ-14
    1.15678e+04    2.41051e+04    5.29446e+03    1.75065e+03    1.48930e+04
     Coulomb-14        LJ (SR)   Coulomb (SR)   Coul. recip.      Potential
   -1.08005e+05    7.48621e+04   -6.97199e+05    2.36608e+03   -6.70365e+05
    Kinetic En.   Total Energy  Conserved En.    Temperature Pressure (bar)
    1.44346e+05   -5.26019e+05   -4.88643e+05    3.03127e+02   -1.20591e+01
   Constr. rmsd
    0.00000e+00

           Step           Time
         372000      372.00000

   Energies (kJ/mol)
        G96Bond       G96Angle    Proper Dih.  Improper Dih.          LJ-14
    1.14146e+04    2.44256e+04    5.45579e+03    1.81276e+03    1.48466e+04
     Coulomb-14        LJ (SR)   Coulomb (SR)   Coul. recip.      Potential
   -1.08253e+05    7.56263e+04   -6.97493e+05    2.38356e+03   -6.69780e+05
    Kinetic En.   Total Energy  Conserved En.    Temperature Pressure (bar)
    1.43664e+05   -5.26116e+05   -4.88585e+05    3.01695e+02    5.80439e+01
   Constr. rmsd
    0.00000e+00

           Step           Time
         373000      373.00000

   Energies (kJ/mol)
        G96Bond       G96Angle    Proper Dih.  Improper Dih.          LJ-14
    1.12247e+04    2.44177e+04    5.31956e+03    1.69627e+03    1.51211e+04
     Coulomb-14        LJ (SR)   Coulomb (SR)   Coul. recip.      Potential
   -1.08268e+05    7.35912e+04   -6.94935e+05    2.40410e+03   -6.69429e+05
    Kinetic En.   Total Energy  Conserved En.    Temperature Pressure (bar)
    1.43524e+05   -5.25905e+05   -4.88711e+05    3.01400e+02   -4.68329e+01
   Constr. rmsd
    0.00000e+00

           Step           Time
         374000      374.00000

   Energies (kJ/mol)
        G96Bond       G96Angle    Proper Dih.  Improper Dih.          LJ-14
    1.12980e+04    2.43300e+04    5.43869e+03    1.67894e+03    1.51258e+04
     Coulomb-14        LJ (SR)   Coulomb (SR)   Coul. recip.      Potential
   -1.08401e+05    7.38103e+04   -6.94713e+05    2.39474e+03   -6.69037e+05
    Kinetic En.   Total Energy  Conserved En.    Temperature Pressure (bar)
    1.42063e+05   -5.26974e+05   -4.88677e+05    2.98333e+02   -9.02311e+01
   Constr. rmsd
    0.00000e+00

           Step           Time
         375000      375.00000

   Energies (kJ/mol)
        G96Bond       G96Angle    Proper Dih.  Improper Dih.          LJ-14
    1.12190e+04    2.44226e+04    5.45253e+03    1.73888e+03    1.51180e+04
     Coulomb-14        LJ (SR)   Coulomb (SR)   Coul. recip.      Potential
   -1.08090e+05    7.40215e+04   -6.94760e+05    2.38818e+03   -6.68489e+05
    Kinetic En.   Total Energy  Conserved En.    Temperature Pressure (bar)
    1.42469e+05   -5.26020e+05   -4.88602e+05    2.99185e+02   -2.92559e+01
   Constr. rmsd
    0.00000e+00

           Step           Time
         376000      376.00000

   Energies (kJ/mol)
        G96Bond       G96Angle    Proper Dih.  Improper Dih.          LJ-14
    1.11518e+04    2.45929e+04    5.29654e+03    1.73120e+03    1.49295e+04
     Coulomb-14        LJ (SR)   Coulomb (SR)   Coul. recip.      Potential
   -1.07909e+05    7.36261e+04   -6.94746e+05    2.38024e+03   -6.68946e+05
    Kinetic En.   Total Energy  Conserved En.    Temperature Pressure (bar)
    1.42252e+05   -5.26694e+05   -4.88329e+05    2.98730e+02    2.34950e+01
   Constr. rmsd
    0.00000e+00

           Step           Time
         377000      377.00000

   Energies (kJ/mol)
        G96Bond       G96Angle    Proper Dih.  Improper Dih.          LJ-14
    1.10738e+04    2.40968e+04    5.29855e+03    1.81106e+03    1.52025e+04
     Coulomb-14        LJ (SR)   Coulomb (SR)   Coul. recip.      Potential
   -1.08156e+05    7.30003e+04   -6.94591e+05    2.45597e+03   -6.69808e+05
    Kinetic En.   Total Energy  Conserved En.    Temperature Pressure (bar)
    1.42990e+05   -5.26818e+05   -4.88319e+05    3.00279e+02    9.37929e+01
   Constr. rmsd
    0.00000e+00

           Step           Time
         378000      378.00000

   Energies (kJ/mol)
        G96Bond       G96Angle    Proper Dih.  Improper Dih.          LJ-14
    1.09991e+04    2.45045e+04    5.38746e+03    1.73440e+03    1.50887e+04
     Coulomb-14        LJ (SR)   Coulomb (SR)   Coul. recip.      Potential
   -1.07938e+05    7.45558e+04   -6.96770e+05    2.39348e+03   -6.70044e+05
    Kinetic En.   Total Energy  Conserved En.    Temperature Pressure (bar)
    1.43185e+05   -5.26859e+05   -4.88228e+05    3.00689e+02    2.36069e+02
   Constr. rmsd
    0.00000e+00

           Step           Time
         379000      379.00000

   Energies (kJ/mol)
        G96Bond       G96Angle    Proper Dih.  Improper Dih.          LJ-14
    1.15820e+04    2.44681e+04    5.44293e+03    1.74134e+03    1.50916e+04
     Coulomb-14        LJ (SR)   Coulomb (SR)   Coul. recip.      Potential
   -1.07835e+05    7.30238e+04   -6.95021e+05    2.40195e+03   -6.69104e+05
    Kinetic En.   Total Energy  Conserved En.    Temperature Pressure (bar)
    1.42741e+05   -5.26363e+05   -4.88272e+05    2.99757e+02   -4.49986e+00
   Constr. rmsd
    0.00000e+00

           Step           Time
         380000      380.00000

   Energies (kJ/mol)
        G96Bond       G96Angle    Proper Dih.  Improper Dih.          LJ-14
    1.11824e+04    2.38432e+04    5.31337e+03    1.78931e+03    1.52374e+04
     Coulomb-14        LJ (SR)   Coulomb (SR)   Coul. recip.      Potential
   -1.08028e+05    7.39442e+04   -6.95919e+05    2.30656e+03   -6.70330e+05
    Kinetic En.   Total Energy  Conserved En.    Temperature Pressure (bar)
    1.42657e+05   -5.27673e+05   -4.88283e+05    2.99580e+02    9.50724e+00
   Constr. rmsd
    0.00000e+00

           Step           Time
         381000      381.00000

   Energies (kJ/mol)
        G96Bond       G96Angle    Proper Dih.  Improper Dih.          LJ-14
    1.12360e+04    2.42184e+04    5.38158e+03    1.76776e+03    1.48552e+04
     Coulomb-14        LJ (SR)   Coulomb (SR)   Coul. recip.      Potential
   -1.08230e+05    7.36704e+04   -6.95684e+05    2.37478e+03   -6.70409e+05
    Kinetic En.   Total Energy  Conserved En.    Temperature Pressure (bar)
    1.42026e+05   -5.28383e+05   -4.88254e+05    2.98254e+02   -1.38994e+02
   Constr. rmsd
    0.00000e+00

           Step           Time
         382000      382.00000

   Energies (kJ/mol)
        G96Bond       G96Angle    Proper Dih.  Improper Dih.          LJ-14
    1.15503e+04    2.42080e+04    5.32953e+03    1.74086e+03    1.48788e+04
     Coulomb-14        LJ (SR)   Coulomb (SR)   Coul. recip.      Potential
   -1.08168e+05    7.43359e+04   -6.96251e+05    2.32816e+03   -6.70048e+05
    Kinetic En.   Total Energy  Conserved En.    Temperature Pressure (bar)
    1.43140e+05   -5.26908e+05   -4.88151e+05    3.00594e+02    2.03855e+01
   Constr. rmsd
    0.00000e+00

           Step           Time
         383000      383.00000

   Energies (kJ/mol)
        G96Bond       G96Angle    Proper Dih.  Improper Dih.          LJ-14
    1.12129e+04    2.39221e+04    5.39090e+03    1.79248e+03    1.50255e+04
     Coulomb-14        LJ (SR)   Coulomb (SR)   Coul. recip.      Potential
   -1.08125e+05    7.41665e+04   -6.95575e+05    2.46702e+03   -6.69723e+05
    Kinetic En.   Total Energy  Conserved En.    Temperature Pressure (bar)
    1.42527e+05   -5.27196e+05   -4.88103e+05    2.99307e+02    1.11218e+02
   Constr. rmsd
    0.00000e+00

           Step           Time
         384000      384.00000

   Energies (kJ/mol)
        G96Bond       G96Angle    Proper Dih.  Improper Dih.          LJ-14
    1.12064e+04    2.42125e+04    5.25177e+03    1.75984e+03    1.50486e+04
     Coulomb-14        LJ (SR)   Coulomb (SR)   Coul. recip.      Potential
   -1.08318e+05    7.38342e+04   -6.95362e+05    2.35691e+03   -6.70010e+05
    Kinetic En.   Total Energy  Conserved En.    Temperature Pressure (bar)
    1.43050e+05   -5.26960e+05   -4.88157e+05    3.00406e+02   -5.99819e+01
   Constr. rmsd
    0.00000e+00

           Step           Time
         385000      385.00000

   Energies (kJ/mol)
        G96Bond       G96Angle    Proper Dih.  Improper Dih.          LJ-14
    1.14938e+04    2.40845e+04    5.32941e+03    1.66794e+03    1.49938e+04
     Coulomb-14        LJ (SR)   Coulomb (SR)   Coul. recip.      Potential
   -1.08528e+05    7.48570e+04   -6.96080e+05    2.44963e+03   -6.69732e+05
    Kinetic En.   Total Energy  Conserved En.    Temperature Pressure (bar)
    1.43055e+05   -5.26677e+05   -4.88125e+05    3.00416e+02    8.63531e+01
   Constr. rmsd
    0.00000e+00

           Step           Time
         386000      386.00000

   Energies (kJ/mol)
        G96Bond       G96Angle    Proper Dih.  Improper Dih.          LJ-14
    1.13232e+04    2.40379e+04    5.39489e+03    1.81332e+03    1.52251e+04
     Coulomb-14        LJ (SR)   Coulomb (SR)   Coul. recip.      Potential
   -1.08114e+05    7.27577e+04   -6.94427e+05    2.33291e+03   -6.69656e+05
    Kinetic En.   Total Energy  Conserved En.    Temperature Pressure (bar)
    1.42356e+05   -5.27300e+05   -4.88109e+05    2.98949e+02    4.44991e+00
   Constr. rmsd
    0.00000e+00

           Step           Time
         387000      387.00000

   Energies (kJ/mol)
        G96Bond       G96Angle    Proper Dih.  Improper Dih.          LJ-14
    1.12289e+04    2.39025e+04    5.39682e+03    1.70767e+03    1.47719e+04
     Coulomb-14        LJ (SR)   Coulomb (SR)   Coul. recip.      Potential
   -1.08264e+05    7.57593e+04   -6.98127e+05    2.37838e+03   -6.71246e+05
    Kinetic En.   Total Energy  Conserved En.    Temperature Pressure (bar)
    1.43352e+05   -5.27894e+05   -4.88095e+05    3.01040e+02    6.54042e+01
   Constr. rmsd
    0.00000e+00

           Step           Time
         388000      388.00000

   Energies (kJ/mol)
        G96Bond       G96Angle    Proper Dih.  Improper Dih.          LJ-14
    1.16514e+04    2.40876e+04    5.32622e+03    1.67439e+03    1.48704e+04
     Coulomb-14        LJ (SR)   Coulomb (SR)   Coul. recip.      Potential
   -1.08362e+05    7.44823e+04   -6.96588e+05    2.45330e+03   -6.70404e+05
    Kinetic En.   Total Energy  Conserved En.    Temperature Pressure (bar)
    1.43138e+05   -5.27266e+05   -4.87939e+05    3.00589e+02   -2.16198e+01
   Constr. rmsd
    0.00000e+00

           Step           Time
         389000      389.00000

   Energies (kJ/mol)
        G96Bond       G96Angle    Proper Dih.  Improper Dih.          LJ-14
    1.14216e+04    2.41875e+04    5.46204e+03    1.74355e+03    1.51011e+04
     Coulomb-14        LJ (SR)   Coulomb (SR)   Coul. recip.      Potential
   -1.08371e+05    7.26733e+04   -6.94527e+05    2.41407e+03   -6.69895e+05
    Kinetic En.   Total Energy  Conserved En.    Temperature Pressure (bar)
    1.42880e+05   -5.27014e+05   -4.87932e+05    3.00049e+02    4.51448e+01
   Constr. rmsd
    0.00000e+00

           Step           Time
         390000      390.00000

   Energies (kJ/mol)
        G96Bond       G96Angle    Proper Dih.  Improper Dih.          LJ-14
    1.17210e+04    2.42765e+04    5.31712e+03    1.84540e+03    1.49591e+04
     Coulomb-14        LJ (SR)   Coulomb (SR)   Coul. recip.      Potential
   -1.08150e+05    7.47267e+04   -6.96937e+05    2.38353e+03   -6.69857e+05
    Kinetic En.   Total Energy  Conserved En.    Temperature Pressure (bar)
    1.43013e+05   -5.26844e+05   -4.87803e+05    3.00327e+02    1.60195e+02
   Constr. rmsd
    0.00000e+00

           Step           Time
         391000      391.00000

   Energies (kJ/mol)
        G96Bond       G96Angle    Proper Dih.  Improper Dih.          LJ-14
    1.13747e+04    2.39426e+04    5.40394e+03    1.65598e+03    1.50695e+04
     Coulomb-14        LJ (SR)   Coulomb (SR)   Coul. recip.      Potential
   -1.08484e+05    7.45753e+04   -6.96714e+05    2.28576e+03   -6.70890e+05
    Kinetic En.   Total Energy  Conserved En.    Temperature Pressure (bar)
    1.42910e+05   -5.27980e+05   -4.87782e+05    3.00111e+02    1.62766e+02
   Constr. rmsd
    0.00000e+00

           Step           Time
         392000      392.00000

   Energies (kJ/mol)
        G96Bond       G96Angle    Proper Dih.  Improper Dih.          LJ-14
    1.13038e+04    2.39655e+04    5.30971e+03    1.69319e+03    1.51253e+04
     Coulomb-14        LJ (SR)   Coulomb (SR)   Coul. recip.      Potential
   -1.08428e+05    7.56775e+04   -6.97190e+05    2.46134e+03   -6.70081e+05
    Kinetic En.   Total Energy  Conserved En.    Temperature Pressure (bar)
    1.42014e+05   -5.28067e+05   -4.87869e+05    2.98230e+02    1.37483e+02
   Constr. rmsd
    0.00000e+00

           Step           Time
         393000      393.00000

   Energies (kJ/mol)
        G96Bond       G96Angle    Proper Dih.  Improper Dih.          LJ-14
    1.10611e+04    2.39486e+04    5.30603e+03    1.72219e+03    1.50099e+04
     Coulomb-14        LJ (SR)   Coulomb (SR)   Coul. recip.      Potential
   -1.08433e+05    7.36397e+04   -6.95117e+05    2.37148e+03   -6.70491e+05
    Kinetic En.   Total Energy  Conserved En.    Temperature Pressure (bar)
    1.42102e+05   -5.28389e+05   -4.87889e+05    2.98415e+02   -1.07713e+02
   Constr. rmsd
    0.00000e+00

           Step           Time
         394000      394.00000

   Energies (kJ/mol)
        G96Bond       G96Angle    Proper Dih.  Improper Dih.          LJ-14
    1.13078e+04    2.41501e+04    5.22330e+03    1.75720e+03    1.50102e+04
     Coulomb-14        LJ (SR)   Coulomb (SR)   Coul. recip.      Potential
   -1.08341e+05    7.41805e+04   -6.95605e+05    2.37626e+03   -6.69941e+05
    Kinetic En.   Total Energy  Conserved En.    Temperature Pressure (bar)
    1.41904e+05   -5.28037e+05   -4.87892e+05    2.97998e+02    7.14541e+01
   Constr. rmsd
    0.00000e+00

           Step           Time
         395000      395.00000

   Energies (kJ/mol)
        G96Bond       G96Angle    Proper Dih.  Improper Dih.          LJ-14
    1.11245e+04    2.42924e+04    5.28156e+03    1.75282e+03    1.51851e+04
     Coulomb-14        LJ (SR)   Coulomb (SR)   Coul. recip.      Potential
   -1.08648e+05    7.37106e+04   -6.94186e+05    2.30891e+03   -6.69179e+05
    Kinetic En.   Total Energy  Conserved En.    Temperature Pressure (bar)
    1.42008e+05   -5.27171e+05   -4.87777e+05    2.98217e+02    1.28908e+02
   Constr. rmsd
    0.00000e+00

           Step           Time
         396000      396.00000

   Energies (kJ/mol)
        G96Bond       G96Angle    Proper Dih.  Improper Dih.          LJ-14
    1.14108e+04    2.37806e+04    5.29359e+03    1.81633e+03    1.52475e+04
     Coulomb-14        LJ (SR)   Coulomb (SR)   Coul. recip.      Potential
   -1.08719e+05    7.41570e+04   -6.95506e+05    2.38328e+03   -6.70135e+05
    Kinetic En.   Total Energy  Conserved En.    Temperature Pressure (bar)
    1.43562e+05   -5.26573e+05   -4.87879e+05    3.01481e+02    1.11082e+02
   Constr. rmsd
    0.00000e+00

           Step           Time
         397000      397.00000

   Energies (kJ/mol)
        G96Bond       G96Angle    Proper Dih.  Improper Dih.          LJ-14
    1.14544e+04    2.40997e+04    5.54640e+03    1.76078e+03    1.51774e+04
     Coulomb-14        LJ (SR)   Coulomb (SR)   Coul. recip.      Potential
   -1.08702e+05    7.40069e+04   -6.95883e+05    2.40465e+03   -6.70134e+05
    Kinetic En.   Total Energy  Conserved En.    Temperature Pressure (bar)
    1.43233e+05   -5.26901e+05   -4.87745e+05    3.00791e+02   -3.75920e+01
   Constr. rmsd
    0.00000e+00

           Step           Time
         398000      398.00000

   Energies (kJ/mol)
        G96Bond       G96Angle    Proper Dih.  Improper Dih.          LJ-14
    1.12383e+04    2.40513e+04    5.30728e+03    1.74356e+03    1.52362e+04
     Coulomb-14        LJ (SR)   Coulomb (SR)   Coul. recip.      Potential
   -1.08546e+05    7.48579e+04   -6.97201e+05    2.39764e+03   -6.70915e+05
    Kinetic En.   Total Energy  Conserved En.    Temperature Pressure (bar)
    1.43387e+05   -5.27528e+05   -4.87798e+05    3.01112e+02    1.41669e+02
   Constr. rmsd
    0.00000e+00

           Step           Time
         399000      399.00000

   Energies (kJ/mol)
        G96Bond       G96Angle    Proper Dih.  Improper Dih.          LJ-14
    1.13573e+04    2.39172e+04    5.33511e+03    1.70280e+03    1.52996e+04
     Coulomb-14        LJ (SR)   Coulomb (SR)   Coul. recip.      Potential
   -1.08351e+05    7.36214e+04   -6.95501e+05    2.38368e+03   -6.70236e+05
    Kinetic En.   Total Energy  Conserved En.    Temperature Pressure (bar)
    1.43026e+05   -5.27210e+05   -4.87816e+05    3.00355e+02   -4.37242e+01
   Constr. rmsd
    0.00000e+00

           Step           Time
         400000      400.00000

   Energies (kJ/mol)
        G96Bond       G96Angle    Proper Dih.  Improper Dih.          LJ-14
    1.11923e+04    2.41023e+04    5.33267e+03    1.79141e+03    1.49900e+04
     Coulomb-14        LJ (SR)   Coulomb (SR)   Coul. recip.      Potential
   -1.08257e+05    7.42567e+04   -6.95323e+05    2.45068e+03   -6.69464e+05
    Kinetic En.   Total Energy  Conserved En.    Temperature Pressure (bar)
    1.42865e+05   -5.26599e+05   -4.87847e+05    3.00017e+02    3.75115e+01
   Constr. rmsd
    0.00000e+00

           Step           Time
         401000      401.00000

   Energies (kJ/mol)
        G96Bond       G96Angle    Proper Dih.  Improper Dih.          LJ-14
    1.11087e+04    2.44169e+04    5.45248e+03    1.80117e+03    1.51489e+04
     Coulomb-14        LJ (SR)   Coulomb (SR)   Coul. recip.      Potential
   -1.08521e+05    7.29510e+04   -6.93753e+05    2.43449e+03   -6.68960e+05
    Kinetic En.   Total Energy  Conserved En.    Temperature Pressure (bar)
    1.42343e+05   -5.26617e+05   -4.87807e+05    2.98921e+02    3.19975e+01
   Constr. rmsd
    0.00000e+00

           Step           Time
         402000      402.00000

   Energies (kJ/mol)
        G96Bond       G96Angle    Proper Dih.  Improper Dih.          LJ-14
    1.11248e+04    2.40282e+04    5.31098e+03    1.80208e+03    1.50936e+04
     Coulomb-14        LJ (SR)   Coulomb (SR)   Coul. recip.      Potential
   -1.08352e+05    7.37245e+04   -6.94405e+05    2.34534e+03   -6.69327e+05
    Kinetic En.   Total Energy  Conserved En.    Temperature Pressure (bar)
    1.42991e+05   -5.26336e+05   -4.87778e+05    3.00282e+02    7.53365e+01
   Constr. rmsd
    0.00000e+00

           Step           Time
         403000      403.00000

   Energies (kJ/mol)
        G96Bond       G96Angle    Proper Dih.  Improper Dih.          LJ-14
    1.11196e+04    2.40927e+04    5.36005e+03    1.69031e+03    1.52536e+04
     Coulomb-14        LJ (SR)   Coulomb (SR)   Coul. recip.      Potential
   -1.08379e+05    7.25776e+04   -6.93737e+05    2.39433e+03   -6.69628e+05
    Kinetic En.   Total Energy  Conserved En.    Temperature Pressure (bar)
    1.42536e+05   -5.27092e+05   -4.87640e+05    2.99325e+02    3.86203e+01
   Constr. rmsd
    0.00000e+00

           Step           Time
         404000      404.00000

   Energies (kJ/mol)
        G96Bond       G96Angle    Proper Dih.  Improper Dih.          LJ-14
    1.12313e+04    2.44829e+04    5.33163e+03    1.72120e+03    1.51239e+04
     Coulomb-14        LJ (SR)   Coulomb (SR)   Coul. recip.      Potential
   -1.08428e+05    7.44759e+04   -6.95890e+05    2.40562e+03   -6.69545e+05
    Kinetic En.   Total Energy  Conserved En.    Temperature Pressure (bar)
    1.42103e+05   -5.27443e+05   -4.87681e+05    2.98416e+02    7.53893e+00
   Constr. rmsd
    0.00000e+00

           Step           Time
         405000      405.00000

   Energies (kJ/mol)
        G96Bond       G96Angle    Proper Dih.  Improper Dih.          LJ-14
    1.13274e+04    2.39398e+04    5.40990e+03    1.76433e+03    1.49725e+04
     Coulomb-14        LJ (SR)   Coulomb (SR)   Coul. recip.      Potential
   -1.08347e+05    7.31670e+04   -6.94392e+05    2.43329e+03   -6.69724e+05
    Kinetic En.   Total Energy  Conserved En.    Temperature Pressure (bar)
    1.42354e+05   -5.27371e+05   -4.87588e+05    2.98944e+02   -1.05293e+02
   Constr. rmsd
    0.00000e+00

           Step           Time
         406000      406.00000

   Energies (kJ/mol)
        G96Bond       G96Angle    Proper Dih.  Improper Dih.          LJ-14
    1.13804e+04    2.41816e+04    5.30681e+03    1.72760e+03    1.48259e+04
     Coulomb-14        LJ (SR)   Coulomb (SR)   Coul. recip.      Potential
   -1.08296e+05    7.34458e+04   -6.93511e+05    2.48065e+03   -6.68458e+05
    Kinetic En.   Total Energy  Conserved En.    Temperature Pressure (bar)
    1.42859e+05   -5.25599e+05   -4.87473e+05    3.00005e+02   -1.73418e+02
   Constr. rmsd
    0.00000e+00

           Step           Time
         407000      407.00000

   Energies (kJ/mol)
        G96Bond       G96Angle    Proper Dih.  Improper Dih.          LJ-14
    1.17584e+04    2.36856e+04    5.32707e+03    1.62623e+03    1.50549e+04
     Coulomb-14        LJ (SR)   Coulomb (SR)   Coul. recip.      Potential
   -1.08107e+05    7.38759e+04   -6.94791e+05    2.37439e+03   -6.69195e+05
    Kinetic En.   Total Energy  Conserved En.    Temperature Pressure (bar)
    1.43328e+05   -5.25867e+05   -4.87523e+05    3.00990e+02    5.81626e+01
   Constr. rmsd
    0.00000e+00

           Step           Time
         408000      408.00000

   Energies (kJ/mol)
        G96Bond       G96Angle    Proper Dih.  Improper Dih.          LJ-14
    1.10811e+04    2.41285e+04    5.27708e+03    1.80383e+03    1.52421e+04
     Coulomb-14        LJ (SR)   Coulomb (SR)   Coul. recip.      Potential
   -1.08129e+05    7.29546e+04   -6.93677e+05    2.33051e+03   -6.68989e+05
    Kinetic En.   Total Energy  Conserved En.    Temperature Pressure (bar)
    1.43062e+05   -5.25927e+05   -4.87460e+05    3.00431e+02    5.31783e+01
   Constr. rmsd
    0.00000e+00

           Step           Time
         409000      409.00000

   Energies (kJ/mol)
        G96Bond       G96Angle    Proper Dih.  Improper Dih.          LJ-14
    1.15104e+04    2.39489e+04    5.30749e+03    1.74250e+03    1.50541e+04
     Coulomb-14        LJ (SR)   Coulomb (SR)   Coul. recip.      Potential
   -1.08498e+05    7.38100e+04   -6.94953e+05    2.39063e+03   -6.69687e+05
    Kinetic En.   Total Energy  Conserved En.    Temperature Pressure (bar)
    1.42959e+05   -5.26728e+05   -4.87542e+05    3.00214e+02   -5.53198e+01
   Constr. rmsd
    0.00000e+00

           Step           Time
         410000      410.00000

   Energies (kJ/mol)
        G96Bond       G96Angle    Proper Dih.  Improper Dih.          LJ-14
    1.12995e+04    2.43785e+04    5.22048e+03    1.68299e+03    1.49704e+04
     Coulomb-14        LJ (SR)   Coulomb (SR)   Coul. recip.      Potential
   -1.08169e+05    7.41208e+04   -6.95238e+05    2.45284e+03   -6.69281e+05
    Kinetic En.   Total Energy  Conserved En.    Temperature Pressure (bar)
    1.43261e+05   -5.26020e+05   -4.87646e+05    3.00848e+02    4.54610e+00
   Constr. rmsd
    0.00000e+00

           Step           Time
         411000      411.00000

   Energies (kJ/mol)
        G96Bond       G96Angle    Proper Dih.  Improper Dih.          LJ-14
    1.14551e+04    2.41301e+04    5.41775e+03    1.79794e+03    1.52570e+04
     Coulomb-14        LJ (SR)   Coulomb (SR)   Coul. recip.      Potential
   -1.08592e+05    7.20793e+04   -6.92080e+05    2.49297e+03   -6.68042e+05
    Kinetic En.   Total Energy  Conserved En.    Temperature Pressure (bar)
    1.41890e+05   -5.26151e+05   -4.87472e+05    2.97970e+02   -3.22110e+01
   Constr. rmsd
    0.00000e+00

           Step           Time
         412000      412.00000

   Energies (kJ/mol)
        G96Bond       G96Angle    Proper Dih.  Improper Dih.          LJ-14
    1.16166e+04    2.43830e+04    5.40841e+03    1.72357e+03    1.47096e+04
     Coulomb-14        LJ (SR)   Coulomb (SR)   Coul. recip.      Potential
   -1.08382e+05    7.23328e+04   -6.92666e+05    2.39716e+03   -6.68477e+05
    Kinetic En.   Total Energy  Conserved En.    Temperature Pressure (bar)
    1.42320e+05   -5.26157e+05   -4.87420e+05    2.98872e+02   -3.24136e+02
   Constr. rmsd
    0.00000e+00

           Step           Time
         413000      413.00000

   Energies (kJ/mol)
        G96Bond       G96Angle    Proper Dih.  Improper Dih.          LJ-14
    1.14551e+04    2.43583e+04    5.38343e+03    1.74141e+03    1.49348e+04
     Coulomb-14        LJ (SR)   Coulomb (SR)   Coul. recip.      Potential
   -1.08276e+05    7.49333e+04   -6.95796e+05    2.52421e+03   -6.68741e+05
    Kinetic En.   Total Energy  Conserved En.    Temperature Pressure (bar)
    1.42296e+05   -5.26445e+05   -4.87355e+05    2.98822e+02    2.03964e+02
   Constr. rmsd
    0.00000e+00

           Step           Time
         414000      414.00000

   Energies (kJ/mol)
        G96Bond       G96Angle    Proper Dih.  Improper Dih.          LJ-14
    1.13671e+04    2.43293e+04    5.48057e+03    1.72677e+03    1.50958e+04
     Coulomb-14        LJ (SR)   Coulomb (SR)   Coul. recip.      Potential
   -1.08333e+05    7.45421e+04   -6.95203e+05    2.34823e+03   -6.68646e+05
    Kinetic En.   Total Energy  Conserved En.    Temperature Pressure (bar)
    1.42029e+05   -5.26617e+05   -4.87391e+05    2.98262e+02    1.28845e+02
   Constr. rmsd
    0.00000e+00

           Step           Time
         415000      415.00000

   Energies (kJ/mol)
        G96Bond       G96Angle    Proper Dih.  Improper Dih.          LJ-14
    1.14608e+04    2.39452e+04    5.45650e+03    1.66641e+03    1.51704e+04
     Coulomb-14        LJ (SR)   Coulomb (SR)   Coul. recip.      Potential
   -1.08397e+05    7.41685e+04   -6.95557e+05    2.48647e+03   -6.69599e+05
    Kinetic En.   Total Energy  Conserved En.    Temperature Pressure (bar)
    1.42042e+05   -5.27558e+05   -4.87572e+05    2.98288e+02    5.95020e+00
   Constr. rmsd
    0.00000e+00

           Step           Time
         416000      416.00000

   Energies (kJ/mol)
        G96Bond       G96Angle    Proper Dih.  Improper Dih.          LJ-14
    1.13920e+04    2.39338e+04    5.40006e+03    1.76654e+03    1.51619e+04
     Coulomb-14        LJ (SR)   Coulomb (SR)   Coul. recip.      Potential
   -1.08367e+05    7.49413e+04   -6.97058e+05    2.34668e+03   -6.70482e+05
    Kinetic En.   Total Energy  Conserved En.    Temperature Pressure (bar)
    1.42105e+05   -5.28378e+05   -4.87593e+05    2.98420e+02    2.09082e+01
   Constr. rmsd
    0.00000e+00

           Step           Time
         417000      417.00000

   Energies (kJ/mol)
        G96Bond       G96Angle    Proper Dih.  Improper Dih.          LJ-14
    1.12495e+04    2.41203e+04    5.36203e+03    1.72876e+03    1.50067e+04
     Coulomb-14        LJ (SR)   Coulomb (SR)   Coul. recip.      Potential
   -1.08222e+05    7.48187e+04   -6.96232e+05    2.44734e+03   -6.69720e+05
    Kinetic En.   Total Energy  Conserved En.    Temperature Pressure (bar)
    1.41770e+05   -5.27950e+05   -4.87509e+05    2.97717e+02    7.74786e+01
   Constr. rmsd
    0.00000e+00

           Step           Time
         418000      418.00000

   Energies (kJ/mol)
        G96Bond       G96Angle    Proper Dih.  Improper Dih.          LJ-14
    1.11226e+04    2.39706e+04    5.33443e+03    1.75182e+03    1.52888e+04
     Coulomb-14        LJ (SR)   Coulomb (SR)   Coul. recip.      Potential
   -1.08619e+05    7.42628e+04   -6.95421e+05    2.35850e+03   -6.69950e+05
    Kinetic En.   Total Energy  Conserved En.    Temperature Pressure (bar)
    1.42923e+05   -5.27027e+05   -4.87294e+05    3.00139e+02    2.41962e+02
   Constr. rmsd
    0.00000e+00

           Step           Time
         419000      419.00000

   Energies (kJ/mol)
        G96Bond       G96Angle    Proper Dih.  Improper Dih.          LJ-14
    1.14135e+04    2.45257e+04    5.33509e+03    1.76064e+03    1.46422e+04
     Coulomb-14        LJ (SR)   Coulomb (SR)   Coul. recip.      Potential
   -1.08176e+05    7.44002e+04   -6.96222e+05    2.38694e+03   -6.69934e+05
    Kinetic En.   Total Energy  Conserved En.    Temperature Pressure (bar)
    1.42452e+05   -5.27482e+05   -4.87141e+05    2.99150e+02    4.03209e+00
   Constr. rmsd
    0.00000e+00

           Step           Time
         420000      420.00000

   Energies (kJ/mol)
        G96Bond       G96Angle    Proper Dih.  Improper Dih.          LJ-14
    1.14701e+04    2.39708e+04    5.35772e+03    1.73599e+03    1.51172e+04
     Coulomb-14        LJ (SR)   Coulomb (SR)   Coul. recip.      Potential
   -1.08223e+05    7.50043e+04   -6.96692e+05    2.41283e+03   -6.69847e+05
    Kinetic En.   Total Energy  Conserved En.    Temperature Pressure (bar)
    1.42467e+05   -5.27380e+05   -4.87147e+05    2.99181e+02    1.20377e+02
   Constr. rmsd
    0.00000e+00

           Step           Time
         421000      421.00000

   Energies (kJ/mol)
        G96Bond       G96Angle    Proper Dih.  Improper Dih.          LJ-14
    1.13070e+04    2.41160e+04    5.32540e+03    1.76753e+03    1.52807e+04
     Coulomb-14        LJ (SR)   Coulomb (SR)   Coul. recip.      Potential
   -1.08454e+05    7.48934e+04   -6.96393e+05    2.45030e+03   -6.69707e+05
    Kinetic En.   Total Energy  Conserved En.    Temperature Pressure (bar)
    1.41983e+05   -5.27724e+05   -4.87272e+05    2.98165e+02    1.47066e+02
   Constr. rmsd
    0.00000e+00

           Step           Time
         422000      422.00000

   Energies (kJ/mol)
        G96Bond       G96Angle    Proper Dih.  Improper Dih.          LJ-14
    1.11293e+04    2.41582e+04    5.38698e+03    1.72765e+03    1.50630e+04
     Coulomb-14        LJ (SR)   Coulomb (SR)   Coul. recip.      Potential
   -1.08364e+05    7.37689e+04   -6.96408e+05    2.39273e+03   -6.71146e+05
    Kinetic En.   Total Energy  Conserved En.    Temperature Pressure (bar)
    1.43067e+05   -5.28078e+05   -4.87082e+05    3.00442e+02   -1.81302e+02
   Constr. rmsd
    0.00000e+00

           Step           Time
         423000      423.00000

   Energies (kJ/mol)
        G96Bond       G96Angle    Proper Dih.  Improper Dih.          LJ-14
    1.12855e+04    2.45306e+04    5.31985e+03    1.72278e+03    1.50894e+04
     Coulomb-14        LJ (SR)   Coulomb (SR)   Coul. recip.      Potential
   -1.08360e+05    7.37360e+04   -6.94924e+05    2.34246e+03   -6.69257e+05
    Kinetic En.   Total Energy  Conserved En.    Temperature Pressure (bar)
    1.42605e+05   -5.26653e+05   -4.86998e+05    2.99470e+02   -2.31797e+01
   Constr. rmsd
    0.00000e+00

           Step           Time
         424000      424.00000

   Energies (kJ/mol)
        G96Bond       G96Angle    Proper Dih.  Improper Dih.          LJ-14
    1.14246e+04    2.44596e+04    5.25284e+03    1.69127e+03    1.50120e+04
     Coulomb-14        LJ (SR)   Coulomb (SR)   Coul. recip.      Potential
   -1.08368e+05    7.45245e+04   -6.95821e+05    2.30106e+03   -6.69523e+05
    Kinetic En.   Total Energy  Conserved En.    Temperature Pressure (bar)
    1.42942e+05   -5.26580e+05   -4.86895e+05    3.00179e+02    1.49717e+02
   Constr. rmsd
    0.00000e+00

           Step           Time
         425000      425.00000

   Energies (kJ/mol)
        G96Bond       G96Angle    Proper Dih.  Improper Dih.          LJ-14
    1.15270e+04    2.41997e+04    5.36764e+03    1.84519e+03    1.49591e+04
     Coulomb-14        LJ (SR)   Coulomb (SR)   Coul. recip.      Potential
   -1.08359e+05    7.24091e+04   -6.93839e+05    2.33518e+03   -6.69555e+05
    Kinetic En.   Total Energy  Conserved En.    Temperature Pressure (bar)
    1.42525e+05   -5.27030e+05   -4.86894e+05    2.99303e+02   -3.03081e+02
   Constr. rmsd
    0.00000e+00

           Step           Time
         426000      426.00000

   Energies (kJ/mol)
        G96Bond       G96Angle    Proper Dih.  Improper Dih.          LJ-14
    1.15272e+04    2.41429e+04    5.29621e+03    1.79177e+03    1.51120e+04
     Coulomb-14        LJ (SR)   Coulomb (SR)   Coul. recip.      Potential
   -1.08630e+05    7.33119e+04   -6.94384e+05    2.40207e+03   -6.69430e+05
    Kinetic En.   Total Energy  Conserved En.    Temperature Pressure (bar)
    1.42379e+05   -5.27050e+05   -4.87041e+05    2.98997e+02   -1.86144e+02
   Constr. rmsd
    0.00000e+00

           Step           Time
         427000      427.00000

   Energies (kJ/mol)
        G96Bond       G96Angle    Proper Dih.  Improper Dih.          LJ-14
    1.09976e+04    2.40891e+04    5.44078e+03    1.79516e+03    1.50859e+04
     Coulomb-14        LJ (SR)   Coulomb (SR)   Coul. recip.      Potential
   -1.08427e+05    7.44368e+04   -6.95626e+05    2.38067e+03   -6.69828e+05
    Kinetic En.   Total Energy  Conserved En.    Temperature Pressure (bar)
    1.42964e+05   -5.26864e+05   -4.87144e+05    3.00225e+02    1.11873e+02
   Constr. rmsd
    0.00000e+00

           Step           Time
         428000      428.00000

   Energies (kJ/mol)
        G96Bond       G96Angle    Proper Dih.  Improper Dih.          LJ-14
    1.13722e+04    2.40342e+04    5.31813e+03    1.84328e+03    1.52706e+04
     Coulomb-14        LJ (SR)   Coulomb (SR)   Coul. recip.      Potential
   -1.08546e+05    7.41819e+04   -6.95215e+05    2.34447e+03   -6.69397e+05
    Kinetic En.   Total Energy  Conserved En.    Temperature Pressure (bar)
    1.41634e+05   -5.27762e+05   -4.86965e+05    2.97432e+02    5.24788e+01
   Constr. rmsd
    0.00000e+00

           Step           Time
         429000      429.00000

   Energies (kJ/mol)
        G96Bond       G96Angle    Proper Dih.  Improper Dih.          LJ-14
    1.13024e+04    2.40088e+04    5.44302e+03    1.76327e+03    1.51715e+04
     Coulomb-14        LJ (SR)   Coulomb (SR)   Coul. recip.      Potential
   -1.08342e+05    7.40780e+04   -6.95388e+05    2.35457e+03   -6.69609e+05
    Kinetic En.   Total Energy  Conserved En.    Temperature Pressure (bar)
    1.42774e+05   -5.26835e+05   -4.86878e+05    2.99825e+02    6.21061e+01
   Constr. rmsd
    0.00000e+00

           Step           Time
         430000      430.00000

   Energies (kJ/mol)
        G96Bond       G96Angle    Proper Dih.  Improper Dih.          LJ-14
    1.13272e+04    2.43120e+04    5.29489e+03    1.67062e+03    1.49847e+04
     Coulomb-14        LJ (SR)   Coulomb (SR)   Coul. recip.      Potential
   -1.08293e+05    7.52969e+04   -6.96449e+05    2.38014e+03   -6.69475e+05
    Kinetic En.   Total Energy  Conserved En.    Temperature Pressure (bar)
    1.42554e+05   -5.26921e+05   -4.86618e+05    2.99363e+02    7.35978e+01
   Constr. rmsd
    0.00000e+00

           Step           Time
         431000      431.00000

   Energies (kJ/mol)
        G96Bond       G96Angle    Proper Dih.  Improper Dih.          LJ-14
    1.10809e+04    2.42224e+04    5.30537e+03    1.80744e+03    1.49328e+04
     Coulomb-14        LJ (SR)   Coulomb (SR)   Coul. recip.      Potential
   -1.08213e+05    7.60194e+04   -6.97959e+05    2.40564e+03   -6.70398e+05
    Kinetic En.   Total Energy  Conserved En.    Temperature Pressure (bar)
    1.43676e+05   -5.26722e+05   -4.86634e+05    3.01720e+02    3.05446e+02
   Constr. rmsd
    0.00000e+00

           Step           Time
         432000      432.00000

   Energies (kJ/mol)
        G96Bond       G96Angle    Proper Dih.  Improper Dih.          LJ-14
    1.10021e+04    2.42573e+04    5.36223e+03    1.76925e+03    1.53673e+04
     Coulomb-14        LJ (SR)   Coulomb (SR)   Coul. recip.      Potential
   -1.08484e+05    7.17698e+04   -6.92519e+05    2.33607e+03   -6.69139e+05
    Kinetic En.   Total Energy  Conserved En.    Temperature Pressure (bar)
    1.42229e+05   -5.26910e+05   -4.86700e+05    2.98681e+02    5.73863e+01
   Constr. rmsd
    0.00000e+00

           Step           Time
         433000      433.00000

   Energies (kJ/mol)
        G96Bond       G96Angle    Proper Dih.  Improper Dih.          LJ-14
    1.12094e+04    2.42407e+04    5.32216e+03    1.72605e+03    1.50855e+04
     Coulomb-14        LJ (SR)   Coulomb (SR)   Coul. recip.      Potential
   -1.08588e+05    7.61136e+04   -6.97631e+05    2.39165e+03   -6.70131e+05
    Kinetic En.   Total Energy  Conserved En.    Temperature Pressure (bar)
    1.42849e+05   -5.27282e+05   -4.86729e+05    2.99983e+02    3.40803e+02
   Constr. rmsd
    0.00000e+00

           Step           Time
         434000      434.00000

   Energies (kJ/mol)
        G96Bond       G96Angle    Proper Dih.  Improper Dih.          LJ-14
    1.11692e+04    2.40035e+04    5.33467e+03    1.71776e+03    1.51690e+04
     Coulomb-14        LJ (SR)   Coulomb (SR)   Coul. recip.      Potential
   -1.08538e+05    7.40080e+04   -6.96375e+05    2.43871e+03   -6.71072e+05
    Kinetic En.   Total Energy  Conserved En.    Temperature Pressure (bar)
    1.43047e+05   -5.28025e+05   -4.86572e+05    3.00399e+02    3.83578e+01
   Constr. rmsd
    0.00000e+00

           Step           Time
         435000      435.00000

   Energies (kJ/mol)
        G96Bond       G96Angle    Proper Dih.  Improper Dih.          LJ-14
    1.15934e+04    2.41203e+04    5.34442e+03    1.70894e+03    1.49516e+04
     Coulomb-14        LJ (SR)   Coulomb (SR)   Coul. recip.      Potential
   -1.08572e+05    7.37153e+04   -6.95073e+05    2.40388e+03   -6.69807e+05
    Kinetic En.   Total Energy  Conserved En.    Temperature Pressure (bar)
    1.42059e+05   -5.27748e+05   -4.86611e+05    2.98323e+02    8.38426e+00
   Constr. rmsd
    0.00000e+00

           Step           Time
         436000      436.00000

   Energies (kJ/mol)
        G96Bond       G96Angle    Proper Dih.  Improper Dih.          LJ-14
    1.13414e+04    2.39331e+04    5.35615e+03    1.79740e+03    1.50619e+04
     Coulomb-14        LJ (SR)   Coulomb (SR)   Coul. recip.      Potential
   -1.08462e+05    7.48320e+04   -6.97094e+05    2.45340e+03   -6.70781e+05
    Kinetic En.   Total Energy  Conserved En.    Temperature Pressure (bar)
    1.42885e+05   -5.27895e+05   -4.86479e+05    3.00059e+02    2.00691e+02
   Constr. rmsd
    0.00000e+00

           Step           Time
         437000      437.00000

   Energies (kJ/mol)
        G96Bond       G96Angle    Proper Dih.  Improper Dih.          LJ-14
    1.15161e+04    2.44345e+04    5.33895e+03    1.68556e+03    1.47566e+04
     Coulomb-14        LJ (SR)   Coulomb (SR)   Coul. recip.      Potential
   -1.08422e+05    7.46074e+04   -6.96777e+05    2.33111e+03   -6.70529e+05
    Kinetic En.   Total Energy  Conserved En.    Temperature Pressure (bar)
    1.42698e+05   -5.27831e+05   -4.86409e+05    2.99666e+02   -9.12741e+00
   Constr. rmsd
    0.00000e+00

           Step           Time
         438000      438.00000

   Energies (kJ/mol)
        G96Bond       G96Angle    Proper Dih.  Improper Dih.          LJ-14
    1.11076e+04    2.41964e+04    5.24008e+03    1.85865e+03    1.53182e+04
     Coulomb-14        LJ (SR)   Coulomb (SR)   Coul. recip.      Potential
   -1.08833e+05    7.55114e+04   -6.97720e+05    2.33868e+03   -6.70982e+05
    Kinetic En.   Total Energy  Conserved En.    Temperature Pressure (bar)
    1.42556e+05   -5.28427e+05   -4.86328e+05    2.99367e+02    2.10506e+02
   Constr. rmsd
    0.00000e+00

           Step           Time
         439000      439.00000

   Energies (kJ/mol)
        G96Bond       G96Angle    Proper Dih.  Improper Dih.          LJ-14
    1.13342e+04    2.39220e+04    5.34619e+03    1.72726e+03    1.50329e+04
     Coulomb-14        LJ (SR)   Coulomb (SR)   Coul. recip.      Potential
   -1.08405e+05    7.43343e+04   -6.96717e+05    2.42469e+03   -6.71000e+05
    Kinetic En.   Total Energy  Conserved En.    Temperature Pressure (bar)
    1.42361e+05   -5.28640e+05   -4.86321e+05    2.98958e+02   -3.73127e+01
   Constr. rmsd
    0.00000e+00

           Step           Time
         440000      440.00000

   Energies (kJ/mol)
        G96Bond       G96Angle    Proper Dih.  Improper Dih.          LJ-14
    1.13777e+04    2.38556e+04    5.29305e+03    1.71400e+03    1.51631e+04
     Coulomb-14        LJ (SR)   Coulomb (SR)   Coul. recip.      Potential
   -1.08196e+05    7.48319e+04   -6.97091e+05    2.35247e+03   -6.70699e+05
    Kinetic En.   Total Energy  Conserved En.    Temperature Pressure (bar)
    1.41792e+05   -5.28907e+05   -4.86413e+05    2.97763e+02    4.76768e+01
   Constr. rmsd
    0.00000e+00

           Step           Time
         441000      441.00000

   Energies (kJ/mol)
        G96Bond       G96Angle    Proper Dih.  Improper Dih.          LJ-14
    1.12906e+04    2.40556e+04    5.37316e+03    1.73839e+03    1.51803e+04
     Coulomb-14        LJ (SR)   Coulomb (SR)   Coul. recip.      Potential
   -1.08477e+05    7.41740e+04   -6.96516e+05    2.34774e+03   -6.70834e+05
    Kinetic En.   Total Energy  Conserved En.    Temperature Pressure (bar)
    1.42074e+05   -5.28759e+05   -4.86479e+05    2.98356e+02   -3.77998e+01
   Constr. rmsd
    0.00000e+00

           Step           Time
         442000      442.00000

   Energies (kJ/mol)
        G96Bond       G96Angle    Proper Dih.  Improper Dih.          LJ-14
    1.11531e+04    2.39265e+04    5.29764e+03    1.83203e+03    1.51222e+04
     Coulomb-14        LJ (SR)   Coulomb (SR)   Coul. recip.      Potential
   -1.08343e+05    7.53281e+04   -6.98135e+05    2.38431e+03   -6.71434e+05
    Kinetic En.   Total Energy  Conserved En.    Temperature Pressure (bar)
    1.41764e+05   -5.29670e+05   -4.86468e+05    2.97705e+02    1.78760e+01
   Constr. rmsd
    0.00000e+00

           Step           Time
         443000      443.00000

   Energies (kJ/mol)
        G96Bond       G96Angle    Proper Dih.  Improper Dih.          LJ-14
    1.10038e+04    2.40365e+04    5.36748e+03    1.69264e+03    1.51325e+04
     Coulomb-14        LJ (SR)   Coulomb (SR)   Coul. recip.      Potential
   -1.08335e+05    7.55297e+04   -6.98418e+05    2.31297e+03   -6.71677e+05
    Kinetic En.   Total Energy  Conserved En.    Temperature Pressure (bar)
    1.42370e+05   -5.29308e+05   -4.86492e+05    2.98976e+02    1.77631e+02
   Constr. rmsd
    0.00000e+00

           Step           Time
         444000      444.00000

   Energies (kJ/mol)
        G96Bond       G96Angle    Proper Dih.  Improper Dih.          LJ-14
    1.07322e+04    2.39600e+04    5.25822e+03    1.70569e+03    1.49793e+04
     Coulomb-14        LJ (SR)   Coulomb (SR)   Coul. recip.      Potential
   -1.08216e+05    7.40060e+04   -6.96655e+05    2.43579e+03   -6.71794e+05
    Kinetic En.   Total Energy  Conserved En.    Temperature Pressure (bar)
    1.42760e+05   -5.29034e+05   -4.86580e+05    2.99797e+02    4.97418e+01
   Constr. rmsd
    0.00000e+00

           Step           Time
         445000      445.00000

   Energies (kJ/mol)
        G96Bond       G96Angle    Proper Dih.  Improper Dih.          LJ-14
    1.11298e+04    2.39712e+04    5.31033e+03    1.69524e+03    1.48522e+04
     Coulomb-14        LJ (SR)   Coulomb (SR)   Coul. recip.      Potential
   -1.08564e+05    7.41933e+04   -6.95748e+05    2.35346e+03   -6.70806e+05
    Kinetic En.   Total Energy  Conserved En.    Temperature Pressure (bar)
    1.42820e+05   -5.27986e+05   -4.86654e+05    2.99923e+02   -4.91464e+01
   Constr. rmsd
    0.00000e+00

           Step           Time
         446000      446.00000

   Energies (kJ/mol)
        G96Bond       G96Angle    Proper Dih.  Improper Dih.          LJ-14
    1.13011e+04    2.38827e+04    5.39386e+03    1.65143e+03    1.50071e+04
     Coulomb-14        LJ (SR)   Coulomb (SR)   Coul. recip.      Potential
   -1.08269e+05    7.42552e+04   -6.95329e+05    2.36289e+03   -6.69743e+05
    Kinetic En.   Total Energy  Conserved En.    Temperature Pressure (bar)
    1.42298e+05   -5.27445e+05   -4.86769e+05    2.98826e+02    1.09312e+02
   Constr. rmsd
    0.00000e+00

           Step           Time
         447000      447.00000

   Energies (kJ/mol)
        G96Bond       G96Angle    Proper Dih.  Improper Dih.          LJ-14
    1.09953e+04    2.41365e+04    5.33013e+03    1.85737e+03    1.52013e+04
     Coulomb-14        LJ (SR)   Coulomb (SR)   Coul. recip.      Potential
   -1.08573e+05    7.33572e+04   -6.94576e+05    2.39316e+03   -6.69878e+05
    Kinetic En.   Total Energy  Conserved En.    Temperature Pressure (bar)
    1.43205e+05   -5.26672e+05   -4.86398e+05    3.00732e+02    3.76170e+01
   Constr. rmsd
    0.00000e+00

           Step           Time
         448000      448.00000

   Energies (kJ/mol)
        G96Bond       G96Angle    Proper Dih.  Improper Dih.          LJ-14
    1.16815e+04    2.39770e+04    5.54394e+03    1.70225e+03    1.49820e+04
     Coulomb-14        LJ (SR)   Coulomb (SR)   Coul. recip.      Potential
   -1.08577e+05    7.35607e+04   -6.94999e+05    2.40876e+03   -6.69720e+05
    Kinetic En.   Total Energy  Conserved En.    Temperature Pressure (bar)
    1.43249e+05   -5.26471e+05   -4.86470e+05    3.00824e+02   -2.97571e+02
   Constr. rmsd
    0.00000e+00

           Step           Time
         449000      449.00000

   Energies (kJ/mol)
        G96Bond       G96Angle    Proper Dih.  Improper Dih.          LJ-14
    1.12286e+04    2.40853e+04    5.55770e+03    1.65784e+03    1.51182e+04
     Coulomb-14        LJ (SR)   Coulomb (SR)   Coul. recip.      Potential
   -1.08269e+05    7.26747e+04   -6.93853e+05    2.37112e+03   -6.69429e+05
    Kinetic En.   Total Energy  Conserved En.    Temperature Pressure (bar)
    1.42682e+05   -5.26747e+05   -4.86485e+05    2.99633e+02   -1.80224e+02
   Constr. rmsd
    0.00000e+00

           Step           Time
         450000      450.00000

   Energies (kJ/mol)
        G96Bond       G96Angle    Proper Dih.  Improper Dih.          LJ-14
    1.12079e+04    2.44140e+04    5.45623e+03    1.67910e+03    1.49776e+04
     Coulomb-14        LJ (SR)   Coulomb (SR)   Coul. recip.      Potential
   -1.08430e+05    7.39109e+04   -6.94796e+05    2.35727e+03   -6.69224e+05
    Kinetic En.   Total Energy  Conserved En.    Temperature Pressure (bar)
    1.42068e+05   -5.27155e+05   -4.86385e+05    2.98344e+02   -4.49757e+01
   Constr. rmsd
    0.00000e+00

           Step           Time
         451000      451.00000

   Energies (kJ/mol)
        G96Bond       G96Angle    Proper Dih.  Improper Dih.          LJ-14
    1.16424e+04    2.41902e+04    5.47374e+03    1.69988e+03    1.48267e+04
     Coulomb-14        LJ (SR)   Coulomb (SR)   Coul. recip.      Potential
   -1.08509e+05    7.25031e+04   -6.94497e+05    2.44321e+03   -6.70227e+05
    Kinetic En.   Total Energy  Conserved En.    Temperature Pressure (bar)
    1.42897e+05   -5.27330e+05   -4.86325e+05    3.00085e+02   -3.17626e+02
   Constr. rmsd
    0.00000e+00

           Step           Time
         452000      452.00000

   Energies (kJ/mol)
        G96Bond       G96Angle    Proper Dih.  Improper Dih.          LJ-14
    1.15955e+04    2.39542e+04    5.37539e+03    1.77745e+03    1.48358e+04
     Coulomb-14        LJ (SR)   Coulomb (SR)   Coul. recip.      Potential
   -1.08680e+05    7.31326e+04   -6.93700e+05    2.31850e+03   -6.69391e+05
    Kinetic En.   Total Energy  Conserved En.    Temperature Pressure (bar)
    1.42440e+05   -5.26951e+05   -4.86305e+05    2.99124e+02   -2.64676e+02
   Constr. rmsd
    0.00000e+00

           Step           Time
         453000      453.00000

   Energies (kJ/mol)
        G96Bond       G96Angle    Proper Dih.  Improper Dih.          LJ-14
    1.10469e+04    2.40313e+04    5.47262e+03    1.78917e+03    1.50411e+04
     Coulomb-14        LJ (SR)   Coulomb (SR)   Coul. recip.      Potential
   -1.08239e+05    7.52610e+04   -6.95724e+05    2.44536e+03   -6.68875e+05
    Kinetic En.   Total Energy  Conserved En.    Temperature Pressure (bar)
    1.42780e+05   -5.26096e+05   -4.86313e+05    2.99837e+02    1.98926e+02
   Constr. rmsd
    0.00000e+00

           Step           Time
         454000      454.00000

   Energies (kJ/mol)
        G96Bond       G96Angle    Proper Dih.  Improper Dih.          LJ-14
    1.12404e+04    2.38666e+04    5.42392e+03    1.81158e+03    1.49233e+04
     Coulomb-14        LJ (SR)   Coulomb (SR)   Coul. recip.      Potential
   -1.08255e+05    7.33710e+04   -6.93587e+05    2.40128e+03   -6.68804e+05
    Kinetic En.   Total Energy  Conserved En.    Temperature Pressure (bar)
    1.42787e+05   -5.26017e+05   -4.86243e+05    2.99853e+02   -1.83782e+02
   Constr. rmsd
    0.00000e+00

           Step           Time
         455000      455.00000

   Energies (kJ/mol)
        G96Bond       G96Angle    Proper Dih.  Improper Dih.          LJ-14
    1.14919e+04    2.38709e+04    5.29174e+03    1.80316e+03    1.45491e+04
     Coulomb-14        LJ (SR)   Coulomb (SR)   Coul. recip.      Potential
   -1.08186e+05    7.40969e+04   -6.94568e+05    2.37818e+03   -6.69272e+05
    Kinetic En.   Total Energy  Conserved En.    Temperature Pressure (bar)
    1.42766e+05   -5.26506e+05   -4.86163e+05    2.99809e+02   -2.44234e+01
   Constr. rmsd
    0.00000e+00

           Step           Time
         456000      456.00000

   Energies (kJ/mol)
        G96Bond       G96Angle    Proper Dih.  Improper Dih.          LJ-14
    1.13739e+04    2.37952e+04    5.45994e+03    1.70450e+03    1.50564e+04
     Coulomb-14        LJ (SR)   Coulomb (SR)   Coul. recip.      Potential
   -1.08343e+05    7.30720e+04   -6.92934e+05    2.41013e+03   -6.68405e+05
    Kinetic En.   Total Energy  Conserved En.    Temperature Pressure (bar)
    1.43049e+05   -5.25356e+05   -4.86332e+05    3.00403e+02    3.83568e+01
   Constr. rmsd
    0.00000e+00

           Step           Time
         457000      457.00000

   Energies (kJ/mol)
        G96Bond       G96Angle    Proper Dih.  Improper Dih.          LJ-14
    1.14676e+04    2.44368e+04    5.36806e+03    1.77905e+03    1.49479e+04
     Coulomb-14        LJ (SR)   Coulomb (SR)   Coul. recip.      Potential
   -1.08006e+05    7.24637e+04   -6.91819e+05    2.40331e+03   -6.66959e+05
    Kinetic En.   Total Energy  Conserved En.    Temperature Pressure (bar)
    1.43093e+05   -5.23866e+05   -4.86294e+05    3.00496e+02    5.61888e+01
   Constr. rmsd
    0.00000e+00

           Step           Time
         458000      458.00000

   Energies (kJ/mol)
        G96Bond       G96Angle    Proper Dih.  Improper Dih.          LJ-14
    1.11101e+04    2.40507e+04    5.44206e+03    1.79740e+03    1.52717e+04
     Coulomb-14        LJ (SR)   Coulomb (SR)   Coul. recip.      Potential
   -1.08625e+05    7.26506e+04   -6.92175e+05    2.33808e+03   -6.68139e+05
    Kinetic En.   Total Energy  Conserved En.    Temperature Pressure (bar)
    1.43608e+05   -5.24530e+05   -4.86327e+05    3.01578e+02   -2.22903e+01
   Constr. rmsd
    0.00000e+00

           Step           Time
         459000      459.00000

   Energies (kJ/mol)
        G96Bond       G96Angle    Proper Dih.  Improper Dih.          LJ-14
    1.12334e+04    2.40785e+04    5.31425e+03    1.72245e+03    1.51258e+04
     Coulomb-14        LJ (SR)   Coulomb (SR)   Coul. recip.      Potential
   -1.08030e+05    7.32896e+04   -6.93833e+05    2.39038e+03   -6.68708e+05
    Kinetic En.   Total Energy  Conserved En.    Temperature Pressure (bar)
    1.43940e+05   -5.24768e+05   -4.86391e+05    3.02275e+02   -3.32176e+01
   Constr. rmsd
    0.00000e+00

           Step           Time
         460000      460.00000

   Energies (kJ/mol)
        G96Bond       G96Angle    Proper Dih.  Improper Dih.          LJ-14
    1.14656e+04    2.40760e+04    5.47855e+03    1.77118e+03    1.49001e+04
     Coulomb-14        LJ (SR)   Coulomb (SR)   Coul. recip.      Potential
   -1.08248e+05    7.50051e+04   -6.96561e+05    2.44770e+03   -6.69665e+05
    Kinetic En.   Total Energy  Conserved En.    Temperature Pressure (bar)
    1.44529e+05   -5.25136e+05   -4.86247e+05    3.03511e+02   -2.10879e+01
   Constr. rmsd
    0.00000e+00

           Step           Time
         461000      461.00000

   Energies (kJ/mol)
        G96Bond       G96Angle    Proper Dih.  Improper Dih.          LJ-14
    1.12241e+04    2.39336e+04    5.43306e+03    1.78525e+03    1.52799e+04
     Coulomb-14        LJ (SR)   Coulomb (SR)   Coul. recip.      Potential
   -1.08563e+05    7.43565e+04   -6.95472e+05    2.42107e+03   -6.69601e+05
    Kinetic En.   Total Energy  Conserved En.    Temperature Pressure (bar)
    1.43345e+05   -5.26256e+05   -4.85891e+05    3.01025e+02    6.22171e+01
   Constr. rmsd
    0.00000e+00

           Step           Time
         462000      462.00000

   Energies (kJ/mol)
        G96Bond       G96Angle    Proper Dih.  Improper Dih.          LJ-14
    1.13831e+04    2.43550e+04    5.31041e+03    1.75336e+03    1.49888e+04
     Coulomb-14        LJ (SR)   Coulomb (SR)   Coul. recip.      Potential
   -1.08376e+05    7.46541e+04   -6.95634e+05    2.33581e+03   -6.69230e+05
    Kinetic En.   Total Energy  Conserved En.    Temperature Pressure (bar)
    1.42795e+05   -5.26434e+05   -4.85875e+05    2.99870e+02   -3.01718e+01
   Constr. rmsd
    0.00000e+00

           Step           Time
         463000      463.00000

   Energies (kJ/mol)
        G96Bond       G96Angle    Proper Dih.  Improper Dih.          LJ-14
    1.14403e+04    2.40182e+04    5.27490e+03    1.75834e+03    1.49495e+04
     Coulomb-14        LJ (SR)   Coulomb (SR)   Coul. recip.      Potential
   -1.08120e+05    7.45832e+04   -6.94922e+05    2.45384e+03   -6.68564e+05
    Kinetic En.   Total Energy  Conserved En.    Temperature Pressure (bar)
    1.42566e+05   -5.25998e+05   -4.85791e+05    2.99389e+02    9.74756e+01
   Constr. rmsd
    0.00000e+00

           Step           Time
         464000      464.00000

   Energies (kJ/mol)
        G96Bond       G96Angle    Proper Dih.  Improper Dih.          LJ-14
    1.12628e+04    2.41839e+04    5.35711e+03    1.76116e+03    1.51117e+04
     Coulomb-14        LJ (SR)   Coulomb (SR)   Coul. recip.      Potential
   -1.08337e+05    7.41215e+04   -6.95652e+05    2.37386e+03   -6.69818e+05
    Kinetic En.   Total Energy  Conserved En.    Temperature Pressure (bar)
    1.42907e+05   -5.26910e+05   -4.85834e+05    3.00105e+02   -8.31554e+01
   Constr. rmsd
    0.00000e+00

           Step           Time
         465000      465.00000

   Energies (kJ/mol)
        G96Bond       G96Angle    Proper Dih.  Improper Dih.          LJ-14
    1.13305e+04    2.40245e+04    5.40926e+03    1.69253e+03    1.48559e+04
     Coulomb-14        LJ (SR)   Coulomb (SR)   Coul. recip.      Potential
   -1.08387e+05    7.48540e+04   -6.96268e+05    2.41052e+03   -6.70078e+05
    Kinetic En.   Total Energy  Conserved En.    Temperature Pressure (bar)
    1.41865e+05   -5.28213e+05   -4.85673e+05    2.97917e+02    5.62342e+01
   Constr. rmsd
    0.00000e+00

           Step           Time
         466000      466.00000

   Energies (kJ/mol)
        G96Bond       G96Angle    Proper Dih.  Improper Dih.          LJ-14
    1.12790e+04    2.39249e+04    5.34361e+03    1.75005e+03    1.49554e+04
     Coulomb-14        LJ (SR)   Coulomb (SR)   Coul. recip.      Potential
   -1.07969e+05    7.38059e+04   -6.96748e+05    2.40735e+03   -6.71250e+05
    Kinetic En.   Total Energy  Conserved En.    Temperature Pressure (bar)
    1.42297e+05   -5.28954e+05   -4.85615e+05    2.98823e+02    4.12537e+00
   Constr. rmsd
    0.00000e+00

           Step           Time
         467000      467.00000

   Energies (kJ/mol)
        G96Bond       G96Angle    Proper Dih.  Improper Dih.          LJ-14
    1.13606e+04    2.40296e+04    5.42580e+03    1.65782e+03    1.50829e+04
     Coulomb-14        LJ (SR)   Coulomb (SR)   Coul. recip.      Potential
   -1.07942e+05    7.44204e+04   -6.96394e+05    2.46324e+03   -6.69895e+05
    Kinetic En.   Total Energy  Conserved En.    Temperature Pressure (bar)
    1.41085e+05   -5.28810e+05   -4.85545e+05    2.96279e+02    3.65614e+01
   Constr. rmsd
    0.00000e+00

           Step           Time
         468000      468.00000

   Energies (kJ/mol)
        G96Bond       G96Angle    Proper Dih.  Improper Dih.          LJ-14
    1.13148e+04    2.40946e+04    5.37952e+03    1.75616e+03    1.49744e+04
     Coulomb-14        LJ (SR)   Coulomb (SR)   Coul. recip.      Potential
   -1.07930e+05    7.54789e+04   -6.97650e+05    2.42378e+03   -6.70158e+05
    Kinetic En.   Total Energy  Conserved En.    Temperature Pressure (bar)
    1.42493e+05   -5.27665e+05   -4.85367e+05    2.99235e+02    9.38193e+01
   Constr. rmsd
    0.00000e+00

           Step           Time
         469000      469.00000

   Energies (kJ/mol)
        G96Bond       G96Angle    Proper Dih.  Improper Dih.          LJ-14
    1.13070e+04    2.37808e+04    5.51259e+03    1.79485e+03    1.51395e+04
     Coulomb-14        LJ (SR)   Coulomb (SR)   Coul. recip.      Potential
   -1.07939e+05    7.52067e+04   -6.97209e+05    2.32855e+03   -6.70077e+05
    Kinetic En.   Total Energy  Conserved En.    Temperature Pressure (bar)
    1.42454e+05   -5.27623e+05   -4.85550e+05    2.99154e+02    1.30001e+02
   Constr. rmsd
    0.00000e+00

           Step           Time
         470000      470.00000

   Energies (kJ/mol)
        G96Bond       G96Angle    Proper Dih.  Improper Dih.          LJ-14
    1.13692e+04    2.36083e+04    5.36558e+03    1.73863e+03    1.52018e+04
     Coulomb-14        LJ (SR)   Coulomb (SR)   Coul. recip.      Potential
   -1.08310e+05    7.43011e+04   -6.95247e+05    2.33611e+03   -6.69636e+05
    Kinetic En.   Total Energy  Conserved En.    Temperature Pressure (bar)
    1.42533e+05   -5.27103e+05   -4.85530e+05    2.99319e+02    4.21181e+01
   Constr. rmsd
    0.00000e+00

           Step           Time
         471000      471.00000

   Energies (kJ/mol)
        G96Bond       G96Angle    Proper Dih.  Improper Dih.          LJ-14
    1.11121e+04    2.37114e+04    5.31693e+03    1.73234e+03    1.49560e+04
     Coulomb-14        LJ (SR)   Coulomb (SR)   Coul. recip.      Potential
   -1.07815e+05    7.32890e+04   -6.94752e+05    2.43178e+03   -6.70018e+05
    Kinetic En.   Total Energy  Conserved En.    Temperature Pressure (bar)
    1.43605e+05   -5.26413e+05   -4.85353e+05    3.01571e+02    1.57291e+01
   Constr. rmsd
    0.00000e+00

           Step           Time
         472000      472.00000

   Energies (kJ/mol)
        G96Bond       G96Angle    Proper Dih.  Improper Dih.          LJ-14
    1.12278e+04    2.41381e+04    5.36589e+03    1.71688e+03    1.49749e+04
     Coulomb-14        LJ (SR)   Coulomb (SR)   Coul. recip.      Potential
   -1.07958e+05    7.48363e+04   -6.96010e+05    2.35928e+03   -6.69349e+05
    Kinetic En.   Total Energy  Conserved En.    Temperature Pressure (bar)
    1.43234e+05   -5.26115e+05   -4.85412e+05    3.00793e+02    5.00426e+01
   Constr. rmsd
    0.00000e+00

           Step           Time
         473000      473.00000

   Energies (kJ/mol)
        G96Bond       G96Angle    Proper Dih.  Improper Dih.          LJ-14
    1.10384e+04    2.42154e+04    5.34962e+03    1.80646e+03    1.50903e+04
     Coulomb-14        LJ (SR)   Coulomb (SR)   Coul. recip.      Potential
   -1.08185e+05    7.38219e+04   -6.95621e+05    2.31713e+03   -6.70167e+05
    Kinetic En.   Total Energy  Conserved En.    Temperature Pressure (bar)
    1.43586e+05   -5.26580e+05   -4.85426e+05    3.01531e+02    4.81253e+01
   Constr. rmsd
    0.00000e+00

           Step           Time
         474000      474.00000

   Energies (kJ/mol)
        G96Bond       G96Angle    Proper Dih.  Improper Dih.          LJ-14
    1.12824e+04    2.40373e+04    5.40837e+03    1.74537e+03    1.46721e+04
     Coulomb-14        LJ (SR)   Coulomb (SR)   Coul. recip.      Potential
   -1.07776e+05    7.25693e+04   -6.94865e+05    2.43429e+03   -6.70492e+05
    Kinetic En.   Total Energy  Conserved En.    Temperature Pressure (bar)
    1.43146e+05   -5.27346e+05   -4.85535e+05    3.00606e+02   -2.68227e+02
   Constr. rmsd
    0.00000e+00

           Step           Time
         475000      475.00000

   Energies (kJ/mol)
        G96Bond       G96Angle    Proper Dih.  Improper Dih.          LJ-14
    1.12939e+04    2.37583e+04    5.39064e+03    1.70783e+03    1.48961e+04
     Coulomb-14        LJ (SR)   Coulomb (SR)   Coul. recip.      Potential
   -1.07853e+05    7.28562e+04   -6.93363e+05    2.35352e+03   -6.68960e+05
    Kinetic En.   Total Energy  Conserved En.    Temperature Pressure (bar)
    1.41963e+05   -5.26997e+05   -4.85561e+05    2.98122e+02   -3.00673e+02
   Constr. rmsd
    0.00000e+00

           Step           Time
         476000      476.00000

   Energies (kJ/mol)
        G96Bond       G96Angle    Proper Dih.  Improper Dih.          LJ-14
    1.13472e+04    2.37881e+04    5.28607e+03    1.73518e+03    1.48984e+04
     Coulomb-14        LJ (SR)   Coulomb (SR)   Coul. recip.      Potential
   -1.07997e+05    7.41408e+04   -6.95057e+05    2.36656e+03   -6.69491e+05
    Kinetic En.   Total Energy  Conserved En.    Temperature Pressure (bar)
    1.43111e+05   -5.26380e+05   -4.85571e+05    3.00534e+02   -2.84710e+02
   Constr. rmsd
    0.00000e+00

           Step           Time
         477000      477.00000

   Energies (kJ/mol)
        G96Bond       G96Angle    Proper Dih.  Improper Dih.          LJ-14
    1.10526e+04    2.39910e+04    5.38830e+03    1.71756e+03    1.53233e+04
     Coulomb-14        LJ (SR)   Coulomb (SR)   Coul. recip.      Potential
   -1.08023e+05    7.37989e+04   -6.94695e+05    2.43727e+03   -6.69009e+05
    Kinetic En.   Total Energy  Conserved En.    Temperature Pressure (bar)
    1.41855e+05   -5.27154e+05   -4.85623e+05    2.97897e+02    1.44686e+01
   Constr. rmsd
    0.00000e+00

Writing checkpoint, step 477200 at Fri Aug 15 15:03:45 2025


           Step           Time
         478000      478.00000

   Energies (kJ/mol)
        G96Bond       G96Angle    Proper Dih.  Improper Dih.          LJ-14
    1.13205e+04    2.38801e+04    5.38633e+03    1.75384e+03    1.51033e+04
     Coulomb-14        LJ (SR)   Coulomb (SR)   Coul. recip.      Potential
   -1.08283e+05    7.32921e+04   -6.93296e+05    2.37290e+03   -6.68471e+05
    Kinetic En.   Total Energy  Conserved En.    Temperature Pressure (bar)
    1.41727e+05   -5.26744e+05   -4.85726e+05    2.97626e+02   -1.33421e+02
   Constr. rmsd
    0.00000e+00

           Step           Time
         479000      479.00000

   Energies (kJ/mol)
        G96Bond       G96Angle    Proper Dih.  Improper Dih.          LJ-14
    1.16344e+04    2.42988e+04    5.27336e+03    1.80315e+03    1.46902e+04
     Coulomb-14        LJ (SR)   Coulomb (SR)   Coul. recip.      Potential
   -1.08166e+05    7.44356e+04   -6.94193e+05    2.35962e+03   -6.67863e+05
    Kinetic En.   Total Energy  Conserved En.    Temperature Pressure (bar)
    1.42031e+05   -5.25832e+05   -4.85657e+05    2.98266e+02   -1.54528e+02
   Constr. rmsd
    0.00000e+00

           Step           Time
         480000      480.00000

   Energies (kJ/mol)
        G96Bond       G96Angle    Proper Dih.  Improper Dih.          LJ-14
    1.12401e+04    2.41946e+04    5.26552e+03    1.70556e+03    1.49946e+04
     Coulomb-14        LJ (SR)   Coulomb (SR)   Coul. recip.      Potential
   -1.08152e+05    7.40270e+04   -6.94548e+05    2.35913e+03   -6.68914e+05
    Kinetic En.   Total Energy  Conserved En.    Temperature Pressure (bar)
    1.43348e+05   -5.25566e+05   -4.85754e+05    3.01030e+02   -7.48307e+01
   Constr. rmsd
    0.00000e+00

           Step           Time
         481000      481.00000

   Energies (kJ/mol)
        G96Bond       G96Angle    Proper Dih.  Improper Dih.          LJ-14
    1.12715e+04    2.42685e+04    5.43005e+03    1.78417e+03    1.49641e+04
     Coulomb-14        LJ (SR)   Coulomb (SR)   Coul. recip.      Potential
   -1.08077e+05    7.51586e+04   -6.96027e+05    2.40243e+03   -6.68824e+05
    Kinetic En.   Total Energy  Conserved En.    Temperature Pressure (bar)
    1.43358e+05   -5.25466e+05   -4.85496e+05    3.01052e+02   -8.39799e+01
   Constr. rmsd
    0.00000e+00

           Step           Time
         482000      482.00000

   Energies (kJ/mol)
        G96Bond       G96Angle    Proper Dih.  Improper Dih.          LJ-14
    1.13096e+04    2.38600e+04    5.38422e+03    1.77171e+03    1.54395e+04
     Coulomb-14        LJ (SR)   Coulomb (SR)   Coul. recip.      Potential
   -1.08197e+05    7.37673e+04   -6.94585e+05    2.41610e+03   -6.68834e+05
    Kinetic En.   Total Energy  Conserved En.    Temperature Pressure (bar)
    1.42822e+05   -5.26012e+05   -4.85475e+05    2.99926e+02    2.66711e+02
   Constr. rmsd
    0.00000e+00

           Step           Time
         483000      483.00000

   Energies (kJ/mol)
        G96Bond       G96Angle    Proper Dih.  Improper Dih.          LJ-14
    1.11517e+04    2.40843e+04    5.39313e+03    1.72998e+03    1.51038e+04
     Coulomb-14        LJ (SR)   Coulomb (SR)   Coul. recip.      Potential
   -1.08208e+05    7.50589e+04   -6.96167e+05    2.34341e+03   -6.69510e+05
    Kinetic En.   Total Energy  Conserved En.    Temperature Pressure (bar)
    1.42742e+05   -5.26768e+05   -4.85468e+05    2.99758e+02    1.21530e+01
   Constr. rmsd
    0.00000e+00

           Step           Time
         484000      484.00000

   Energies (kJ/mol)
        G96Bond       G96Angle    Proper Dih.  Improper Dih.          LJ-14
    1.10771e+04    2.41271e+04    5.52405e+03    1.78091e+03    1.49879e+04
     Coulomb-14        LJ (SR)   Coulomb (SR)   Coul. recip.      Potential
   -1.08041e+05    7.31993e+04   -6.93404e+05    2.37357e+03   -6.68376e+05
    Kinetic En.   Total Energy  Conserved En.    Temperature Pressure (bar)
    1.42566e+05   -5.25810e+05   -4.85413e+05    2.99389e+02   -1.77767e+01
   Constr. rmsd
    0.00000e+00

           Step           Time
         485000      485.00000

   Energies (kJ/mol)
        G96Bond       G96Angle    Proper Dih.  Improper Dih.          LJ-14
    1.11049e+04    2.41289e+04    5.39570e+03    1.62416e+03    1.52272e+04
     Coulomb-14        LJ (SR)   Coulomb (SR)   Coul. recip.      Potential
   -1.08026e+05    7.43209e+04   -6.94726e+05    2.44523e+03   -6.68505e+05
    Kinetic En.   Total Energy  Conserved En.    Temperature Pressure (bar)
    1.43417e+05   -5.25088e+05   -4.85443e+05    3.01177e+02   -8.71001e+01
   Constr. rmsd
    0.00000e+00

           Step           Time
         486000      486.00000

   Energies (kJ/mol)
        G96Bond       G96Angle    Proper Dih.  Improper Dih.          LJ-14
    1.11841e+04    2.40723e+04    5.47003e+03    1.75314e+03    1.50261e+04
     Coulomb-14        LJ (SR)   Coulomb (SR)   Coul. recip.      Potential
   -1.08260e+05    7.34875e+04   -6.93354e+05    2.46237e+03   -6.68159e+05
    Kinetic En.   Total Energy  Conserved En.    Temperature Pressure (bar)
    1.42935e+05   -5.25224e+05   -4.85407e+05    3.00163e+02   -1.60710e+02
   Constr. rmsd
    0.00000e+00

           Step           Time
         487000      487.00000

   Energies (kJ/mol)
        G96Bond       G96Angle    Proper Dih.  Improper Dih.          LJ-14
    1.12396e+04    2.44127e+04    5.47402e+03    1.70377e+03    1.50263e+04
     Coulomb-14        LJ (SR)   Coulomb (SR)   Coul. recip.      Potential
   -1.08149e+05    7.42974e+04   -6.94296e+05    2.42389e+03   -6.67866e+05
    Kinetic En.   Total Energy  Conserved En.    Temperature Pressure (bar)
    1.43749e+05   -5.24117e+05   -4.85270e+05    3.01873e+02    7.73891e+01
   Constr. rmsd
    0.00000e+00

           Step           Time
         488000      488.00000

   Energies (kJ/mol)
        G96Bond       G96Angle    Proper Dih.  Improper Dih.          LJ-14
    1.14436e+04    2.40636e+04    5.30229e+03    1.71150e+03    1.48374e+04
     Coulomb-14        LJ (SR)   Coulomb (SR)   Coul. recip.      Potential
   -1.08045e+05    7.31594e+04   -6.92909e+05    2.36884e+03   -6.68067e+05
    Kinetic En.   Total Energy  Conserved En.    Temperature Pressure (bar)
    1.42767e+05   -5.25300e+05   -4.85351e+05    2.99811e+02   -1.33314e+02
   Constr. rmsd
    0.00000e+00

           Step           Time
         489000      489.00000

   Energies (kJ/mol)
        G96Bond       G96Angle    Proper Dih.  Improper Dih.          LJ-14
    1.11650e+04    2.41224e+04    5.40435e+03    1.87437e+03    1.49510e+04
     Coulomb-14        LJ (SR)   Coulomb (SR)   Coul. recip.      Potential
   -1.08293e+05    7.33695e+04   -6.93297e+05    2.35498e+03   -6.68349e+05
    Kinetic En.   Total Energy  Conserved En.    Temperature Pressure (bar)
    1.43158e+05   -5.25191e+05   -4.85305e+05    3.00633e+02   -1.31071e+01
   Constr. rmsd
    0.00000e+00

           Step           Time
         490000      490.00000

   Energies (kJ/mol)
        G96Bond       G96Angle    Proper Dih.  Improper Dih.          LJ-14
    1.11832e+04    2.39562e+04    5.41101e+03    1.76019e+03    1.51693e+04
     Coulomb-14        LJ (SR)   Coulomb (SR)   Coul. recip.      Potential
   -1.08128e+05    7.45099e+04   -6.95382e+05    2.37838e+03   -6.69142e+05
    Kinetic En.   Total Energy  Conserved En.    Temperature Pressure (bar)
    1.43355e+05   -5.25787e+05   -4.85351e+05    3.01045e+02    2.23234e+02
   Constr. rmsd
    0.00000e+00

           Step           Time
         491000      491.00000

   Energies (kJ/mol)
        G96Bond       G96Angle    Proper Dih.  Improper Dih.          LJ-14
    1.12138e+04    2.43610e+04    5.46505e+03    1.79787e+03    1.49349e+04
     Coulomb-14        LJ (SR)   Coulomb (SR)   Coul. recip.      Potential
   -1.07989e+05    7.31076e+04   -6.94168e+05    2.35459e+03   -6.68922e+05
    Kinetic En.   Total Energy  Conserved En.    Temperature Pressure (bar)
    1.42825e+05   -5.26097e+05   -4.85230e+05    2.99933e+02   -1.70194e+02
   Constr. rmsd
    0.00000e+00

           Step           Time
         492000      492.00000

   Energies (kJ/mol)
        G96Bond       G96Angle    Proper Dih.  Improper Dih.          LJ-14
    1.11566e+04    2.37174e+04    5.40910e+03    1.80422e+03    1.51271e+04
     Coulomb-14        LJ (SR)   Coulomb (SR)   Coul. recip.      Potential
   -1.08448e+05    7.34146e+04   -6.94868e+05    2.51750e+03   -6.70170e+05
    Kinetic En.   Total Energy  Conserved En.    Temperature Pressure (bar)
    1.43637e+05   -5.26532e+05   -4.85143e+05    3.01639e+02    1.05146e+02
   Constr. rmsd
    0.00000e+00

           Step           Time
         493000      493.00000

   Energies (kJ/mol)
        G96Bond       G96Angle    Proper Dih.  Improper Dih.          LJ-14
    1.10687e+04    2.39813e+04    5.35587e+03    1.72570e+03    1.50417e+04
     Coulomb-14        LJ (SR)   Coulomb (SR)   Coul. recip.      Potential
   -1.08036e+05    7.47115e+04   -6.96181e+05    2.32126e+03   -6.70010e+05
    Kinetic En.   Total Energy  Conserved En.    Temperature Pressure (bar)
    1.42764e+05   -5.27246e+05   -4.85078e+05    2.99804e+02    1.70649e+02
   Constr. rmsd
    0.00000e+00

           Step           Time
         494000      494.00000

   Energies (kJ/mol)
        G96Bond       G96Angle    Proper Dih.  Improper Dih.          LJ-14
    1.14365e+04    2.37211e+04    5.39195e+03    1.76896e+03    1.48125e+04
     Coulomb-14        LJ (SR)   Coulomb (SR)   Coul. recip.      Potential
   -1.07928e+05    7.39587e+04   -6.95167e+05    2.41696e+03   -6.69588e+05
    Kinetic En.   Total Energy  Conserved En.    Temperature Pressure (bar)
    1.42688e+05   -5.26900e+05   -4.85086e+05    2.99644e+02   -1.55275e+01
   Constr. rmsd
    0.00000e+00

           Step           Time
         495000      495.00000

   Energies (kJ/mol)
        G96Bond       G96Angle    Proper Dih.  Improper Dih.          LJ-14
    1.12066e+04    2.42498e+04    5.40647e+03    1.73056e+03    1.50900e+04
     Coulomb-14        LJ (SR)   Coulomb (SR)   Coul. recip.      Potential
   -1.07743e+05    7.50650e+04   -6.97420e+05    2.28068e+03   -6.70135e+05
    Kinetic En.   Total Energy  Conserved En.    Temperature Pressure (bar)
    1.42244e+05   -5.27891e+05   -4.84952e+05    2.98712e+02    1.93097e+02
   Constr. rmsd
    0.00000e+00

           Step           Time
         496000      496.00000

   Energies (kJ/mol)
        G96Bond       G96Angle    Proper Dih.  Improper Dih.          LJ-14
    1.12952e+04    2.40451e+04    5.35026e+03    1.81951e+03    1.47947e+04
     Coulomb-14        LJ (SR)   Coulomb (SR)   Coul. recip.      Potential
   -1.07987e+05    7.48766e+04   -6.96798e+05    2.41966e+03   -6.70184e+05
    Kinetic En.   Total Energy  Conserved En.    Temperature Pressure (bar)
    1.41894e+05   -5.28290e+05   -4.84922e+05    2.97978e+02   -1.55355e+02
   Constr. rmsd
    0.00000e+00

           Step           Time
         497000      497.00000

   Energies (kJ/mol)
        G96Bond       G96Angle    Proper Dih.  Improper Dih.          LJ-14
    1.14830e+04    2.35143e+04    5.35129e+03    1.70208e+03    1.51915e+04
     Coulomb-14        LJ (SR)   Coulomb (SR)   Coul. recip.      Potential
   -1.07934e+05    7.34884e+04   -6.95607e+05    2.35388e+03   -6.70456e+05
    Kinetic En.   Total Energy  Conserved En.    Temperature Pressure (bar)
    1.42165e+05   -5.28291e+05   -4.84782e+05    2.98548e+02   -8.24392e+01
   Constr. rmsd
    0.00000e+00

           Step           Time
         498000      498.00000

   Energies (kJ/mol)
        G96Bond       G96Angle    Proper Dih.  Improper Dih.          LJ-14
    1.13467e+04    2.37033e+04    5.45572e+03    1.78204e+03    1.50348e+04
     Coulomb-14        LJ (SR)   Coulomb (SR)   Coul. recip.      Potential
   -1.08008e+05    7.37448e+04   -6.95631e+05    2.38333e+03   -6.70188e+05
    Kinetic En.   Total Energy  Conserved En.    Temperature Pressure (bar)
    1.41748e+05   -5.28441e+05   -4.84799e+05    2.97670e+02   -6.46418e+01
   Constr. rmsd
    0.00000e+00

           Step           Time
         499000      499.00000

   Energies (kJ/mol)
        G96Bond       G96Angle    Proper Dih.  Improper Dih.          LJ-14
    1.11867e+04    2.38887e+04    5.35195e+03    1.80048e+03    1.47733e+04
     Coulomb-14        LJ (SR)   Coulomb (SR)   Coul. recip.      Potential
   -1.07950e+05    7.40287e+04   -6.96489e+05    2.35998e+03   -6.71049e+05
    Kinetic En.   Total Energy  Conserved En.    Temperature Pressure (bar)
    1.42474e+05   -5.28575e+05   -4.84731e+05    2.99196e+02   -1.00155e+02
   Constr. rmsd
    0.00000e+00

           Step           Time
         500000      500.00000

Writing checkpoint, step 500000 at Fri Aug 15 15:04:28 2025


   Energies (kJ/mol)
        G96Bond       G96Angle    Proper Dih.  Improper Dih.          LJ-14
    1.13073e+04    2.39794e+04    5.40993e+03    1.78656e+03    1.49569e+04
     Coulomb-14        LJ (SR)   Coulomb (SR)   Coul. recip.      Potential
   -1.08224e+05    7.47081e+04   -6.96736e+05    2.35050e+03   -6.70462e+05
    Kinetic En.   Total Energy  Conserved En.    Temperature Pressure (bar)
    1.42061e+05   -5.28401e+05   -4.84615e+05    2.98329e+02    9.95585e+01
   Constr. rmsd
    0.00000e+00


Energy conservation over simulation part #1 of length 500 ps, time 0 to 500 ps
  Conserved energy drift: 1.21e-03 kJ/mol/ps per atom


	<======  ###############  ==>
	<====  A V E R A G E S  ====>
	<==  ###############  ======>

	Statistics over 500001 steps using 5001 frames

   Energies (kJ/mol)
        G96Bond       G96Angle    Proper Dih.  Improper Dih.          LJ-14
    1.13396e+04    2.40835e+04    5.34973e+03    1.74997e+03    1.50337e+04
     Coulomb-14        LJ (SR)   Coulomb (SR)   Coul. recip.      Potential
   -1.08148e+05    7.38086e+04   -6.93861e+05    2.43369e+03   -6.68211e+05
    Kinetic En.   Total Energy  Conserved En.    Temperature Pressure (bar)
    1.42828e+05   -5.25382e+05   -4.94387e+05    2.99940e+02   -7.16043e+01
   Constr. rmsd
    0.00000e+00

          Box-X          Box-Y          Box-Z
    1.00000e+01    1.00000e+01    5.76213e+00

   Total Virial (kJ/mol)
    4.89793e+04   -1.03847e+01   -3.69281e+00
   -1.03734e+01    4.91742e+04   -1.66822e+00
   -3.68486e+00   -1.66644e+00    4.85906e+04

   Pressure (bar)
   -7.19760e+01   -2.51381e-02   -6.17722e-01
   -2.57887e-02   -8.54962e+01    1.24696e+00
   -6.18187e-01    1.24685e+00   -5.73407e+01


	M E G A - F L O P S   A C C O U N T I N G

 NB=Group-cutoff nonbonded kernels    NxN=N-by-N cluster Verlet kernels
 RF=Reaction-Field  VdW=Van der Waals  QSTab=quadratic-spline table
 W3=SPC/TIP3p  W4=TIP4p (single or pairs)
 V&F=Potential and force  V=Potential only  F=Force only

 Computing:                               M-Number         M-Flops  % Flops
-----------------------------------------------------------------------------
 Pair Search distance check           28687.689296      258189.204     0.0
 NxN Ewald Elec. + LJ [F]          30082848.434496  2346462177.891    98.2
 NxN Ewald Elec. + LJ [V&F]          303928.444672    39206769.363     1.6
 1,4 nonbonded interactions           14674.029348     1320662.641     0.1
 Shift-X                                270.464082        1622.784     0.0
 Bonds                                 3199.006398      188741.377     0.0
 Angles                               10470.020940     1758963.518     0.1
 Propers                               3056.006112      699825.400     0.0
 Impropers                             1193.002386      248144.496     0.0
 Virial                                 270.689127        4872.404     0.0
 Stop-CM                                270.464082        2704.641     0.0
 P-Coupling                             270.464082        1622.784     0.0
 Calc-Ekin                              540.928164       14605.060     0.0
-----------------------------------------------------------------------------
 Total                                              2390168901.564   100.0
-----------------------------------------------------------------------------


      R E A L   C Y C L E   A N D   T I M E   A C C O U N T I N G

On 1 MPI rank, each using 12 OpenMP threads

 Activity:              Num   Num      Call    Wall time         Giga-Cycles
                        Ranks Threads  Count      (s)         total sum    %
--------------------------------------------------------------------------------
 Neighbor search           1   12       5001      19.674        634.600   2.1
 Launch PP GPU ops.        1   12     995001      18.140        585.125   1.9
 Force                     1   12     500001     172.076       5550.577  18.3
 PME GPU mesh              1   12     500001      16.018        516.684   1.7
 Wait GPU NB local         1   12     500001      13.397        432.138   1.4
 Wait GPU state copy       1   12     530003     693.609      22373.371  73.6
 NB X/F buffer ops.        1   12       5001       0.642         20.697   0.1
 Write traj.               1   12        502       1.571         50.665   0.2
 Rest                                              7.634        246.255   0.8
--------------------------------------------------------------------------------
 Total                                           942.761      30410.111 100.0
--------------------------------------------------------------------------------
 Breakdown of PME mesh activities
--------------------------------------------------------------------------------
 Wait PME GPU gather       1   12     500001       1.089         35.139   0.1
 Reduce GPU PME F          1   12     500001       0.291          9.378   0.0
 Launch PME GPU ops.       1   12    4500009      13.981        450.977   1.5
--------------------------------------------------------------------------------

               Core t (s)   Wall t (s)        (%)
       Time:    11313.076      942.761     1200.0
                 (ns/day)    (hour/ns)
Performance:       45.823        0.524
Finished mdrun on rank 0 Fri Aug 15 15:04:28 2025

