                      :-) GROMACS - gmx mdrun, 2024.2 (-:

Copyright 1991-2024 The GROMACS Authors.
GROMACS is free software; you can redistribute it and/or modify it
under the terms of the GNU Lesser General Public License
as published by the Free Software Foundation; either version 2.1
of the License, or (at your option) any later version.

                         Current GROMACS contributors:
       Mark Abraham           Andrey Alekseenko           Vladimir Basov      
      Cathrine Bergh            Eliane Briand               Ania Brown        
      Mahesh Doijade            Giacomo Fiorin          Stefan Fleischmann    
      Sergey Gorelov         Gilles Gouaillardet            Alan Gray         
     M. Eric Irrgang         Farzaneh Jalalypour            Joe Jordan        
     Carsten Kutzner           Justin A. Lemkul          Magnus Lundborg      
       Pascal Merz              Vedran Miletic            Dmitry Morozov      
       Julien Nabet              Szilard Pall        Andrea Pasquadibisceglie 
    Michele Pellegrino          Hubert Santuz             Roland Schulz       
     Tatiana Shugaeva          Alexey Shvetsov            Philip Turner       
     Alessandra Villa      Sebastian Wingbermuehle  

                         Previous GROMACS contributors:
        Emile Apol             Rossen Apostolov           James Barnett       
        Paul Bauer          Herman J.C. Berendsen          Par Bjelkmar       
      Christian Blau          Viacheslav Bolnykh            Kevin Boyd        
    Aldert van Buuren          Carlo Camilloni           Rudi van Drunen      
      Anton Feenstra           Oliver Fleetwood            Vytas Gapsys       
       Gaurav Garg             Gerrit Groenhof            Bert de Groot       
      Anca Hamuraru           Vincent Hindriksen          Victor Holanda      
     Aleksei Iupinov          Christoph Junghans        Prashanth Kanduri     
   Dimitrios Karkoulis           Peter Kasson             Sebastian Kehl      
     Sebastian Keller             Jiri Kraus               Per Larsson        
      Viveca Lindahl            Erik Marklund           Pieter Meulenhoff     
      Teemu Murtola              Sander Pronk             Michael Shirts      
      Alfons Sijbers            Balint Soproni         David van der Spoel    
      Peter Tieleman            Carsten Uphoff             Jon Vincent        
     Teemu Virolainen         Christian Wennberg           Maarten Wolf       
      Artem Zhmurov       

                  Coordinated by the GROMACS project leaders:
                           Berk Hess and Erik Lindahl

GROMACS:      gmx mdrun, version 2024.2
Executable:   /usr/local/gromacs/bin/gmx
Data prefix:  /usr/local/gromacs
Working dir:  /home/ricardo/dropbox_local/protocolo_filmes/casting_md/example/chitosan/4_md
Process ID:   91565
Command line:
  gmx mdrun -deffnm step5 -v

GROMACS version:     2024.2
Precision:           mixed
Memory model:        64 bit
MPI library:         thread_mpi
OpenMP support:      enabled (GMX_OPENMP_MAX_THREADS = 128)
GPU support:         CUDA
NBNxM GPU setup:     super-cluster 2x2x2 / cluster 8
SIMD instructions:   AVX2_256
CPU FFT library:     fftw-3.3.8-sse2-avx
GPU FFT library:     cuFFT
Multi-GPU FFT:       none
RDTSCP usage:        enabled
TNG support:         enabled
Hwloc support:       disabled
Tracing support:     disabled
C compiler:          /usr/bin/gcc-9 GNU 9.5.0
C compiler flags:    -fexcess-precision=fast -funroll-all-loops -mavx2 -mfma -Wno-missing-field-initializers -O3 -DNDEBUG
C++ compiler:        /usr/bin/c++ GNU 11.4.0
C++ compiler flags:  -fexcess-precision=fast -funroll-all-loops -mavx2 -mfma -Wno-missing-field-initializers -Wno-cast-function-type-strict -fopenmp -O3 -DNDEBUG
BLAS library:        External - detected on the system
LAPACK library:      External - detected on the system
CUDA compiler:       /usr/bin/nvcc nvcc: NVIDIA (R) Cuda compiler driver;Copyright (c) 2005-2021 NVIDIA Corporation;Built on Thu_Nov_18_09:45:30_PST_2021;Cuda compilation tools, release 11.5, V11.5.119;Build cuda_11.5.r11.5/compiler.30672275_0
CUDA compiler flags:-std=c++17;;-D_FORCE_INLINES;-Xcompiler;-fopenmp;-fexcess-precision=fast -funroll-all-loops -mavx2 -mfma -Wno-missing-field-initializers -Wno-cast-function-type-strict -fopenmp -O3 -DNDEBUG
CUDA driver:         12.70
CUDA runtime:        11.50


Running on 1 node with total 6 cores, 12 processing units, 1 compatible GPU
Hardware detected on host pop-os:
  CPU info:
    Vendor: Intel
    Brand:  11th Gen Intel(R) Core(TM) i5-11400H @ 2.70GHz
    Family: 6   Model: 141   Stepping: 1
    Features: aes apic avx avx2 avx512f avx512cd avx512bw avx512vl avx512secondFMA clfsh cmov cx8 cx16 f16c fma htt intel lahf mmx msr nonstop_tsc pcid pclmuldq pdcm pdpe1gb popcnt pse rdrnd rdtscp sha sse2 sse3 sse4.1 sse4.2 ssse3 tdt x2apic
    Number of AVX-512 FMA units: 1 (For Intel, AVX2 is faster w/o 2 AVX-512 FMA units)
  Hardware topology: Basic
    Packages, cores, and logical processors:
    [indices refer to OS logical processors]
      Package  0: [   0   6] [   1   7] [   2   8] [   3   9] [   4  10] [   5  11]
    CPU limit set by OS: -1   Recommended max number of threads: 12
  GPU info:
    Number of GPUs detected: 1
    #0: NVIDIA NVIDIA GeForce RTX 3050 Laptop GPU, compute cap.: 8.6, ECC:  no, stat: compatible


++++ PLEASE READ AND CITE THE FOLLOWING REFERENCE ++++
M. J. Abraham, T. Murtola, R. Schulz, S. Páll, J. C. Smith, B. Hess, E.
Lindahl
GROMACS: High performance molecular simulations through multi-level
parallelism from laptops to supercomputers
SoftwareX 1 (2015) pp. 19-25
-------- -------- --- Thank You --- -------- --------


++++ PLEASE READ AND CITE THE FOLLOWING REFERENCE ++++
S. Páll, M. J. Abraham, C. Kutzner, B. Hess, E. Lindahl
Tackling Exascale Software Challenges in Molecular Dynamics Simulations with
GROMACS
In S. Markidis & E. Laure (Eds.), Solving Software Challenges for Exascale 8759 (2015) pp. 3-27
-------- -------- --- Thank You --- -------- --------


++++ PLEASE READ AND CITE THE FOLLOWING REFERENCE ++++
S. Pronk, S. Páll, R. Schulz, P. Larsson, P. Bjelkmar, R. Apostolov, M. R.
Shirts, J. C. Smith, P. M. Kasson, D. van der Spoel, B. Hess, and E. Lindahl
GROMACS 4.5: a high-throughput and highly parallel open source molecular
simulation toolkit
Bioinformatics 29 (2013) pp. 845-54
-------- -------- --- Thank You --- -------- --------


++++ PLEASE READ AND CITE THE FOLLOWING REFERENCE ++++
B. Hess and C. Kutzner and D. van der Spoel and E. Lindahl
GROMACS 4: Algorithms for highly efficient, load-balanced, and scalable
molecular simulation
J. Chem. Theory Comput. 4 (2008) pp. 435-447
-------- -------- --- Thank You --- -------- --------


++++ PLEASE READ AND CITE THE FOLLOWING REFERENCE ++++
D. van der Spoel, E. Lindahl, B. Hess, G. Groenhof, A. E. Mark and H. J. C.
Berendsen
GROMACS: Fast, Flexible and Free
J. Comp. Chem. 26 (2005) pp. 1701-1719
-------- -------- --- Thank You --- -------- --------


++++ PLEASE READ AND CITE THE FOLLOWING REFERENCE ++++
E. Lindahl and B. Hess and D. van der Spoel
GROMACS 3.0: A package for molecular simulation and trajectory analysis
J. Mol. Mod. 7 (2001) pp. 306-317
-------- -------- --- Thank You --- -------- --------


++++ PLEASE READ AND CITE THE FOLLOWING REFERENCE ++++
H. J. C. Berendsen, D. van der Spoel and R. van Drunen
GROMACS: A message-passing parallel molecular dynamics implementation
Comp. Phys. Comm. 91 (1995) pp. 43-56
-------- -------- --- Thank You --- -------- --------


++++ PLEASE CITE THE DOI FOR THIS VERSION OF GROMACS ++++
https://doi.org/10.5281/zenodo.11148655
-------- -------- --- Thank You --- -------- --------

Input Parameters:
   integrator                     = md
   tinit                          = 0
   dt                             = 0.001
   nsteps                         = 2000000
   init-step                      = 0
   simulation-part                = 1
   mts                            = false
   mass-repartition-factor        = 1
   comm-mode                      = Linear
   nstcomm                        = 100
   bd-fric                        = 0
   ld-seed                        = -135417857
   emtol                          = 10
   emstep                         = 0.01
   niter                          = 20
   fcstep                         = 0
   nstcgsteep                     = 1000
   nbfgscorr                      = 10
   rtpi                           = 0.05
   nstxout                        = 5000
   nstvout                        = 5000
   nstfout                        = 0
   nstlog                         = 5000
   nstcalcenergy                  = 100
   nstenergy                      = 5000
   nstxout-compressed             = 5000
   compressed-x-precision         = 1000
   cutoff-scheme                  = Verlet
   nstlist                        = 10
   pbc                            = xyz
   periodic-molecules             = false
   verlet-buffer-tolerance        = 0.005
   verlet-buffer-pressure-tolerance = 0.5
   rlist                          = 1.2
   coulombtype                    = PME
   coulomb-modifier               = Potential-shift
   rcoulomb-switch                = 0
   rcoulomb                       = 1.2
   epsilon-r                      = 1
   epsilon-rf                     = inf
   vdw-type                       = Cut-off
   vdw-modifier                   = Force-switch
   rvdw-switch                    = 1
   rvdw                           = 1.2
   DispCorr                       = No
   table-extension                = 1
   fourierspacing                 = 0.16
   fourier-nx                     = 64
   fourier-ny                     = 64
   fourier-nz                     = 28
   pme-order                      = 4
   ewald-rtol                     = 1e-05
   ewald-rtol-lj                  = 0.001
   lj-pme-comb-rule               = Geometric
   ewald-geometry                 = 3d
   epsilon-surface                = 0
   ensemble-temperature-setting   = constant
   ensemble-temperature           = 300
   tcoupl                         = V-rescale
   nsttcouple                     = 100
   nh-chain-length                = 0
   print-nose-hoover-chain-variables = false
   pcoupl                         = C-rescale
   pcoupltype                     = Semiisotropic
   nstpcouple                     = 100
   tau-p                          = 5
   compressibility (3x3):
      compressibility[    0]={ 0.00000e+00,  0.00000e+00,  0.00000e+00}
      compressibility[    1]={ 0.00000e+00,  0.00000e+00,  0.00000e+00}
      compressibility[    2]={ 0.00000e+00,  0.00000e+00,  4.50000e-05}
   ref-p (3x3):
      ref-p[    0]={ 0.00000e+00,  0.00000e+00,  0.00000e+00}
      ref-p[    1]={ 0.00000e+00,  0.00000e+00,  0.00000e+00}
      ref-p[    2]={ 0.00000e+00,  0.00000e+00,  1.00000e+00}
   refcoord-scaling               = No
   posres-com (3):
      posres-com[0]= 0.00000e+00
      posres-com[1]= 0.00000e+00
      posres-com[2]= 0.00000e+00
   posres-comB (3):
      posres-comB[0]= 0.00000e+00
      posres-comB[1]= 0.00000e+00
      posres-comB[2]= 0.00000e+00
   QMMM                           = false
qm-opts:
   ngQM                           = 0
   constraint-algorithm           = Lincs
   continuation                   = true
   Shake-SOR                      = false
   shake-tol                      = 0.0001
   lincs-order                    = 4
   lincs-iter                     = 2
   lincs-warnangle                = 30
   nwall                          = 0
   wall-type                      = 9-3
   wall-r-linpot                  = -1
   wall-atomtype[0]               = -1
   wall-atomtype[1]               = -1
   wall-density[0]                = 0
   wall-density[1]                = 0
   wall-ewald-zfac                = 3
   pull                           = false
   awh                            = false
   rotation                       = false
   interactiveMD                  = false
   disre                          = No
   disre-weighting                = Conservative
   disre-mixed                    = false
   dr-fc                          = 1000
   dr-tau                         = 0
   nstdisreout                    = 100
   orire-fc                       = 0
   orire-tau                      = 0
   nstorireout                    = 100
   free-energy                    = no
   cos-acceleration               = 0
   deform (3x3):
      deform[    0]={ 0.00000e+00,  0.00000e+00,  0.00000e+00}
      deform[    1]={ 0.00000e+00,  0.00000e+00,  0.00000e+00}
      deform[    2]={ 0.00000e+00,  0.00000e+00,  0.00000e+00}
   simulated-tempering            = false
   swapcoords                     = no
   userint1                       = 0
   userint2                       = 0
   userint3                       = 0
   userint4                       = 0
   userreal1                      = 0
   userreal2                      = 0
   userreal3                      = 0
   userreal4                      = 0
   applied-forces:
     electric-field:
       x:
         E0                       = 0
         omega                    = 0
         t0                       = 0
         sigma                    = 0
       y:
         E0                       = 0
         omega                    = 0
         t0                       = 0
         sigma                    = 0
       z:
         E0                       = 0
         omega                    = 0
         t0                       = 0
         sigma                    = 0
     density-guided-simulation:
       active                     = false
       group                      = protein
       similarity-measure         = inner-product
       atom-spreading-weight      = unity
       force-constant             = 1e+09
       gaussian-transform-spreading-width = 0.2
       gaussian-transform-spreading-range-in-multiples-of-width = 4
       reference-density-filename = reference.mrc
       nst                        = 1
       normalize-densities        = true
       adaptive-force-scaling     = false
       adaptive-force-scaling-time-constant = 4
       shift-vector               = 
       transformation-matrix      = 
     qmmm-cp2k:
       active                     = false
       qmgroup                    = System
       qmmethod                   = PBE
       qmfilenames                = 
       qmcharge                   = 0
       qmmultiplicity             = 1
     colvars:
       active                     = false
       configfile                 = 
       seed                       = -1
grpopts:
   nrdf:       83155
   ref-t:         300
   tau-t:           1
annealing:          No
annealing-npoints:           0
   acc:	           0           0           0
   nfreeze:           N           N           N
   energygrp-flags[  0]: 0

Changing nstlist from 10 to 100, rlist from 1.2 to 1.267

When checking whether update groups are usable:
  Domain decomposition is not active, so there is no need for update groups
1 GPU selected for this run.
Mapping of GPU IDs to the 2 GPU tasks in the 1 rank on this node:
  PP:0,PME:0
PP tasks will do (non-perturbed) short-ranged interactions on the GPU
PP task will update and constrain coordinates on the GPU
PME tasks will do all aspects on the GPU
Using 1 MPI thread
Using 12 OpenMP threads 

System total charge: 0.000
Will do PME sum in reciprocal space for electrostatic interactions.

++++ PLEASE READ AND CITE THE FOLLOWING REFERENCE ++++
U. Essmann, L. Perera, M. L. Berkowitz, T. Darden, H. Lee and L. G. Pedersen 
A smooth particle mesh Ewald method
J. Chem. Phys. 103 (1995) pp. 8577-8592
-------- -------- --- Thank You --- -------- --------

Using a Gaussian width (1/beta) of 0.384195 nm for Ewald
Potential shift: LJ r^-12: -2.648e-01 r^-6: -5.349e-01, Ewald -8.333e-06
Initialized non-bonded Coulomb Ewald tables, spacing: 1.02e-03 size: 1176

Generated table with 1133 data points for 1-4 COUL.
Tabscale = 500 points/nm
Generated table with 1133 data points for 1-4 LJ6.
Tabscale = 500 points/nm
Generated table with 1133 data points for 1-4 LJ12.
Tabscale = 500 points/nm


Using GPU 8x8 nonbonded short-range kernels

Using a dual 8x8 pair-list setup updated with dynamic, rolling pruning:
  outer list: updated every 100 steps, buffer 0.067 nm, rlist 1.267 nm
  inner list: updated every  36 steps, buffer 0.002 nm, rlist 1.202 nm
At tolerance 0.005 kJ/mol/ps per atom, equivalent classical 1x1 list would be:
  outer list: updated every 100 steps, buffer 0.205 nm, rlist 1.405 nm
  inner list: updated every  36 steps, buffer 0.075 nm, rlist 1.275 nm

The average pressure is off by at most 0.19 bar due to missing LJ interactions

Pinning threads with an auto-selected logical cpu stride of 1

Initializing LINear Constraint Solver

++++ PLEASE READ AND CITE THE FOLLOWING REFERENCE ++++
B. Hess and H. Bekker and H. J. C. Berendsen and J. G. E. M. Fraaije
LINCS: A Linear Constraint Solver for molecular simulations
J. Comp. Chem. 18 (1997) pp. 1463-1472
-------- -------- --- Thank You --- -------- --------

The number of constraints is 5396

++++ PLEASE READ AND CITE THE FOLLOWING REFERENCE ++++
S. Miyamoto and P. A. Kollman
SETTLE: An Analytical Version of the SHAKE and RATTLE Algorithms for Rigid
Water Models
J. Comp. Chem. 13 (1992) pp. 952-962
-------- -------- --- Thank You --- -------- --------


++++ PLEASE READ AND CITE THE FOLLOWING REFERENCE ++++
G. Bussi, D. Donadio and M. Parrinello
Canonical sampling through velocity rescaling
J. Chem. Phys. 126 (2007) pp. 014101
-------- -------- --- Thank You --- -------- --------


++++ PLEASE READ AND CITE THE FOLLOWING REFERENCE ++++
M. Bernetti, G. Bussi
Pressure control using stochastic cell rescaling
J. Chem. Phys. 153 (2020) pp. 114107
-------- -------- --- Thank You --- -------- --------

There are: 38571 Atoms

Updating coordinates and applying constraints on the GPU.
Center of mass motion removal mode is Linear
We have the following groups for center of mass motion removal:
  0:  rest

Started mdrun on rank 0 Fri Aug 15 17:36:52 2025

           Step           Time
              0        0.00000

   Energies (kJ/mol)
        G96Bond       G96Angle    Proper Dih.  Improper Dih.          LJ-14
    1.08256e+04    2.31671e+04    5.05034e+03    1.50519e+03    1.41191e+04
     Coulomb-14        LJ (SR)   Coulomb (SR)   Coul. recip.      Potential
   -6.21667e+04    4.06043e+04   -4.60362e+05    1.60842e+03   -4.25649e+05
    Kinetic En.   Total Energy  Conserved En.    Temperature Pressure (bar)
    1.04555e+05   -3.21094e+05   -3.21103e+05    3.02449e+02    4.22594e+00
   Constr. rmsd
    0.00000e+00

step 4000: timed with pme grid 64 64 28, coulomb cutoff 1.200: 348.3 M-cycles
step 4200: timed with pme grid 60 60 25, coulomb cutoff 1.250: 376.0 M-cycles
step 4400: timed with pme grid 52 52 20, coulomb cutoff 1.518: 554.3 M-cycles
step 4600: timed with pme grid 52 52 24, coulomb cutoff 1.442: 496.9 M-cycles
step 4800: timed with pme grid 56 56 24, coulomb cutoff 1.339: 423.6 M-cycles
step 5000: timed with pme grid 60 60 24, coulomb cutoff 1.265: 382.8 M-cycles
           Step           Time
           5000        5.00000

   Energies (kJ/mol)
        G96Bond       G96Angle    Proper Dih.  Improper Dih.          LJ-14
    1.09401e+04    2.28226e+04    5.23995e+03    1.49297e+03    1.41143e+04
     Coulomb-14        LJ (SR)   Coulomb (SR)   Coul. recip.      Potential
   -6.22482e+04    3.85459e+04   -4.57612e+05    1.40654e+03   -4.25298e+05
    Kinetic En.   Total Energy  Conserved En.    Temperature Pressure (bar)
    1.03695e+05   -3.21603e+05   -3.20929e+05    2.99961e+02   -2.45511e+02
   Constr. rmsd
    0.00000e+00

step 5200: timed with pme grid 60 60 25, coulomb cutoff 1.250: 375.5 M-cycles
step 5400: timed with pme grid 64 64 25, coulomb cutoff 1.215: 356.3 M-cycles
step 5600: timed with pme grid 64 64 28, coulomb cutoff 1.200: 346.1 M-cycles
              optimal pme grid 64 64 28, coulomb cutoff 1.200
           Step           Time
          10000       10.00000

   Energies (kJ/mol)
        G96Bond       G96Angle    Proper Dih.  Improper Dih.          LJ-14
    1.10230e+04    2.30646e+04    5.03971e+03    1.50871e+03    1.39636e+04
     Coulomb-14        LJ (SR)   Coulomb (SR)   Coul. recip.      Potential
   -6.20501e+04    3.85307e+04   -4.57444e+05    1.63890e+03   -4.24725e+05
    Kinetic En.   Total Energy  Conserved En.    Temperature Pressure (bar)
    1.04646e+05   -3.20079e+05   -3.20674e+05    3.02712e+02   -4.28424e+02
   Constr. rmsd
    0.00000e+00

           Step           Time
          15000       15.00000

   Energies (kJ/mol)
        G96Bond       G96Angle    Proper Dih.  Improper Dih.          LJ-14
    1.09535e+04    2.26552e+04    5.07706e+03    1.59101e+03    1.42588e+04
     Coulomb-14        LJ (SR)   Coulomb (SR)   Coul. recip.      Potential
   -6.21805e+04    3.96091e+04   -4.58428e+05    1.61967e+03   -4.24845e+05
    Kinetic En.   Total Energy  Conserved En.    Temperature Pressure (bar)
    1.03248e+05   -3.21596e+05   -3.20947e+05    2.98669e+02    7.27670e+01
   Constr. rmsd
    0.00000e+00

           Step           Time
          20000       20.00000

   Energies (kJ/mol)
        G96Bond       G96Angle    Proper Dih.  Improper Dih.          LJ-14
    1.07230e+04    2.30722e+04    5.06474e+03    1.61731e+03    1.40083e+04
     Coulomb-14        LJ (SR)   Coulomb (SR)   Coul. recip.      Potential
   -6.21741e+04    3.96333e+04   -4.58082e+05    1.63888e+03   -4.24499e+05
    Kinetic En.   Total Energy  Conserved En.    Temperature Pressure (bar)
    1.04207e+05   -3.20292e+05   -3.20913e+05    3.01442e+02   -1.60018e+02
   Constr. rmsd
    0.00000e+00

           Step           Time
          25000       25.00000

   Energies (kJ/mol)
        G96Bond       G96Angle    Proper Dih.  Improper Dih.          LJ-14
    1.09821e+04    2.29599e+04    5.16231e+03    1.44928e+03    1.41952e+04
     Coulomb-14        LJ (SR)   Coulomb (SR)   Coul. recip.      Potential
   -6.20056e+04    3.95103e+04   -4.58955e+05    1.55485e+03   -4.25146e+05
    Kinetic En.   Total Energy  Conserved En.    Temperature Pressure (bar)
    1.04415e+05   -3.20732e+05   -3.20698e+05    3.02043e+02    4.01578e+01
   Constr. rmsd
    0.00000e+00

           Step           Time
          30000       30.00000

   Energies (kJ/mol)
        G96Bond       G96Angle    Proper Dih.  Improper Dih.          LJ-14
    1.09953e+04    2.34313e+04    5.12117e+03    1.51425e+03    1.40238e+04
     Coulomb-14        LJ (SR)   Coulomb (SR)   Coul. recip.      Potential
   -6.21577e+04    4.05363e+04   -4.60134e+05    1.60634e+03   -4.25063e+05
    Kinetic En.   Total Energy  Conserved En.    Temperature Pressure (bar)
    1.03832e+05   -3.21232e+05   -3.20416e+05    3.00357e+02   -1.06533e+02
   Constr. rmsd
    0.00000e+00

           Step           Time
          35000       35.00000

   Energies (kJ/mol)
        G96Bond       G96Angle    Proper Dih.  Improper Dih.          LJ-14
    1.04138e+04    2.34404e+04    5.10209e+03    1.58939e+03    1.44184e+04
     Coulomb-14        LJ (SR)   Coulomb (SR)   Coul. recip.      Potential
   -6.22267e+04    3.87563e+04   -4.57898e+05    1.68814e+03   -4.24716e+05
    Kinetic En.   Total Energy  Conserved En.    Temperature Pressure (bar)
    1.04321e+05   -3.20395e+05   -3.20486e+05    3.01773e+02    6.74206e+01
   Constr. rmsd
    0.00000e+00

           Step           Time
          40000       40.00000

   Energies (kJ/mol)
        G96Bond       G96Angle    Proper Dih.  Improper Dih.          LJ-14
    1.11167e+04    2.31898e+04    5.18386e+03    1.50080e+03    1.42947e+04
     Coulomb-14        LJ (SR)   Coulomb (SR)   Coul. recip.      Potential
   -6.24449e+04    3.96302e+04   -4.59253e+05    1.64285e+03   -4.25139e+05
    Kinetic En.   Total Energy  Conserved En.    Temperature Pressure (bar)
    1.04158e+05   -3.20981e+05   -3.20203e+05    3.01301e+02   -5.54682e+00
   Constr. rmsd
    0.00000e+00

           Step           Time
          45000       45.00000

   Energies (kJ/mol)
        G96Bond       G96Angle    Proper Dih.  Improper Dih.          LJ-14
    1.10279e+04    2.32882e+04    5.12797e+03    1.60192e+03    1.40915e+04
     Coulomb-14        LJ (SR)   Coulomb (SR)   Coul. recip.      Potential
   -6.23221e+04    4.00813e+04   -4.59905e+05    1.62079e+03   -4.25388e+05
    Kinetic En.   Total Energy  Conserved En.    Temperature Pressure (bar)
    1.03956e+05   -3.21432e+05   -3.20036e+05    3.00716e+02   -1.21573e+01
   Constr. rmsd
    0.00000e+00

           Step           Time
          50000       50.00000

   Energies (kJ/mol)
        G96Bond       G96Angle    Proper Dih.  Improper Dih.          LJ-14
    1.10136e+04    2.31216e+04    5.11392e+03    1.55976e+03    1.43305e+04
     Coulomb-14        LJ (SR)   Coulomb (SR)   Coul. recip.      Potential
   -6.22326e+04    4.01496e+04   -4.59421e+05    1.55611e+03   -4.24809e+05
    Kinetic En.   Total Energy  Conserved En.    Temperature Pressure (bar)
    1.03978e+05   -3.20831e+05   -3.19972e+05    3.00779e+02   -1.28309e+02
   Constr. rmsd
    0.00000e+00

           Step           Time
          55000       55.00000

   Energies (kJ/mol)
        G96Bond       G96Angle    Proper Dih.  Improper Dih.          LJ-14
    1.10257e+04    2.33462e+04    5.12937e+03    1.54205e+03    1.39483e+04
     Coulomb-14        LJ (SR)   Coulomb (SR)   Coul. recip.      Potential
   -6.23838e+04    3.96065e+04   -4.58900e+05    1.67864e+03   -4.25007e+05
    Kinetic En.   Total Energy  Conserved En.    Temperature Pressure (bar)
    1.03693e+05   -3.21314e+05   -3.19788e+05    2.99956e+02   -2.29467e+02
   Constr. rmsd
    0.00000e+00

           Step           Time
          60000       60.00000

   Energies (kJ/mol)
        G96Bond       G96Angle    Proper Dih.  Improper Dih.          LJ-14
    1.09594e+04    2.34114e+04    5.02085e+03    1.57143e+03    1.42165e+04
     Coulomb-14        LJ (SR)   Coulomb (SR)   Coul. recip.      Potential
   -6.23044e+04    4.06694e+04   -4.60914e+05    1.59904e+03   -4.25770e+05
    Kinetic En.   Total Energy  Conserved En.    Temperature Pressure (bar)
    1.03858e+05   -3.21912e+05   -3.19443e+05    3.00434e+02    1.15803e+02
   Constr. rmsd
    0.00000e+00

           Step           Time
          65000       65.00000

   Energies (kJ/mol)
        G96Bond       G96Angle    Proper Dih.  Improper Dih.          LJ-14
    1.09597e+04    2.33535e+04    5.11125e+03    1.57181e+03    1.41172e+04
     Coulomb-14        LJ (SR)   Coulomb (SR)   Coul. recip.      Potential
   -6.22599e+04    3.94894e+04   -4.59526e+05    1.65771e+03   -4.25526e+05
    Kinetic En.   Total Energy  Conserved En.    Temperature Pressure (bar)
    1.02967e+05   -3.22559e+05   -3.19306e+05    2.97855e+02    3.90342e+01
   Constr. rmsd
    0.00000e+00

           Step           Time
          70000       70.00000

   Energies (kJ/mol)
        G96Bond       G96Angle    Proper Dih.  Improper Dih.          LJ-14
    1.08832e+04    2.32541e+04    5.17760e+03    1.64437e+03    1.41552e+04
     Coulomb-14        LJ (SR)   Coulomb (SR)   Coul. recip.      Potential
   -6.23305e+04    3.89557e+04   -4.58179e+05    1.64828e+03   -4.24791e+05
    Kinetic En.   Total Energy  Conserved En.    Temperature Pressure (bar)
    1.03175e+05   -3.21616e+05   -3.19150e+05    2.98457e+02    5.02601e+01
   Constr. rmsd
    0.00000e+00

           Step           Time
          75000       75.00000

   Energies (kJ/mol)
        G96Bond       G96Angle    Proper Dih.  Improper Dih.          LJ-14
    1.09624e+04    2.27703e+04    5.08961e+03    1.62282e+03    1.41662e+04
     Coulomb-14        LJ (SR)   Coulomb (SR)   Coul. recip.      Potential
   -6.25747e+04    3.94316e+04   -4.58394e+05    1.58992e+03   -4.25336e+05
    Kinetic En.   Total Energy  Conserved En.    Temperature Pressure (bar)
    1.03701e+05   -3.21635e+05   -3.19247e+05    2.99979e+02   -6.32212e+01
   Constr. rmsd
    0.00000e+00

           Step           Time
          80000       80.00000

   Energies (kJ/mol)
        G96Bond       G96Angle    Proper Dih.  Improper Dih.          LJ-14
    1.07765e+04    2.33955e+04    5.02064e+03    1.57929e+03    1.39314e+04
     Coulomb-14        LJ (SR)   Coulomb (SR)   Coul. recip.      Potential
   -6.25574e+04    3.95987e+04   -4.58324e+05    1.66209e+03   -4.24917e+05
    Kinetic En.   Total Energy  Conserved En.    Temperature Pressure (bar)
    1.04343e+05   -3.20574e+05   -3.19020e+05    3.01836e+02   -9.31241e+01
   Constr. rmsd
    0.00000e+00

           Step           Time
          85000       85.00000

   Energies (kJ/mol)
        G96Bond       G96Angle    Proper Dih.  Improper Dih.          LJ-14
    1.07150e+04    2.33013e+04    5.09034e+03    1.50089e+03    1.41226e+04
     Coulomb-14        LJ (SR)   Coulomb (SR)   Coul. recip.      Potential
   -6.23985e+04    3.91015e+04   -4.58108e+05    1.63266e+03   -4.25042e+05
    Kinetic En.   Total Energy  Conserved En.    Temperature Pressure (bar)
    1.04009e+05   -3.21033e+05   -3.18886e+05    3.00870e+02   -1.48358e+02
   Constr. rmsd
    0.00000e+00

           Step           Time
          90000       90.00000

   Energies (kJ/mol)
        G96Bond       G96Angle    Proper Dih.  Improper Dih.          LJ-14
    1.08215e+04    2.30974e+04    5.08361e+03    1.62231e+03    1.41450e+04
     Coulomb-14        LJ (SR)   Coulomb (SR)   Coul. recip.      Potential
   -6.23171e+04    4.07970e+04   -4.61353e+05    1.59638e+03   -4.26507e+05
    Kinetic En.   Total Energy  Conserved En.    Temperature Pressure (bar)
    1.03189e+05   -3.23318e+05   -3.18704e+05    2.98497e+02    2.93309e+02
   Constr. rmsd
    0.00000e+00

           Step           Time
          95000       95.00000

   Energies (kJ/mol)
        G96Bond       G96Angle    Proper Dih.  Improper Dih.          LJ-14
    1.11917e+04    2.30597e+04    5.16684e+03    1.59675e+03    1.42202e+04
     Coulomb-14        LJ (SR)   Coulomb (SR)   Coul. recip.      Potential
   -6.25790e+04    3.82046e+04   -4.58280e+05    1.64791e+03   -4.25771e+05
    Kinetic En.   Total Energy  Conserved En.    Temperature Pressure (bar)
    1.04630e+05   -3.21141e+05   -3.18474e+05    3.02666e+02   -2.06830e+02
   Constr. rmsd
    0.00000e+00

           Step           Time
         100000      100.00000

   Energies (kJ/mol)
        G96Bond       G96Angle    Proper Dih.  Improper Dih.          LJ-14
    1.10424e+04    2.30756e+04    5.05205e+03    1.63912e+03    1.42901e+04
     Coulomb-14        LJ (SR)   Coulomb (SR)   Coul. recip.      Potential
   -6.23714e+04    4.04805e+04   -4.60503e+05    1.61822e+03   -4.25677e+05
    Kinetic En.   Total Energy  Conserved En.    Temperature Pressure (bar)
    1.03666e+05   -3.22011e+05   -3.18523e+05    2.99877e+02    5.15211e+01
   Constr. rmsd
    0.00000e+00

           Step           Time
         105000      105.00000

   Energies (kJ/mol)
        G96Bond       G96Angle    Proper Dih.  Improper Dih.          LJ-14
    1.07889e+04    2.30727e+04    5.08938e+03    1.57737e+03    1.43195e+04
     Coulomb-14        LJ (SR)   Coulomb (SR)   Coul. recip.      Potential
   -6.29444e+04    3.98364e+04   -4.59515e+05    1.63415e+03   -4.26140e+05
    Kinetic En.   Total Energy  Conserved En.    Temperature Pressure (bar)
    1.03760e+05   -3.22380e+05   -3.18611e+05    3.00149e+02   -2.32356e+01
   Constr. rmsd
    0.00000e+00

           Step           Time
         110000      110.00000

   Energies (kJ/mol)
        G96Bond       G96Angle    Proper Dih.  Improper Dih.          LJ-14
    1.10501e+04    2.36646e+04    5.16592e+03    1.60454e+03    1.43110e+04
     Coulomb-14        LJ (SR)   Coulomb (SR)   Coul. recip.      Potential
   -6.26543e+04    3.99867e+04   -4.59652e+05    1.64721e+03   -4.24876e+05
    Kinetic En.   Total Energy  Conserved En.    Temperature Pressure (bar)
    1.03588e+05   -3.21289e+05   -3.18520e+05    2.99652e+02    6.15812e+01
   Constr. rmsd
    0.00000e+00

           Step           Time
         115000      115.00000

   Energies (kJ/mol)
        G96Bond       G96Angle    Proper Dih.  Improper Dih.          LJ-14
    1.13184e+04    2.33474e+04    5.17653e+03    1.59701e+03    1.37568e+04
     Coulomb-14        LJ (SR)   Coulomb (SR)   Coul. recip.      Potential
   -6.22360e+04    4.04937e+04   -4.59771e+05    1.66122e+03   -4.24656e+05
    Kinetic En.   Total Energy  Conserved En.    Temperature Pressure (bar)
    1.03387e+05   -3.21269e+05   -3.18343e+05    2.99070e+02    8.83323e+01
   Constr. rmsd
    0.00000e+00

           Step           Time
         120000      120.00000

   Energies (kJ/mol)
        G96Bond       G96Angle    Proper Dih.  Improper Dih.          LJ-14
    1.09316e+04    2.35538e+04    5.07134e+03    1.50144e+03    1.41392e+04
     Coulomb-14        LJ (SR)   Coulomb (SR)   Coul. recip.      Potential
   -6.23951e+04    4.06311e+04   -4.61314e+05    1.62299e+03   -4.26258e+05
    Kinetic En.   Total Energy  Conserved En.    Temperature Pressure (bar)
    1.04197e+05   -3.22061e+05   -3.18238e+05    3.01413e+02    4.03391e+01
   Constr. rmsd
    0.00000e+00

           Step           Time
         125000      125.00000

   Energies (kJ/mol)
        G96Bond       G96Angle    Proper Dih.  Improper Dih.          LJ-14
    1.11795e+04    2.32651e+04    4.95439e+03    1.63255e+03    1.40886e+04
     Coulomb-14        LJ (SR)   Coulomb (SR)   Coul. recip.      Potential
   -6.25758e+04    4.02199e+04   -4.60354e+05    1.56260e+03   -4.26027e+05
    Kinetic En.   Total Energy  Conserved En.    Temperature Pressure (bar)
    1.03121e+05   -3.22905e+05   -3.17996e+05    2.98302e+02   -1.77539e+02
   Constr. rmsd
    0.00000e+00

           Step           Time
         130000      130.00000

   Energies (kJ/mol)
        G96Bond       G96Angle    Proper Dih.  Improper Dih.          LJ-14
    1.08222e+04    2.31676e+04    5.14494e+03    1.47958e+03    1.43220e+04
     Coulomb-14        LJ (SR)   Coulomb (SR)   Coul. recip.      Potential
   -6.26782e+04    3.97125e+04   -4.59518e+05    1.65971e+03   -4.25887e+05
    Kinetic En.   Total Energy  Conserved En.    Temperature Pressure (bar)
    1.03873e+05   -3.22014e+05   -3.18052e+05    3.00475e+02   -3.90735e+01
   Constr. rmsd
    0.00000e+00

           Step           Time
         135000      135.00000

   Energies (kJ/mol)
        G96Bond       G96Angle    Proper Dih.  Improper Dih.          LJ-14
    1.08386e+04    2.30837e+04    5.06526e+03    1.60963e+03    1.44492e+04
     Coulomb-14        LJ (SR)   Coulomb (SR)   Coul. recip.      Potential
   -6.25528e+04    3.99286e+04   -4.60388e+05    1.59642e+03   -4.26369e+05
    Kinetic En.   Total Energy  Conserved En.    Temperature Pressure (bar)
    1.04155e+05   -3.22215e+05   -3.18111e+05    3.01291e+02    1.65993e+02
   Constr. rmsd
    0.00000e+00

           Step           Time
         140000      140.00000

   Energies (kJ/mol)
        G96Bond       G96Angle    Proper Dih.  Improper Dih.          LJ-14
    1.10579e+04    2.31054e+04    5.12856e+03    1.57415e+03    1.41638e+04
     Coulomb-14        LJ (SR)   Coulomb (SR)   Coul. recip.      Potential
   -6.26499e+04    4.02041e+04   -4.60030e+05    1.54162e+03   -4.25905e+05
    Kinetic En.   Total Energy  Conserved En.    Temperature Pressure (bar)
    1.03477e+05   -3.22428e+05   -3.18064e+05    2.99331e+02   -8.26740e+01
   Constr. rmsd
    0.00000e+00

           Step           Time
         145000      145.00000

   Energies (kJ/mol)
        G96Bond       G96Angle    Proper Dih.  Improper Dih.          LJ-14
    1.11716e+04    2.31187e+04    5.17928e+03    1.53288e+03    1.39722e+04
     Coulomb-14        LJ (SR)   Coulomb (SR)   Coul. recip.      Potential
   -6.25876e+04    3.92713e+04   -4.58298e+05    1.62894e+03   -4.25011e+05
    Kinetic En.   Total Energy  Conserved En.    Temperature Pressure (bar)
    1.03701e+05   -3.21310e+05   -3.17812e+05    2.99979e+02   -4.48823e+02
   Constr. rmsd
    0.00000e+00

           Step           Time
         150000      150.00000

   Energies (kJ/mol)
        G96Bond       G96Angle    Proper Dih.  Improper Dih.          LJ-14
    1.10692e+04    2.32078e+04    5.00869e+03    1.61367e+03    1.40390e+04
     Coulomb-14        LJ (SR)   Coulomb (SR)   Coul. recip.      Potential
   -6.25945e+04    3.95432e+04   -4.58899e+05    1.59290e+03   -4.25419e+05
    Kinetic En.   Total Energy  Conserved En.    Temperature Pressure (bar)
    1.03843e+05   -3.21576e+05   -3.17635e+05    3.00388e+02   -9.13032e+01
   Constr. rmsd
    0.00000e+00

           Step           Time
         155000      155.00000

   Energies (kJ/mol)
        G96Bond       G96Angle    Proper Dih.  Improper Dih.          LJ-14
    1.10948e+04    2.33345e+04    5.06596e+03    1.57622e+03    1.40061e+04
     Coulomb-14        LJ (SR)   Coulomb (SR)   Coul. recip.      Potential
   -6.25403e+04    3.99818e+04   -4.59691e+05    1.59448e+03   -4.25577e+05
    Kinetic En.   Total Energy  Conserved En.    Temperature Pressure (bar)
    1.02745e+05   -3.22832e+05   -3.17576e+05    2.97213e+02   -1.31382e+02
   Constr. rmsd
    0.00000e+00

           Step           Time
         160000      160.00000

   Energies (kJ/mol)
        G96Bond       G96Angle    Proper Dih.  Improper Dih.          LJ-14
    1.08530e+04    2.32665e+04    4.99350e+03    1.64908e+03    1.37768e+04
     Coulomb-14        LJ (SR)   Coulomb (SR)   Coul. recip.      Potential
   -6.27418e+04    4.03720e+04   -4.59971e+05    1.66095e+03   -4.26141e+05
    Kinetic En.   Total Energy  Conserved En.    Temperature Pressure (bar)
    1.03380e+05   -3.22762e+05   -3.17393e+05    2.99049e+02   -1.26914e+02
   Constr. rmsd
    0.00000e+00

           Step           Time
         165000      165.00000

   Energies (kJ/mol)
        G96Bond       G96Angle    Proper Dih.  Improper Dih.          LJ-14
    1.11871e+04    2.28743e+04    5.09078e+03    1.56694e+03    1.43248e+04
     Coulomb-14        LJ (SR)   Coulomb (SR)   Coul. recip.      Potential
   -6.28763e+04    4.05434e+04   -4.59735e+05    1.56526e+03   -4.25458e+05
    Kinetic En.   Total Energy  Conserved En.    Temperature Pressure (bar)
    1.03675e+05   -3.21783e+05   -3.17130e+05    2.99904e+02    3.16328e+02
   Constr. rmsd
    0.00000e+00

           Step           Time
         170000      170.00000

   Energies (kJ/mol)
        G96Bond       G96Angle    Proper Dih.  Improper Dih.          LJ-14
    1.07845e+04    2.30163e+04    5.11284e+03    1.58935e+03    1.39851e+04
     Coulomb-14        LJ (SR)   Coulomb (SR)   Coul. recip.      Potential
   -6.26002e+04    4.05138e+04   -4.59982e+05    1.65927e+03   -4.25921e+05
    Kinetic En.   Total Energy  Conserved En.    Temperature Pressure (bar)
    1.03573e+05   -3.22348e+05   -3.17143e+05    2.99608e+02    1.50008e+02
   Constr. rmsd
    0.00000e+00

           Step           Time
         175000      175.00000

   Energies (kJ/mol)
        G96Bond       G96Angle    Proper Dih.  Improper Dih.          LJ-14
    1.05617e+04    2.31079e+04    5.05554e+03    1.51761e+03    1.43105e+04
     Coulomb-14        LJ (SR)   Coulomb (SR)   Coul. recip.      Potential
   -6.26395e+04    3.91929e+04   -4.58383e+05    1.62088e+03   -4.25656e+05
    Kinetic En.   Total Energy  Conserved En.    Temperature Pressure (bar)
    1.04642e+05   -3.21014e+05   -3.17145e+05    3.02702e+02    2.61968e+02
   Constr. rmsd
    0.00000e+00

           Step           Time
         180000      180.00000

   Energies (kJ/mol)
        G96Bond       G96Angle    Proper Dih.  Improper Dih.          LJ-14
    1.10087e+04    2.29442e+04    5.18385e+03    1.58606e+03    1.37811e+04
     Coulomb-14        LJ (SR)   Coulomb (SR)   Coul. recip.      Potential
   -6.25511e+04    4.10209e+04   -4.61325e+05    1.57534e+03   -4.26776e+05
    Kinetic En.   Total Energy  Conserved En.    Temperature Pressure (bar)
    1.05130e+05   -3.21646e+05   -3.16859e+05    3.04113e+02   -4.92253e+01
   Constr. rmsd
    0.00000e+00

           Step           Time
         185000      185.00000

   Energies (kJ/mol)
        G96Bond       G96Angle    Proper Dih.  Improper Dih.          LJ-14
    1.07792e+04    2.33794e+04    5.02698e+03    1.56098e+03    1.42804e+04
     Coulomb-14        LJ (SR)   Coulomb (SR)   Coul. recip.      Potential
   -6.27300e+04    4.02661e+04   -4.60843e+05    1.58627e+03   -4.26693e+05
    Kinetic En.   Total Energy  Conserved En.    Temperature Pressure (bar)
    1.03801e+05   -3.22893e+05   -3.16964e+05    3.00267e+02    4.12378e+02
   Constr. rmsd
    0.00000e+00

           Step           Time
         190000      190.00000

   Energies (kJ/mol)
        G96Bond       G96Angle    Proper Dih.  Improper Dih.          LJ-14
    1.10752e+04    2.30015e+04    5.15799e+03    1.56548e+03    1.42471e+04
     Coulomb-14        LJ (SR)   Coulomb (SR)   Coul. recip.      Potential
   -6.25725e+04    4.04010e+04   -4.61054e+05    1.57946e+03   -4.26599e+05
    Kinetic En.   Total Energy  Conserved En.    Temperature Pressure (bar)
    1.03603e+05   -3.22996e+05   -3.17061e+05    2.99694e+02    1.32308e+02
   Constr. rmsd
    0.00000e+00

           Step           Time
         195000      195.00000

   Energies (kJ/mol)
        G96Bond       G96Angle    Proper Dih.  Improper Dih.          LJ-14
    1.05943e+04    2.33965e+04    5.18089e+03    1.68155e+03    1.43809e+04
     Coulomb-14        LJ (SR)   Coulomb (SR)   Coul. recip.      Potential
   -6.27060e+04    3.93876e+04   -4.58818e+05    1.66113e+03   -4.25241e+05
    Kinetic En.   Total Energy  Conserved En.    Temperature Pressure (bar)
    1.03501e+05   -3.21740e+05   -3.17024e+05    2.99400e+02    1.60980e+02
   Constr. rmsd
    0.00000e+00

           Step           Time
         200000      200.00000

   Energies (kJ/mol)
        G96Bond       G96Angle    Proper Dih.  Improper Dih.          LJ-14
    1.09001e+04    2.29472e+04    5.15313e+03    1.64145e+03    1.42786e+04
     Coulomb-14        LJ (SR)   Coulomb (SR)   Coul. recip.      Potential
   -6.28555e+04    3.97521e+04   -4.58774e+05    1.58126e+03   -4.25376e+05
    Kinetic En.   Total Energy  Conserved En.    Temperature Pressure (bar)
    1.04022e+05   -3.21354e+05   -3.16871e+05    3.00907e+02    2.64757e+01
   Constr. rmsd
    0.00000e+00

           Step           Time
         205000      205.00000

   Energies (kJ/mol)
        G96Bond       G96Angle    Proper Dih.  Improper Dih.          LJ-14
    1.07853e+04    2.27773e+04    5.10017e+03    1.58533e+03    1.41197e+04
     Coulomb-14        LJ (SR)   Coulomb (SR)   Coul. recip.      Potential
   -6.25726e+04    3.97516e+04   -4.59271e+05    1.64271e+03   -4.26081e+05
    Kinetic En.   Total Energy  Conserved En.    Temperature Pressure (bar)
    1.03414e+05   -3.22667e+05   -3.16633e+05    2.99149e+02    5.77150e+01
   Constr. rmsd
    0.00000e+00

           Step           Time
         210000      210.00000

   Energies (kJ/mol)
        G96Bond       G96Angle    Proper Dih.  Improper Dih.          LJ-14
    1.10363e+04    2.29406e+04    5.11518e+03    1.61337e+03    1.41679e+04
     Coulomb-14        LJ (SR)   Coulomb (SR)   Coul. recip.      Potential
   -6.28100e+04    4.08189e+04   -4.59720e+05    1.62706e+03   -4.25211e+05
    Kinetic En.   Total Energy  Conserved En.    Temperature Pressure (bar)
    1.03779e+05   -3.21432e+05   -3.16669e+05    3.00204e+02    1.49461e+02
   Constr. rmsd
    0.00000e+00

           Step           Time
         215000      215.00000

   Energies (kJ/mol)
        G96Bond       G96Angle    Proper Dih.  Improper Dih.          LJ-14
    1.09618e+04    2.32800e+04    5.16903e+03    1.47817e+03    1.42614e+04
     Coulomb-14        LJ (SR)   Coulomb (SR)   Coul. recip.      Potential
   -6.26258e+04    3.98754e+04   -4.58932e+05    1.61458e+03   -4.24917e+05
    Kinetic En.   Total Energy  Conserved En.    Temperature Pressure (bar)
    1.02701e+05   -3.22216e+05   -3.16649e+05    2.97085e+02    1.39841e+02
   Constr. rmsd
    0.00000e+00

           Step           Time
         220000      220.00000

   Energies (kJ/mol)
        G96Bond       G96Angle    Proper Dih.  Improper Dih.          LJ-14
    1.08081e+04    2.33217e+04    5.13772e+03    1.55912e+03    1.39292e+04
     Coulomb-14        LJ (SR)   Coulomb (SR)   Coul. recip.      Potential
   -6.25953e+04    4.00897e+04   -4.59172e+05    1.64747e+03   -4.25274e+05
    Kinetic En.   Total Energy  Conserved En.    Temperature Pressure (bar)
    1.03928e+05   -3.21346e+05   -3.16627e+05    3.00635e+02   -5.22253e+01
   Constr. rmsd
    0.00000e+00

           Step           Time
         225000      225.00000

   Energies (kJ/mol)
        G96Bond       G96Angle    Proper Dih.  Improper Dih.          LJ-14
    1.06890e+04    2.32272e+04    5.04377e+03    1.47976e+03    1.40425e+04
     Coulomb-14        LJ (SR)   Coulomb (SR)   Coul. recip.      Potential
   -6.26648e+04    4.00445e+04   -4.59427e+05    1.67640e+03   -4.25889e+05
    Kinetic En.   Total Energy  Conserved En.    Temperature Pressure (bar)
    1.04709e+05   -3.21179e+05   -3.16590e+05    3.02896e+02    1.25972e+02
   Constr. rmsd
    0.00000e+00

           Step           Time
         230000      230.00000

   Energies (kJ/mol)
        G96Bond       G96Angle    Proper Dih.  Improper Dih.          LJ-14
    1.08487e+04    2.31889e+04    5.15285e+03    1.58491e+03    1.39289e+04
     Coulomb-14        LJ (SR)   Coulomb (SR)   Coul. recip.      Potential
   -6.26497e+04    3.97298e+04   -4.59693e+05    1.63458e+03   -4.26274e+05
    Kinetic En.   Total Energy  Conserved En.    Temperature Pressure (bar)
    1.03312e+05   -3.22962e+05   -3.16579e+05    2.98853e+02   -3.57880e+02
   Constr. rmsd
    0.00000e+00

           Step           Time
         235000      235.00000

   Energies (kJ/mol)
        G96Bond       G96Angle    Proper Dih.  Improper Dih.          LJ-14
    1.05185e+04    2.31273e+04    5.24576e+03    1.51319e+03    1.41894e+04
     Coulomb-14        LJ (SR)   Coulomb (SR)   Coul. recip.      Potential
   -6.22797e+04    3.97136e+04   -4.58279e+05    1.59422e+03   -4.24657e+05
    Kinetic En.   Total Energy  Conserved En.    Temperature Pressure (bar)
    1.04121e+05   -3.20536e+05   -3.16611e+05    3.01193e+02    1.74527e+02
   Constr. rmsd
    0.00000e+00

           Step           Time
         240000      240.00000

   Energies (kJ/mol)
        G96Bond       G96Angle    Proper Dih.  Improper Dih.          LJ-14
    1.11295e+04    2.28921e+04    5.10279e+03    1.60404e+03    1.42086e+04
     Coulomb-14        LJ (SR)   Coulomb (SR)   Coul. recip.      Potential
   -6.24281e+04    4.09148e+04   -4.59668e+05    1.69700e+03   -4.24547e+05
    Kinetic En.   Total Energy  Conserved En.    Temperature Pressure (bar)
    1.04748e+05   -3.19799e+05   -3.16475e+05    3.03007e+02   -1.20290e+02
   Constr. rmsd
    0.00000e+00

           Step           Time
         245000      245.00000

   Energies (kJ/mol)
        G96Bond       G96Angle    Proper Dih.  Improper Dih.          LJ-14
    1.06713e+04    2.33394e+04    5.24960e+03    1.56775e+03    1.40779e+04
     Coulomb-14        LJ (SR)   Coulomb (SR)   Coul. recip.      Potential
   -6.25884e+04    4.05372e+04   -4.60278e+05    1.61782e+03   -4.25806e+05
    Kinetic En.   Total Energy  Conserved En.    Temperature Pressure (bar)
    1.03923e+05   -3.21882e+05   -3.16304e+05    3.00622e+02    7.66644e+01
   Constr. rmsd
    0.00000e+00

           Step           Time
         250000      250.00000

   Energies (kJ/mol)
        G96Bond       G96Angle    Proper Dih.  Improper Dih.          LJ-14
    1.07891e+04    2.28943e+04    4.99210e+03    1.59166e+03    1.39315e+04
     Coulomb-14        LJ (SR)   Coulomb (SR)   Coul. recip.      Potential
   -6.25729e+04    3.98264e+04   -4.59433e+05    1.65233e+03   -4.26328e+05
    Kinetic En.   Total Energy  Conserved En.    Temperature Pressure (bar)
    1.02949e+05   -3.23379e+05   -3.16229e+05    2.97804e+02   -2.09790e+02
   Constr. rmsd
    0.00000e+00

           Step           Time
         255000      255.00000

   Energies (kJ/mol)
        G96Bond       G96Angle    Proper Dih.  Improper Dih.          LJ-14
    1.06294e+04    2.29450e+04    5.22183e+03    1.54517e+03    1.41923e+04
     Coulomb-14        LJ (SR)   Coulomb (SR)   Coul. recip.      Potential
   -6.23644e+04    4.04573e+04   -4.59817e+05    1.68113e+03   -4.25510e+05
    Kinetic En.   Total Energy  Conserved En.    Temperature Pressure (bar)
    1.03500e+05   -3.22010e+05   -3.16149e+05    2.99397e+02    2.86446e+02
   Constr. rmsd
    0.00000e+00

           Step           Time
         260000      260.00000

   Energies (kJ/mol)
        G96Bond       G96Angle    Proper Dih.  Improper Dih.          LJ-14
    1.07169e+04    2.28298e+04    4.97787e+03    1.49436e+03    1.42773e+04
     Coulomb-14        LJ (SR)   Coulomb (SR)   Coul. recip.      Potential
   -6.25879e+04    4.08330e+04   -4.60209e+05    1.61809e+03   -4.26049e+05
    Kinetic En.   Total Energy  Conserved En.    Temperature Pressure (bar)
    1.02488e+05   -3.23561e+05   -3.16217e+05    2.96470e+02    2.93224e+02
   Constr. rmsd
    0.00000e+00

           Step           Time
         265000      265.00000

   Energies (kJ/mol)
        G96Bond       G96Angle    Proper Dih.  Improper Dih.          LJ-14
    1.10243e+04    2.27836e+04    5.16380e+03    1.60215e+03    1.40792e+04
     Coulomb-14        LJ (SR)   Coulomb (SR)   Coul. recip.      Potential
   -6.26473e+04    3.99605e+04   -4.58348e+05    1.65328e+03   -4.24729e+05
    Kinetic En.   Total Energy  Conserved En.    Temperature Pressure (bar)
    1.03122e+05   -3.21606e+05   -3.16150e+05    2.98305e+02   -4.23533e+01
   Constr. rmsd
    0.00000e+00

           Step           Time
         270000      270.00000

   Energies (kJ/mol)
        G96Bond       G96Angle    Proper Dih.  Improper Dih.          LJ-14
    1.07818e+04    2.28385e+04    5.05563e+03    1.56125e+03    1.42607e+04
     Coulomb-14        LJ (SR)   Coulomb (SR)   Coul. recip.      Potential
   -6.22915e+04    3.90418e+04   -4.58053e+05    1.56454e+03   -4.25240e+05
    Kinetic En.   Total Energy  Conserved En.    Temperature Pressure (bar)
    1.03293e+05   -3.21948e+05   -3.16096e+05    2.98798e+02   -1.22184e+02
   Constr. rmsd
    0.00000e+00

           Step           Time
         275000      275.00000

   Energies (kJ/mol)
        G96Bond       G96Angle    Proper Dih.  Improper Dih.          LJ-14
    1.07819e+04    2.32974e+04    5.23465e+03    1.52299e+03    1.40955e+04
     Coulomb-14        LJ (SR)   Coulomb (SR)   Coul. recip.      Potential
   -6.28000e+04    4.05423e+04   -4.58818e+05    1.62209e+03   -4.24521e+05
    Kinetic En.   Total Energy  Conserved En.    Temperature Pressure (bar)
    1.03293e+05   -3.21228e+05   -3.15969e+05    2.98798e+02    3.31881e+02
   Constr. rmsd
    0.00000e+00

           Step           Time
         280000      280.00000

   Energies (kJ/mol)
        G96Bond       G96Angle    Proper Dih.  Improper Dih.          LJ-14
    1.10300e+04    2.28183e+04    5.08206e+03    1.56856e+03    1.38268e+04
     Coulomb-14        LJ (SR)   Coulomb (SR)   Coul. recip.      Potential
   -6.25711e+04    3.94610e+04   -4.58129e+05    1.58175e+03   -4.25331e+05
    Kinetic En.   Total Energy  Conserved En.    Temperature Pressure (bar)
    1.02993e+05   -3.22338e+05   -3.15890e+05    2.97931e+02   -2.65041e+02
   Constr. rmsd
    0.00000e+00

           Step           Time
         285000      285.00000

   Energies (kJ/mol)
        G96Bond       G96Angle    Proper Dih.  Improper Dih.          LJ-14
    1.04981e+04    2.31954e+04    5.06411e+03    1.49632e+03    1.41062e+04
     Coulomb-14        LJ (SR)   Coulomb (SR)   Coul. recip.      Potential
   -6.25357e+04    4.02567e+04   -4.59458e+05    1.68960e+03   -4.25688e+05
    Kinetic En.   Total Energy  Conserved En.    Temperature Pressure (bar)
    1.04044e+05   -3.21643e+05   -3.15904e+05    3.00972e+02    4.01256e+01
   Constr. rmsd
    0.00000e+00

           Step           Time
         290000      290.00000

   Energies (kJ/mol)
        G96Bond       G96Angle    Proper Dih.  Improper Dih.          LJ-14
    1.08492e+04    2.31751e+04    5.15247e+03    1.64941e+03    1.42200e+04
     Coulomb-14        LJ (SR)   Coulomb (SR)   Coul. recip.      Potential
   -6.25827e+04    4.02010e+04   -4.58255e+05    1.64149e+03   -4.23949e+05
    Kinetic En.   Total Energy  Conserved En.    Temperature Pressure (bar)
    1.04481e+05   -3.19469e+05   -3.15806e+05    3.02234e+02   -4.63594e+01
   Constr. rmsd
    0.00000e+00

           Step           Time
         295000      295.00000

   Energies (kJ/mol)
        G96Bond       G96Angle    Proper Dih.  Improper Dih.          LJ-14
    1.05610e+04    2.30625e+04    5.25898e+03    1.62760e+03    1.41856e+04
     Coulomb-14        LJ (SR)   Coulomb (SR)   Coul. recip.      Potential
   -6.24731e+04    4.03667e+04   -4.59284e+05    1.66117e+03   -4.25033e+05
    Kinetic En.   Total Energy  Conserved En.    Temperature Pressure (bar)
    1.04846e+05   -3.20187e+05   -3.15706e+05    3.03290e+02   -6.11829e+01
   Constr. rmsd
    0.00000e+00

           Step           Time
         300000      300.00000

   Energies (kJ/mol)
        G96Bond       G96Angle    Proper Dih.  Improper Dih.          LJ-14
    1.10832e+04    2.33857e+04    5.10649e+03    1.53502e+03    1.39719e+04
     Coulomb-14        LJ (SR)   Coulomb (SR)   Coul. recip.      Potential
   -6.23536e+04    3.91449e+04   -4.57726e+05    1.65539e+03   -4.24197e+05
    Kinetic En.   Total Energy  Conserved En.    Temperature Pressure (bar)
    1.03269e+05   -3.20928e+05   -3.15628e+05    2.98729e+02   -5.03046e+02
   Constr. rmsd
    0.00000e+00

           Step           Time
         305000      305.00000

   Energies (kJ/mol)
        G96Bond       G96Angle    Proper Dih.  Improper Dih.          LJ-14
    1.07725e+04    2.28306e+04    5.12913e+03    1.42530e+03    1.39613e+04
     Coulomb-14        LJ (SR)   Coulomb (SR)   Coul. recip.      Potential
   -6.23013e+04    3.95658e+04   -4.57773e+05    1.66939e+03   -4.24721e+05
    Kinetic En.   Total Energy  Conserved En.    Temperature Pressure (bar)
    1.04067e+05   -3.20654e+05   -3.15646e+05    3.01037e+02   -3.98204e+00
   Constr. rmsd
    0.00000e+00

           Step           Time
         310000      310.00000

   Energies (kJ/mol)
        G96Bond       G96Angle    Proper Dih.  Improper Dih.          LJ-14
    1.09688e+04    2.27389e+04    5.12113e+03    1.55649e+03    1.41634e+04
     Coulomb-14        LJ (SR)   Coulomb (SR)   Coul. recip.      Potential
   -6.25989e+04    4.04234e+04   -4.59612e+05    1.67891e+03   -4.25560e+05
    Kinetic En.   Total Energy  Conserved En.    Temperature Pressure (bar)
    1.03281e+05   -3.22279e+05   -3.15562e+05    2.98764e+02    1.07703e+02
   Constr. rmsd
    0.00000e+00

           Step           Time
         315000      315.00000

   Energies (kJ/mol)
        G96Bond       G96Angle    Proper Dih.  Improper Dih.          LJ-14
    1.08104e+04    2.29140e+04    4.99486e+03    1.60791e+03    1.41740e+04
     Coulomb-14        LJ (SR)   Coulomb (SR)   Coul. recip.      Potential
   -6.23478e+04    4.04601e+04   -4.60256e+05    1.53554e+03   -4.26107e+05
    Kinetic En.   Total Energy  Conserved En.    Temperature Pressure (bar)
    1.03569e+05   -3.22538e+05   -3.15439e+05    2.99598e+02   -1.47016e+02
   Constr. rmsd
    0.00000e+00

           Step           Time
         320000      320.00000

   Energies (kJ/mol)
        G96Bond       G96Angle    Proper Dih.  Improper Dih.          LJ-14
    1.07324e+04    2.29176e+04    5.06721e+03    1.55112e+03    1.42037e+04
     Coulomb-14        LJ (SR)   Coulomb (SR)   Coul. recip.      Potential
   -6.24775e+04    4.01119e+04   -4.60049e+05    1.59012e+03   -4.26353e+05
    Kinetic En.   Total Energy  Conserved En.    Temperature Pressure (bar)
    1.02832e+05   -3.23521e+05   -3.15266e+05    2.97466e+02    5.37973e+01
   Constr. rmsd
    0.00000e+00

           Step           Time
         325000      325.00000

   Energies (kJ/mol)
        G96Bond       G96Angle    Proper Dih.  Improper Dih.          LJ-14
    1.09898e+04    2.32288e+04    5.14874e+03    1.48461e+03    1.40603e+04
     Coulomb-14        LJ (SR)   Coulomb (SR)   Coul. recip.      Potential
   -6.23500e+04    3.98495e+04   -4.60060e+05    1.64446e+03   -4.26004e+05
    Kinetic En.   Total Energy  Conserved En.    Temperature Pressure (bar)
    1.03706e+05   -3.22298e+05   -3.15384e+05    2.99993e+02   -1.67189e+02
   Constr. rmsd
    0.00000e+00

           Step           Time
         330000      330.00000

   Energies (kJ/mol)
        G96Bond       G96Angle    Proper Dih.  Improper Dih.          LJ-14
    1.08080e+04    2.29212e+04    5.11039e+03    1.51481e+03    1.41789e+04
     Coulomb-14        LJ (SR)   Coulomb (SR)   Coul. recip.      Potential
   -6.22320e+04    3.94755e+04   -4.59388e+05    1.65893e+03   -4.25952e+05
    Kinetic En.   Total Energy  Conserved En.    Temperature Pressure (bar)
    1.04187e+05   -3.21765e+05   -3.15088e+05    3.01386e+02   -2.13323e+02
   Constr. rmsd
    0.00000e+00

           Step           Time
         335000      335.00000

   Energies (kJ/mol)
        G96Bond       G96Angle    Proper Dih.  Improper Dih.          LJ-14
    1.08675e+04    2.27985e+04    5.11060e+03    1.48074e+03    1.42420e+04
     Coulomb-14        LJ (SR)   Coulomb (SR)   Coul. recip.      Potential
   -6.25016e+04    4.06884e+04   -4.61462e+05    1.57575e+03   -4.27200e+05
    Kinetic En.   Total Energy  Conserved En.    Temperature Pressure (bar)
    1.03342e+05   -3.23857e+05   -3.15010e+05    2.98942e+02   -3.95461e+01
   Constr. rmsd
    0.00000e+00

           Step           Time
         340000      340.00000

   Energies (kJ/mol)
        G96Bond       G96Angle    Proper Dih.  Improper Dih.          LJ-14
    1.10304e+04    2.32376e+04    5.06376e+03    1.59738e+03    1.42506e+04
     Coulomb-14        LJ (SR)   Coulomb (SR)   Coul. recip.      Potential
   -6.26185e+04    3.97329e+04   -4.59170e+05    1.71069e+03   -4.25165e+05
    Kinetic En.   Total Energy  Conserved En.    Temperature Pressure (bar)
    1.04005e+05   -3.21160e+05   -3.14924e+05    3.00859e+02    1.47737e+02
   Constr. rmsd
    0.00000e+00

           Step           Time
         345000      345.00000

   Energies (kJ/mol)
        G96Bond       G96Angle    Proper Dih.  Improper Dih.          LJ-14
    1.07628e+04    2.29491e+04    5.09465e+03    1.51152e+03    1.40078e+04
     Coulomb-14        LJ (SR)   Coulomb (SR)   Coul. recip.      Potential
   -6.26761e+04    4.03127e+04   -4.59579e+05    1.58229e+03   -4.26034e+05
    Kinetic En.   Total Energy  Conserved En.    Temperature Pressure (bar)
    1.03340e+05   -3.22695e+05   -3.14848e+05    2.98934e+02   -7.92494e+01
   Constr. rmsd
    0.00000e+00

           Step           Time
         350000      350.00000

   Energies (kJ/mol)
        G96Bond       G96Angle    Proper Dih.  Improper Dih.          LJ-14
    1.07364e+04    2.32605e+04    5.30863e+03    1.56010e+03    1.41894e+04
     Coulomb-14        LJ (SR)   Coulomb (SR)   Coul. recip.      Potential
   -6.28825e+04    4.10562e+04   -4.60836e+05    1.66618e+03   -4.25942e+05
    Kinetic En.   Total Energy  Conserved En.    Temperature Pressure (bar)
    1.04372e+05   -3.21569e+05   -3.14681e+05    3.01920e+02    3.54557e+02
   Constr. rmsd
    0.00000e+00

           Step           Time
         355000      355.00000

   Energies (kJ/mol)
        G96Bond       G96Angle    Proper Dih.  Improper Dih.          LJ-14
    1.08313e+04    2.30969e+04    5.04325e+03    1.55955e+03    1.43014e+04
     Coulomb-14        LJ (SR)   Coulomb (SR)   Coul. recip.      Potential
   -6.27289e+04    4.02792e+04   -4.60216e+05    1.60373e+03   -4.26229e+05
    Kinetic En.   Total Energy  Conserved En.    Temperature Pressure (bar)
    1.04311e+05   -3.21918e+05   -3.14568e+05    3.01742e+02    2.16995e+02
   Constr. rmsd
    0.00000e+00

           Step           Time
         360000      360.00000

   Energies (kJ/mol)
        G96Bond       G96Angle    Proper Dih.  Improper Dih.          LJ-14
    1.10552e+04    2.30403e+04    5.19200e+03    1.59019e+03    1.40806e+04
     Coulomb-14        LJ (SR)   Coulomb (SR)   Coul. recip.      Potential
   -6.26265e+04    4.00649e+04   -4.59691e+05    1.64236e+03   -4.25652e+05
    Kinetic En.   Total Energy  Conserved En.    Temperature Pressure (bar)
    1.03196e+05   -3.22456e+05   -3.14787e+05    2.98518e+02   -2.65021e+02
   Constr. rmsd
    0.00000e+00

           Step           Time
         365000      365.00000

   Energies (kJ/mol)
        G96Bond       G96Angle    Proper Dih.  Improper Dih.          LJ-14
    1.12415e+04    2.31479e+04    5.15804e+03    1.51561e+03    1.43352e+04
     Coulomb-14        LJ (SR)   Coulomb (SR)   Coul. recip.      Potential
   -6.28856e+04    4.01598e+04   -4.59212e+05    1.61961e+03   -4.24920e+05
    Kinetic En.   Total Energy  Conserved En.    Temperature Pressure (bar)
    1.02925e+05   -3.21995e+05   -3.14829e+05    2.97734e+02   -1.56106e+02
   Constr. rmsd
    0.00000e+00

           Step           Time
         370000      370.00000

   Energies (kJ/mol)
        G96Bond       G96Angle    Proper Dih.  Improper Dih.          LJ-14
    1.10113e+04    2.32215e+04    5.16644e+03    1.52371e+03    1.42445e+04
     Coulomb-14        LJ (SR)   Coulomb (SR)   Coul. recip.      Potential
   -6.27600e+04    3.99069e+04   -4.59000e+05    1.62298e+03   -4.25062e+05
    Kinetic En.   Total Energy  Conserved En.    Temperature Pressure (bar)
    1.03460e+05   -3.21603e+05   -3.14587e+05    2.99281e+02   -4.73128e+01
   Constr. rmsd
    0.00000e+00

           Step           Time
         375000      375.00000

   Energies (kJ/mol)
        G96Bond       G96Angle    Proper Dih.  Improper Dih.          LJ-14
    1.06636e+04    2.35137e+04    5.04632e+03    1.52195e+03    1.41488e+04
     Coulomb-14        LJ (SR)   Coulomb (SR)   Coul. recip.      Potential
   -6.27284e+04    3.90285e+04   -4.58027e+05    1.65616e+03   -4.25177e+05
    Kinetic En.   Total Energy  Conserved En.    Temperature Pressure (bar)
    1.04487e+05   -3.20690e+05   -3.14470e+05    3.02252e+02   -1.04048e+02
   Constr. rmsd
    0.00000e+00

           Step           Time
         380000      380.00000

   Energies (kJ/mol)
        G96Bond       G96Angle    Proper Dih.  Improper Dih.          LJ-14
    1.11187e+04    2.33476e+04    5.02200e+03    1.53851e+03    1.39753e+04
     Coulomb-14        LJ (SR)   Coulomb (SR)   Coul. recip.      Potential
   -6.27586e+04    4.02951e+04   -4.59713e+05    1.62424e+03   -4.25550e+05
    Kinetic En.   Total Energy  Conserved En.    Temperature Pressure (bar)
    1.03470e+05   -3.22081e+05   -3.14257e+05    2.99310e+02   -8.66733e+01
   Constr. rmsd
    0.00000e+00

           Step           Time
         385000      385.00000

   Energies (kJ/mol)
        G96Bond       G96Angle    Proper Dih.  Improper Dih.          LJ-14
    1.10428e+04    2.31689e+04    5.11441e+03    1.56858e+03    1.39584e+04
     Coulomb-14        LJ (SR)   Coulomb (SR)   Coul. recip.      Potential
   -6.27101e+04    3.98519e+04   -4.58696e+05    1.57734e+03   -4.25123e+05
    Kinetic En.   Total Energy  Conserved En.    Temperature Pressure (bar)
    1.04304e+05   -3.20819e+05   -3.14422e+05    3.01723e+02   -5.97293e+01
   Constr. rmsd
    0.00000e+00

           Step           Time
         390000      390.00000

   Energies (kJ/mol)
        G96Bond       G96Angle    Proper Dih.  Improper Dih.          LJ-14
    1.07773e+04    2.32717e+04    5.12608e+03    1.60589e+03    1.41584e+04
     Coulomb-14        LJ (SR)   Coulomb (SR)   Coul. recip.      Potential
   -6.22945e+04    3.96701e+04   -4.59766e+05    1.60957e+03   -4.25841e+05
    Kinetic En.   Total Energy  Conserved En.    Temperature Pressure (bar)
    1.03062e+05   -3.22779e+05   -3.14401e+05    2.98132e+02   -1.21117e+02
   Constr. rmsd
    0.00000e+00

           Step           Time
         395000      395.00000

   Energies (kJ/mol)
        G96Bond       G96Angle    Proper Dih.  Improper Dih.          LJ-14
    1.08571e+04    2.30824e+04    5.16243e+03    1.57977e+03    1.40374e+04
     Coulomb-14        LJ (SR)   Coulomb (SR)   Coul. recip.      Potential
   -6.23890e+04    4.01314e+04   -4.59499e+05    1.60052e+03   -4.25437e+05
    Kinetic En.   Total Energy  Conserved En.    Temperature Pressure (bar)
    1.03952e+05   -3.21485e+05   -3.14024e+05    3.00706e+02    2.56426e+02
   Constr. rmsd
    0.00000e+00

           Step           Time
         400000      400.00000

   Energies (kJ/mol)
        G96Bond       G96Angle    Proper Dih.  Improper Dih.          LJ-14
    1.07938e+04    2.34489e+04    5.16146e+03    1.66102e+03    1.40913e+04
     Coulomb-14        LJ (SR)   Coulomb (SR)   Coul. recip.      Potential
   -6.24486e+04    3.96423e+04   -4.58998e+05    1.63259e+03   -4.25015e+05
    Kinetic En.   Total Energy  Conserved En.    Temperature Pressure (bar)
    1.03017e+05   -3.21997e+05   -3.14050e+05    2.98001e+02   -1.65788e+02
   Constr. rmsd
    0.00000e+00

           Step           Time
         405000      405.00000

   Energies (kJ/mol)
        G96Bond       G96Angle    Proper Dih.  Improper Dih.          LJ-14
    1.10397e+04    2.29899e+04    5.12920e+03    1.58277e+03    1.40244e+04
     Coulomb-14        LJ (SR)   Coulomb (SR)   Coul. recip.      Potential
   -6.23321e+04    4.04645e+04   -4.59886e+05    1.57924e+03   -4.25408e+05
    Kinetic En.   Total Energy  Conserved En.    Temperature Pressure (bar)
    1.03183e+05   -3.22225e+05   -3.14123e+05    2.98480e+02   -2.36639e+02
   Constr. rmsd
    0.00000e+00

           Step           Time
         410000      410.00000

   Energies (kJ/mol)
        G96Bond       G96Angle    Proper Dih.  Improper Dih.          LJ-14
    1.09041e+04    2.29970e+04    5.14232e+03    1.57587e+03    1.42886e+04
     Coulomb-14        LJ (SR)   Coulomb (SR)   Coul. recip.      Potential
   -6.25325e+04    4.01477e+04   -4.59046e+05    1.59694e+03   -4.24926e+05
    Kinetic En.   Total Energy  Conserved En.    Temperature Pressure (bar)
    1.03134e+05   -3.21792e+05   -3.14064e+05    2.98339e+02    7.88570e+01
   Constr. rmsd
    0.00000e+00

           Step           Time
         415000      415.00000

   Energies (kJ/mol)
        G96Bond       G96Angle    Proper Dih.  Improper Dih.          LJ-14
    1.07969e+04    2.27336e+04    5.08106e+03    1.58481e+03    1.42977e+04
     Coulomb-14        LJ (SR)   Coulomb (SR)   Coul. recip.      Potential
   -6.24370e+04    4.08194e+04   -4.60235e+05    1.58623e+03   -4.25772e+05
    Kinetic En.   Total Energy  Conserved En.    Temperature Pressure (bar)
    1.03744e+05   -3.22028e+05   -3.14061e+05    3.00104e+02    2.75684e+02
   Constr. rmsd
    0.00000e+00

           Step           Time
         420000      420.00000

   Energies (kJ/mol)
        G96Bond       G96Angle    Proper Dih.  Improper Dih.          LJ-14
    1.12770e+04    2.30250e+04    5.14637e+03    1.55960e+03    1.40015e+04
     Coulomb-14        LJ (SR)   Coulomb (SR)   Coul. recip.      Potential
   -6.22225e+04    4.08952e+04   -4.60073e+05    1.58623e+03   -4.24805e+05
    Kinetic En.   Total Energy  Conserved En.    Temperature Pressure (bar)
    1.03881e+05   -3.20924e+05   -3.13827e+05    3.00500e+02    4.11982e+01
   Constr. rmsd
    0.00000e+00

           Step           Time
         425000      425.00000

   Energies (kJ/mol)
        G96Bond       G96Angle    Proper Dih.  Improper Dih.          LJ-14
    1.08608e+04    2.29269e+04    5.20492e+03    1.62822e+03    1.39146e+04
     Coulomb-14        LJ (SR)   Coulomb (SR)   Coul. recip.      Potential
   -6.25454e+04    3.97050e+04   -4.58810e+05    1.65604e+03   -4.25459e+05
    Kinetic En.   Total Energy  Conserved En.    Temperature Pressure (bar)
    1.03901e+05   -3.21558e+05   -3.13573e+05    3.00557e+02   -1.54595e+02
   Constr. rmsd
    0.00000e+00

           Step           Time
         430000      430.00000

   Energies (kJ/mol)
        G96Bond       G96Angle    Proper Dih.  Improper Dih.          LJ-14
    1.07472e+04    2.31433e+04    5.16470e+03    1.64190e+03    1.43351e+04
     Coulomb-14        LJ (SR)   Coulomb (SR)   Coul. recip.      Potential
   -6.23668e+04    4.00283e+04   -4.59719e+05    1.63162e+03   -4.25393e+05
    Kinetic En.   Total Energy  Conserved En.    Temperature Pressure (bar)
    1.04009e+05   -3.21385e+05   -3.13465e+05    3.00869e+02    5.00555e+02
   Constr. rmsd
    0.00000e+00

           Step           Time
         435000      435.00000

   Energies (kJ/mol)
        G96Bond       G96Angle    Proper Dih.  Improper Dih.          LJ-14
    1.07131e+04    2.27471e+04    5.10357e+03    1.51020e+03    1.42211e+04
     Coulomb-14        LJ (SR)   Coulomb (SR)   Coul. recip.      Potential
   -6.24110e+04    3.94747e+04   -4.59670e+05    1.61587e+03   -4.26695e+05
    Kinetic En.   Total Energy  Conserved En.    Temperature Pressure (bar)
    1.03640e+05   -3.23055e+05   -3.13505e+05    2.99803e+02   -1.30536e+02
   Constr. rmsd
    0.00000e+00

           Step           Time
         440000      440.00000

   Energies (kJ/mol)
        G96Bond       G96Angle    Proper Dih.  Improper Dih.          LJ-14
    1.08192e+04    2.34771e+04    5.07625e+03    1.57038e+03    1.38439e+04
     Coulomb-14        LJ (SR)   Coulomb (SR)   Coul. recip.      Potential
   -6.25784e+04    3.98577e+04   -4.58979e+05    1.59184e+03   -4.25321e+05
    Kinetic En.   Total Energy  Conserved En.    Temperature Pressure (bar)
    1.03277e+05   -3.22044e+05   -3.13348e+05    2.98752e+02   -3.31818e+02
   Constr. rmsd
    0.00000e+00

           Step           Time
         445000      445.00000

   Energies (kJ/mol)
        G96Bond       G96Angle    Proper Dih.  Improper Dih.          LJ-14
    1.07859e+04    2.30839e+04    5.17089e+03    1.52572e+03    1.41058e+04
     Coulomb-14        LJ (SR)   Coulomb (SR)   Coul. recip.      Potential
   -6.26662e+04    3.90435e+04   -4.58073e+05    1.62509e+03   -4.25398e+05
    Kinetic En.   Total Energy  Conserved En.    Temperature Pressure (bar)
    1.03489e+05   -3.21909e+05   -3.13295e+05    2.99365e+02   -3.01646e+01
   Constr. rmsd
    0.00000e+00

           Step           Time
         450000      450.00000

   Energies (kJ/mol)
        G96Bond       G96Angle    Proper Dih.  Improper Dih.          LJ-14
    1.09964e+04    2.27267e+04    5.09999e+03    1.48857e+03    1.39389e+04
     Coulomb-14        LJ (SR)   Coulomb (SR)   Coul. recip.      Potential
   -6.24943e+04    3.93401e+04   -4.57815e+05    1.61223e+03   -4.25106e+05
    Kinetic En.   Total Energy  Conserved En.    Temperature Pressure (bar)
    1.03774e+05   -3.21333e+05   -3.13505e+05    3.00189e+02   -4.79482e+02
   Constr. rmsd
    0.00000e+00

           Step           Time
         455000      455.00000

   Energies (kJ/mol)
        G96Bond       G96Angle    Proper Dih.  Improper Dih.          LJ-14
    1.08789e+04    2.25871e+04    4.99952e+03    1.56919e+03    1.41802e+04
     Coulomb-14        LJ (SR)   Coulomb (SR)   Coul. recip.      Potential
   -6.28606e+04    3.83377e+04   -4.56744e+05    1.62292e+03   -4.25429e+05
    Kinetic En.   Total Energy  Conserved En.    Temperature Pressure (bar)
    1.03839e+05   -3.21590e+05   -3.13482e+05    3.00379e+02   -1.57650e+02
   Constr. rmsd
    0.00000e+00

           Step           Time
         460000      460.00000

   Energies (kJ/mol)
        G96Bond       G96Angle    Proper Dih.  Improper Dih.          LJ-14
    1.11302e+04    2.26375e+04    5.08346e+03    1.48812e+03    1.39950e+04
     Coulomb-14        LJ (SR)   Coulomb (SR)   Coul. recip.      Potential
   -6.25771e+04    3.83057e+04   -4.56761e+05    1.63219e+03   -4.25066e+05
    Kinetic En.   Total Energy  Conserved En.    Temperature Pressure (bar)
    1.03728e+05   -3.21338e+05   -3.13444e+05    3.00056e+02   -3.08113e+02
   Constr. rmsd
    0.00000e+00

           Step           Time
         465000      465.00000

   Energies (kJ/mol)
        G96Bond       G96Angle    Proper Dih.  Improper Dih.          LJ-14
    1.08021e+04    2.28962e+04    5.00559e+03    1.55269e+03    1.43368e+04
     Coulomb-14        LJ (SR)   Coulomb (SR)   Coul. recip.      Potential
   -6.27030e+04    4.00032e+04   -4.58432e+05    1.64419e+03   -4.24894e+05
    Kinetic En.   Total Energy  Conserved En.    Temperature Pressure (bar)
    1.02818e+05   -3.22075e+05   -3.13147e+05    2.97425e+02    1.03511e+02
   Constr. rmsd
    0.00000e+00

           Step           Time
         470000      470.00000

   Energies (kJ/mol)
        G96Bond       G96Angle    Proper Dih.  Improper Dih.          LJ-14
    1.10442e+04    2.28198e+04    5.09718e+03    1.48659e+03    1.42423e+04
     Coulomb-14        LJ (SR)   Coulomb (SR)   Coul. recip.      Potential
   -6.27377e+04    4.01888e+04   -4.58672e+05    1.65015e+03   -4.24881e+05
    Kinetic En.   Total Energy  Conserved En.    Temperature Pressure (bar)
    1.04169e+05   -3.20712e+05   -3.12813e+05    3.01331e+02    2.17064e+02
   Constr. rmsd
    0.00000e+00

           Step           Time
         475000      475.00000

   Energies (kJ/mol)
        G96Bond       G96Angle    Proper Dih.  Improper Dih.          LJ-14
    1.10084e+04    2.31591e+04    5.21435e+03    1.56794e+03    1.40842e+04
     Coulomb-14        LJ (SR)   Coulomb (SR)   Coul. recip.      Potential
   -6.26699e+04    3.92045e+04   -4.57660e+05    1.60997e+03   -4.24481e+05
    Kinetic En.   Total Energy  Conserved En.    Temperature Pressure (bar)
    1.03845e+05   -3.20637e+05   -3.12773e+05    3.00395e+02    7.79001e+01
   Constr. rmsd
    0.00000e+00

           Step           Time
         480000      480.00000

   Energies (kJ/mol)
        G96Bond       G96Angle    Proper Dih.  Improper Dih.          LJ-14
    1.08372e+04    2.30985e+04    5.01287e+03    1.67828e+03    1.39261e+04
     Coulomb-14        LJ (SR)   Coulomb (SR)   Coul. recip.      Potential
   -6.24208e+04    4.09597e+04   -4.60932e+05    1.62093e+03   -4.26219e+05
    Kinetic En.   Total Energy  Conserved En.    Temperature Pressure (bar)
    1.04152e+05   -3.22067e+05   -3.12633e+05    3.01284e+02    7.35471e+01
   Constr. rmsd
    0.00000e+00

           Step           Time
         485000      485.00000

   Energies (kJ/mol)
        G96Bond       G96Angle    Proper Dih.  Improper Dih.          LJ-14
    1.10240e+04    2.31500e+04    5.14815e+03    1.46913e+03    1.40783e+04
     Coulomb-14        LJ (SR)   Coulomb (SR)   Coul. recip.      Potential
   -6.22177e+04    4.05392e+04   -4.60378e+05    1.60309e+03   -4.25584e+05
    Kinetic En.   Total Energy  Conserved En.    Temperature Pressure (bar)
    1.03496e+05   -3.22088e+05   -3.12500e+05    2.99386e+02    7.47030e+01
   Constr. rmsd
    0.00000e+00

           Step           Time
         490000      490.00000

   Energies (kJ/mol)
        G96Bond       G96Angle    Proper Dih.  Improper Dih.          LJ-14
    1.08738e+04    2.27208e+04    5.11406e+03    1.51692e+03    1.43799e+04
     Coulomb-14        LJ (SR)   Coulomb (SR)   Coul. recip.      Potential
   -6.20436e+04    3.89196e+04   -4.58953e+05    1.65990e+03   -4.25812e+05
    Kinetic En.   Total Energy  Conserved En.    Temperature Pressure (bar)
    1.04171e+05   -3.21641e+05   -3.12363e+05    3.01339e+02    8.32791e+01
   Constr. rmsd
    0.00000e+00

           Step           Time
         495000      495.00000

   Energies (kJ/mol)
        G96Bond       G96Angle    Proper Dih.  Improper Dih.          LJ-14
    1.11418e+04    2.30592e+04    5.12217e+03    1.56648e+03    1.40405e+04
     Coulomb-14        LJ (SR)   Coulomb (SR)   Coul. recip.      Potential
   -6.22932e+04    3.93982e+04   -4.59479e+05    1.58108e+03   -4.25863e+05
    Kinetic En.   Total Energy  Conserved En.    Temperature Pressure (bar)
    1.03070e+05   -3.22793e+05   -3.12435e+05    2.98152e+02   -2.78509e+02
   Constr. rmsd
    0.00000e+00

           Step           Time
         500000      500.00000

   Energies (kJ/mol)
        G96Bond       G96Angle    Proper Dih.  Improper Dih.          LJ-14
    1.07097e+04    2.31251e+04    5.19889e+03    1.66121e+03    1.42022e+04
     Coulomb-14        LJ (SR)   Coulomb (SR)   Coul. recip.      Potential
   -6.20986e+04    3.97762e+04   -4.59408e+05    1.69675e+03   -4.25137e+05
    Kinetic En.   Total Energy  Conserved En.    Temperature Pressure (bar)
    1.02737e+05   -3.22400e+05   -3.12280e+05    2.97189e+02    8.11741e+01
   Constr. rmsd
    0.00000e+00

           Step           Time
         505000      505.00000

   Energies (kJ/mol)
        G96Bond       G96Angle    Proper Dih.  Improper Dih.          LJ-14
    1.10224e+04    2.28760e+04    4.95711e+03    1.52853e+03    1.40293e+04
     Coulomb-14        LJ (SR)   Coulomb (SR)   Coul. recip.      Potential
   -6.19601e+04    4.01277e+04   -4.59757e+05    1.60436e+03   -4.25572e+05
    Kinetic En.   Total Energy  Conserved En.    Temperature Pressure (bar)
    1.03640e+05   -3.21932e+05   -3.12209e+05    2.99802e+02   -1.70272e+01
   Constr. rmsd
    0.00000e+00

           Step           Time
         510000      510.00000

   Energies (kJ/mol)
        G96Bond       G96Angle    Proper Dih.  Improper Dih.          LJ-14
    1.09937e+04    2.31022e+04    5.12813e+03    1.56760e+03    1.43532e+04
     Coulomb-14        LJ (SR)   Coulomb (SR)   Coul. recip.      Potential
   -6.22201e+04    4.00967e+04   -4.59946e+05    1.58066e+03   -4.25344e+05
    Kinetic En.   Total Energy  Conserved En.    Temperature Pressure (bar)
    1.02830e+05   -3.22514e+05   -3.12267e+05    2.97460e+02    1.98549e+01
   Constr. rmsd
    0.00000e+00

           Step           Time
         515000      515.00000

   Energies (kJ/mol)
        G96Bond       G96Angle    Proper Dih.  Improper Dih.          LJ-14
    1.10191e+04    2.28185e+04    5.25965e+03    1.57033e+03    1.38461e+04
     Coulomb-14        LJ (SR)   Coulomb (SR)   Coul. recip.      Potential
   -6.21241e+04    3.88777e+04   -4.58193e+05    1.61712e+03   -4.25308e+05
    Kinetic En.   Total Energy  Conserved En.    Temperature Pressure (bar)
    1.03467e+05   -3.21841e+05   -3.12203e+05    2.99301e+02   -3.23968e+02
   Constr. rmsd
    0.00000e+00

           Step           Time
         520000      520.00000

   Energies (kJ/mol)
        G96Bond       G96Angle    Proper Dih.  Improper Dih.          LJ-14
    1.10281e+04    2.29409e+04    5.22997e+03    1.59210e+03    1.40860e+04
     Coulomb-14        LJ (SR)   Coulomb (SR)   Coul. recip.      Potential
   -6.20558e+04    4.03014e+04   -4.60856e+05    1.69020e+03   -4.26043e+05
    Kinetic En.   Total Energy  Conserved En.    Temperature Pressure (bar)
    1.03640e+05   -3.22404e+05   -3.12353e+05    2.99801e+02    6.15273e-01
   Constr. rmsd
    0.00000e+00

           Step           Time
         525000      525.00000

   Energies (kJ/mol)
        G96Bond       G96Angle    Proper Dih.  Improper Dih.          LJ-14
    1.08628e+04    2.31109e+04    5.06386e+03    1.56386e+03    1.42770e+04
     Coulomb-14        LJ (SR)   Coulomb (SR)   Coul. recip.      Potential
   -6.19335e+04    3.93171e+04   -4.58069e+05    1.66170e+03   -4.24145e+05
    Kinetic En.   Total Energy  Conserved En.    Temperature Pressure (bar)
    1.04148e+05   -3.19997e+05   -3.12262e+05    3.01273e+02    1.16402e+02
   Constr. rmsd
    0.00000e+00

           Step           Time
         530000      530.00000

   Energies (kJ/mol)
        G96Bond       G96Angle    Proper Dih.  Improper Dih.          LJ-14
    1.07627e+04    2.32233e+04    4.97140e+03    1.55346e+03    1.42051e+04
     Coulomb-14        LJ (SR)   Coulomb (SR)   Coul. recip.      Potential
   -6.18055e+04    3.96832e+04   -4.58063e+05    1.66061e+03   -4.23809e+05
    Kinetic En.   Total Energy  Conserved En.    Temperature Pressure (bar)
    1.04218e+05   -3.19590e+05   -3.12139e+05    3.01476e+02    1.01894e+02
   Constr. rmsd
    0.00000e+00

           Step           Time
         535000      535.00000

   Energies (kJ/mol)
        G96Bond       G96Angle    Proper Dih.  Improper Dih.          LJ-14
    1.07404e+04    2.27838e+04    4.97439e+03    1.47519e+03    1.42466e+04
     Coulomb-14        LJ (SR)   Coulomb (SR)   Coul. recip.      Potential
   -6.17960e+04    4.09888e+04   -4.60675e+05    1.71342e+03   -4.25548e+05
    Kinetic En.   Total Energy  Conserved En.    Temperature Pressure (bar)
    1.03323e+05   -3.22226e+05   -3.12004e+05    2.98884e+02    2.24422e+02
   Constr. rmsd
    0.00000e+00

           Step           Time
         540000      540.00000

   Energies (kJ/mol)
        G96Bond       G96Angle    Proper Dih.  Improper Dih.          LJ-14
    1.07199e+04    2.30139e+04    5.02490e+03    1.59583e+03    1.41233e+04
     Coulomb-14        LJ (SR)   Coulomb (SR)   Coul. recip.      Potential
   -6.19062e+04    3.96214e+04   -4.59966e+05    1.63053e+03   -4.26142e+05
    Kinetic En.   Total Energy  Conserved En.    Temperature Pressure (bar)
    1.04175e+05   -3.21967e+05   -3.11709e+05    3.01349e+02   -1.29271e+02
   Constr. rmsd
    0.00000e+00

           Step           Time
         545000      545.00000

   Energies (kJ/mol)
        G96Bond       G96Angle    Proper Dih.  Improper Dih.          LJ-14
    1.09775e+04    2.28673e+04    5.15806e+03    1.60718e+03    1.40286e+04
     Coulomb-14        LJ (SR)   Coulomb (SR)   Coul. recip.      Potential
   -6.20360e+04    3.89819e+04   -4.59281e+05    1.64670e+03   -4.26050e+05
    Kinetic En.   Total Energy  Conserved En.    Temperature Pressure (bar)
    1.03395e+05   -3.22655e+05   -3.11547e+05    2.99094e+02   -2.01651e+02
   Constr. rmsd
    0.00000e+00

           Step           Time
         550000      550.00000

   Energies (kJ/mol)
        G96Bond       G96Angle    Proper Dih.  Improper Dih.          LJ-14
    1.09399e+04    2.26220e+04    5.21772e+03    1.44776e+03    1.40949e+04
     Coulomb-14        LJ (SR)   Coulomb (SR)   Coul. recip.      Potential
   -6.20478e+04    3.98663e+04   -4.59973e+05    1.62827e+03   -4.26204e+05
    Kinetic En.   Total Energy  Conserved En.    Temperature Pressure (bar)
    1.04662e+05   -3.21542e+05   -3.11467e+05    3.02759e+02   -5.95710e+01
   Constr. rmsd
    0.00000e+00

           Step           Time
         555000      555.00000

   Energies (kJ/mol)
        G96Bond       G96Angle    Proper Dih.  Improper Dih.          LJ-14
    1.05668e+04    2.27165e+04    5.10696e+03    1.55047e+03    1.41477e+04
     Coulomb-14        LJ (SR)   Coulomb (SR)   Coul. recip.      Potential
   -6.20304e+04    3.90806e+04   -4.59542e+05    1.59506e+03   -4.26808e+05
    Kinetic En.   Total Energy  Conserved En.    Temperature Pressure (bar)
    1.04265e+05   -3.22544e+05   -3.11508e+05    3.01609e+02    5.60626e+01
   Constr. rmsd
    0.00000e+00

           Step           Time
         560000      560.00000

   Energies (kJ/mol)
        G96Bond       G96Angle    Proper Dih.  Improper Dih.          LJ-14
    1.06763e+04    2.29593e+04    5.05087e+03    1.50040e+03    1.42886e+04
     Coulomb-14        LJ (SR)   Coulomb (SR)   Coul. recip.      Potential
   -6.21792e+04    3.85760e+04   -4.58449e+05    1.57197e+03   -4.26005e+05
    Kinetic En.   Total Energy  Conserved En.    Temperature Pressure (bar)
    1.03269e+05   -3.22736e+05   -3.11482e+05    2.98729e+02   -9.18891e+00
   Constr. rmsd
    0.00000e+00

           Step           Time
         565000      565.00000

   Energies (kJ/mol)
        G96Bond       G96Angle    Proper Dih.  Improper Dih.          LJ-14
    1.07894e+04    2.31304e+04    5.15280e+03    1.57921e+03    1.41907e+04
     Coulomb-14        LJ (SR)   Coulomb (SR)   Coul. recip.      Potential
   -6.20812e+04    3.86638e+04   -4.58374e+05    1.61355e+03   -4.25335e+05
    Kinetic En.   Total Energy  Conserved En.    Temperature Pressure (bar)
    1.03915e+05   -3.21420e+05   -3.11633e+05    3.00597e+02   -1.61810e+02
   Constr. rmsd
    0.00000e+00

           Step           Time
         570000      570.00000

   Energies (kJ/mol)
        G96Bond       G96Angle    Proper Dih.  Improper Dih.          LJ-14
    1.10243e+04    2.28308e+04    5.05083e+03    1.51656e+03    1.41261e+04
     Coulomb-14        LJ (SR)   Coulomb (SR)   Coul. recip.      Potential
   -6.20219e+04    3.95405e+04   -4.60125e+05    1.64515e+03   -4.26413e+05
    Kinetic En.   Total Energy  Conserved En.    Temperature Pressure (bar)
    1.03445e+05   -3.22968e+05   -3.11444e+05    2.99237e+02   -6.74253e+01
   Constr. rmsd
    0.00000e+00

           Step           Time
         575000      575.00000

   Energies (kJ/mol)
        G96Bond       G96Angle    Proper Dih.  Improper Dih.          LJ-14
    1.08043e+04    2.28441e+04    5.14324e+03    1.51982e+03    1.39561e+04
     Coulomb-14        LJ (SR)   Coulomb (SR)   Coul. recip.      Potential
   -6.20564e+04    4.03113e+04   -4.60629e+05    1.60204e+03   -4.26505e+05
    Kinetic En.   Total Energy  Conserved En.    Temperature Pressure (bar)
    1.03373e+05   -3.23132e+05   -3.11505e+05    2.99029e+02    1.38816e+02
   Constr. rmsd
    0.00000e+00

           Step           Time
         580000      580.00000

   Energies (kJ/mol)
        G96Bond       G96Angle    Proper Dih.  Improper Dih.          LJ-14
    1.07681e+04    2.30399e+04    5.22762e+03    1.69557e+03    1.41703e+04
     Coulomb-14        LJ (SR)   Coulomb (SR)   Coul. recip.      Potential
   -6.24053e+04    3.95252e+04   -4.58669e+05    1.64566e+03   -4.25002e+05
    Kinetic En.   Total Energy  Conserved En.    Temperature Pressure (bar)
    1.04092e+05   -3.20910e+05   -3.11426e+05    3.01111e+02    5.52667e+00
   Constr. rmsd
    0.00000e+00

           Step           Time
         585000      585.00000

   Energies (kJ/mol)
        G96Bond       G96Angle    Proper Dih.  Improper Dih.          LJ-14
    1.05785e+04    2.29799e+04    5.23898e+03    1.57278e+03    1.43732e+04
     Coulomb-14        LJ (SR)   Coulomb (SR)   Coul. recip.      Potential
   -6.22575e+04    4.06231e+04   -4.60942e+05    1.69179e+03   -4.26141e+05
    Kinetic En.   Total Energy  Conserved En.    Temperature Pressure (bar)
    1.03834e+05   -3.22307e+05   -3.11276e+05    3.00365e+02    1.67596e+02
   Constr. rmsd
    0.00000e+00

           Step           Time
         590000      590.00000

   Energies (kJ/mol)
        G96Bond       G96Angle    Proper Dih.  Improper Dih.          LJ-14
    1.09153e+04    2.29512e+04    5.05654e+03    1.54735e+03    1.40345e+04
     Coulomb-14        LJ (SR)   Coulomb (SR)   Coul. recip.      Potential
   -6.20585e+04    4.04632e+04   -4.59714e+05    1.60985e+03   -4.25195e+05
    Kinetic En.   Total Energy  Conserved En.    Temperature Pressure (bar)
    1.03583e+05   -3.21612e+05   -3.11468e+05    2.99637e+02   -7.94794e+01
   Constr. rmsd
    0.00000e+00

           Step           Time
         595000      595.00000

   Energies (kJ/mol)
        G96Bond       G96Angle    Proper Dih.  Improper Dih.          LJ-14
    1.09791e+04    2.27801e+04    5.03043e+03    1.60479e+03    1.41103e+04
     Coulomb-14        LJ (SR)   Coulomb (SR)   Coul. recip.      Potential
   -6.24031e+04    3.95122e+04   -4.58375e+05    1.68052e+03   -4.25081e+05
    Kinetic En.   Total Energy  Conserved En.    Temperature Pressure (bar)
    1.03996e+05   -3.21085e+05   -3.11219e+05    3.00831e+02   -2.14786e+02
   Constr. rmsd
    0.00000e+00

           Step           Time
         600000      600.00000

   Energies (kJ/mol)
        G96Bond       G96Angle    Proper Dih.  Improper Dih.          LJ-14
    1.05647e+04    2.28983e+04    5.07514e+03    1.53767e+03    1.43499e+04
     Coulomb-14        LJ (SR)   Coulomb (SR)   Coul. recip.      Potential
   -6.24037e+04    4.00399e+04   -4.58127e+05    1.74312e+03   -4.24322e+05
    Kinetic En.   Total Energy  Conserved En.    Temperature Pressure (bar)
    1.04838e+05   -3.19483e+05   -3.11248e+05    3.03269e+02    2.15145e+02
   Constr. rmsd
    0.00000e+00

           Step           Time
         605000      605.00000

   Energies (kJ/mol)
        G96Bond       G96Angle    Proper Dih.  Improper Dih.          LJ-14
    1.05771e+04    2.33732e+04    5.07506e+03    1.60764e+03    1.42020e+04
     Coulomb-14        LJ (SR)   Coulomb (SR)   Coul. recip.      Potential
   -6.21901e+04    3.94219e+04   -4.58444e+05    1.59015e+03   -4.24787e+05
    Kinetic En.   Total Energy  Conserved En.    Temperature Pressure (bar)
    1.03453e+05   -3.21333e+05   -3.11065e+05    2.99263e+02    1.01117e+02
   Constr. rmsd
    0.00000e+00

           Step           Time
         610000      610.00000

   Energies (kJ/mol)
        G96Bond       G96Angle    Proper Dih.  Improper Dih.          LJ-14
    1.07568e+04    2.29808e+04    5.16287e+03    1.46848e+03    1.42493e+04
     Coulomb-14        LJ (SR)   Coulomb (SR)   Coul. recip.      Potential
   -6.19076e+04    3.99736e+04   -4.59949e+05    1.61857e+03   -4.25646e+05
    Kinetic En.   Total Energy  Conserved En.    Temperature Pressure (bar)
    1.03099e+05   -3.22547e+05   -3.10800e+05    2.98237e+02    3.47276e+01
   Constr. rmsd
    0.00000e+00

           Step           Time
         615000      615.00000

   Energies (kJ/mol)
        G96Bond       G96Angle    Proper Dih.  Improper Dih.          LJ-14
    1.07764e+04    2.31721e+04    5.26869e+03    1.49117e+03    1.42633e+04
     Coulomb-14        LJ (SR)   Coulomb (SR)   Coul. recip.      Potential
   -6.18670e+04    3.96473e+04   -4.59476e+05    1.65852e+03   -4.25066e+05
    Kinetic En.   Total Energy  Conserved En.    Temperature Pressure (bar)
    1.03610e+05   -3.21456e+05   -3.10866e+05    2.99716e+02    3.44534e+01
   Constr. rmsd
    0.00000e+00

           Step           Time
         620000      620.00000

   Energies (kJ/mol)
        G96Bond       G96Angle    Proper Dih.  Improper Dih.          LJ-14
    1.08786e+04    2.28010e+04    5.13255e+03    1.54018e+03    1.43484e+04
     Coulomb-14        LJ (SR)   Coulomb (SR)   Coul. recip.      Potential
   -6.20437e+04    4.00229e+04   -4.59950e+05    1.60022e+03   -4.25670e+05
    Kinetic En.   Total Energy  Conserved En.    Temperature Pressure (bar)
    1.03929e+05   -3.21741e+05   -3.10692e+05    3.00638e+02    1.66560e+02
   Constr. rmsd
    0.00000e+00

           Step           Time
         625000      625.00000

   Energies (kJ/mol)
        G96Bond       G96Angle    Proper Dih.  Improper Dih.          LJ-14
    1.09161e+04    2.30495e+04    5.20572e+03    1.60739e+03    1.41718e+04
     Coulomb-14        LJ (SR)   Coulomb (SR)   Coul. recip.      Potential
   -6.21077e+04    3.87254e+04   -4.58894e+05    1.60606e+03   -4.25720e+05
    Kinetic En.   Total Energy  Conserved En.    Temperature Pressure (bar)
    1.04194e+05   -3.21525e+05   -3.10431e+05    3.01406e+02   -1.54323e+02
   Constr. rmsd
    0.00000e+00

           Step           Time
         630000      630.00000

   Energies (kJ/mol)
        G96Bond       G96Angle    Proper Dih.  Improper Dih.          LJ-14
    1.08509e+04    2.28621e+04    5.19756e+03    1.57917e+03    1.40638e+04
     Coulomb-14        LJ (SR)   Coulomb (SR)   Coul. recip.      Potential
   -6.16399e+04    3.92869e+04   -4.59572e+05    1.59480e+03   -4.25777e+05
    Kinetic En.   Total Energy  Conserved En.    Temperature Pressure (bar)
    1.04349e+05   -3.21428e+05   -3.10594e+05    3.01853e+02   -3.00504e+02
   Constr. rmsd
    0.00000e+00

           Step           Time
         635000      635.00000

   Energies (kJ/mol)
        G96Bond       G96Angle    Proper Dih.  Improper Dih.          LJ-14
    1.09742e+04    2.29771e+04    5.20380e+03    1.53146e+03    1.41847e+04
     Coulomb-14        LJ (SR)   Coulomb (SR)   Coul. recip.      Potential
   -6.21914e+04    3.95715e+04   -4.59925e+05    1.55076e+03   -4.26123e+05
    Kinetic En.   Total Energy  Conserved En.    Temperature Pressure (bar)
    1.03973e+05   -3.22150e+05   -3.10374e+05    3.00765e+02   -1.01346e+02
   Constr. rmsd
    0.00000e+00

           Step           Time
         640000      640.00000

   Energies (kJ/mol)
        G96Bond       G96Angle    Proper Dih.  Improper Dih.          LJ-14
    1.11063e+04    2.32431e+04    5.17872e+03    1.56884e+03    1.41186e+04
     Coulomb-14        LJ (SR)   Coulomb (SR)   Coul. recip.      Potential
   -6.20055e+04    4.05022e+04   -4.60733e+05    1.58577e+03   -4.25435e+05
    Kinetic En.   Total Energy  Conserved En.    Temperature Pressure (bar)
    1.03624e+05   -3.21811e+05   -3.10337e+05    2.99756e+02   -5.90388e+01
   Constr. rmsd
    0.00000e+00

           Step           Time
         645000      645.00000

   Energies (kJ/mol)
        G96Bond       G96Angle    Proper Dih.  Improper Dih.          LJ-14
    1.10677e+04    2.33536e+04    5.14602e+03    1.52156e+03    1.41017e+04
     Coulomb-14        LJ (SR)   Coulomb (SR)   Coul. recip.      Potential
   -6.18912e+04    4.02476e+04   -4.61252e+05    1.65950e+03   -4.26046e+05
    Kinetic En.   Total Energy  Conserved En.    Temperature Pressure (bar)
    1.04242e+05   -3.21804e+05   -3.10320e+05    3.01543e+02   -8.12631e+01
   Constr. rmsd
    0.00000e+00

           Step           Time
         650000      650.00000

   Energies (kJ/mol)
        G96Bond       G96Angle    Proper Dih.  Improper Dih.          LJ-14
    1.10855e+04    2.30293e+04    4.98606e+03    1.60345e+03    1.40631e+04
     Coulomb-14        LJ (SR)   Coulomb (SR)   Coul. recip.      Potential
   -6.17557e+04    4.03718e+04   -4.61158e+05    1.65553e+03   -4.26119e+05
    Kinetic En.   Total Energy  Conserved En.    Temperature Pressure (bar)
    1.02789e+05   -3.23330e+05   -3.10319e+05    2.97339e+02    2.46503e+01
   Constr. rmsd
    0.00000e+00

           Step           Time
         655000      655.00000

   Energies (kJ/mol)
        G96Bond       G96Angle    Proper Dih.  Improper Dih.          LJ-14
    1.06438e+04    2.36954e+04    5.06175e+03    1.55041e+03    1.39972e+04
     Coulomb-14        LJ (SR)   Coulomb (SR)   Coul. recip.      Potential
   -6.20209e+04    3.90215e+04   -4.58983e+05    1.59963e+03   -4.25434e+05
    Kinetic En.   Total Energy  Conserved En.    Temperature Pressure (bar)
    1.04008e+05   -3.21426e+05   -3.10256e+05    3.00867e+02   -3.46395e+02
   Constr. rmsd
    0.00000e+00

           Step           Time
         660000      660.00000

   Energies (kJ/mol)
        G96Bond       G96Angle    Proper Dih.  Improper Dih.          LJ-14
    1.07410e+04    2.31272e+04    5.01908e+03    1.51838e+03    1.43786e+04
     Coulomb-14        LJ (SR)   Coulomb (SR)   Coul. recip.      Potential
   -6.19394e+04    4.12839e+04   -4.62369e+05    1.59498e+03   -4.26646e+05
    Kinetic En.   Total Energy  Conserved En.    Temperature Pressure (bar)
    1.03589e+05   -3.23057e+05   -3.10169e+05    2.99655e+02    3.30308e+02
   Constr. rmsd
    0.00000e+00

           Step           Time
         665000      665.00000

   Energies (kJ/mol)
        G96Bond       G96Angle    Proper Dih.  Improper Dih.          LJ-14
    1.08463e+04    2.36094e+04    5.09180e+03    1.63753e+03    1.39396e+04
     Coulomb-14        LJ (SR)   Coulomb (SR)   Coul. recip.      Potential
   -6.16486e+04    4.02200e+04   -4.60216e+05    1.62202e+03   -4.24898e+05
    Kinetic En.   Total Energy  Conserved En.    Temperature Pressure (bar)
    1.03203e+05   -3.21695e+05   -3.10060e+05    2.98538e+02   -4.66988e+01
   Constr. rmsd
    0.00000e+00

           Step           Time
         670000      670.00000

   Energies (kJ/mol)
        G96Bond       G96Angle    Proper Dih.  Improper Dih.          LJ-14
    1.10472e+04    2.29541e+04    5.04136e+03    1.48471e+03    1.44272e+04
     Coulomb-14        LJ (SR)   Coulomb (SR)   Coul. recip.      Potential
   -6.19030e+04    4.09691e+04   -4.61450e+05    1.56219e+03   -4.25867e+05
    Kinetic En.   Total Energy  Conserved En.    Temperature Pressure (bar)
    1.04838e+05   -3.21029e+05   -3.09891e+05    3.03267e+02   -3.08069e+01
   Constr. rmsd
    0.00000e+00

           Step           Time
         675000      675.00000

   Energies (kJ/mol)
        G96Bond       G96Angle    Proper Dih.  Improper Dih.          LJ-14
    1.13504e+04    2.30388e+04    5.08116e+03    1.52937e+03    1.38983e+04
     Coulomb-14        LJ (SR)   Coulomb (SR)   Coul. recip.      Potential
   -6.22785e+04    4.05954e+04   -4.61252e+05    1.64770e+03   -4.26389e+05
    Kinetic En.   Total Energy  Conserved En.    Temperature Pressure (bar)
    1.04136e+05   -3.22253e+05   -3.09732e+05    3.01237e+02   -1.18941e+02
   Constr. rmsd
    0.00000e+00

           Step           Time
         680000      680.00000

   Energies (kJ/mol)
        G96Bond       G96Angle    Proper Dih.  Improper Dih.          LJ-14
    1.05376e+04    2.30868e+04    5.19321e+03    1.54312e+03    1.43167e+04
     Coulomb-14        LJ (SR)   Coulomb (SR)   Coul. recip.      Potential
   -6.17233e+04    3.91855e+04   -4.58413e+05    1.62057e+03   -4.24653e+05
    Kinetic En.   Total Energy  Conserved En.    Temperature Pressure (bar)
    1.03297e+05   -3.21356e+05   -3.09561e+05    2.98809e+02    9.96848e+01
   Constr. rmsd
    0.00000e+00

Writing checkpoint, step 682100 at Fri Aug 15 17:51:52 2025


           Step           Time
         685000      685.00000

   Energies (kJ/mol)
        G96Bond       G96Angle    Proper Dih.  Improper Dih.          LJ-14
    1.09287e+04    2.32374e+04    5.14210e+03    1.52899e+03    1.41756e+04
     Coulomb-14        LJ (SR)   Coulomb (SR)   Coul. recip.      Potential
   -6.19383e+04    4.08751e+04   -4.61417e+05    1.58984e+03   -4.25878e+05
    Kinetic En.   Total Energy  Conserved En.    Temperature Pressure (bar)
    1.04039e+05   -3.21839e+05   -3.09583e+05    3.00957e+02    1.35693e+02
   Constr. rmsd
    0.00000e+00

           Step           Time
         690000      690.00000

   Energies (kJ/mol)
        G96Bond       G96Angle    Proper Dih.  Improper Dih.          LJ-14
    1.11648e+04    2.30197e+04    5.16931e+03    1.53904e+03    1.41425e+04
     Coulomb-14        LJ (SR)   Coulomb (SR)   Coul. recip.      Potential
   -6.23017e+04    4.03455e+04   -4.61253e+05    1.63436e+03   -4.26540e+05
    Kinetic En.   Total Energy  Conserved En.    Temperature Pressure (bar)
    1.02953e+05   -3.23587e+05   -3.09540e+05    2.97814e+02   -3.17717e+02
   Constr. rmsd
    0.00000e+00

           Step           Time
         695000      695.00000

   Energies (kJ/mol)
        G96Bond       G96Angle    Proper Dih.  Improper Dih.          LJ-14
    1.10508e+04    2.29727e+04    5.11818e+03    1.56563e+03    1.42870e+04
     Coulomb-14        LJ (SR)   Coulomb (SR)   Coul. recip.      Potential
   -6.25168e+04    4.07520e+04   -4.60806e+05    1.66778e+03   -4.25909e+05
    Kinetic En.   Total Energy  Conserved En.    Temperature Pressure (bar)
    1.03349e+05   -3.22560e+05   -3.09483e+05    2.98959e+02    2.80567e+02
   Constr. rmsd
    0.00000e+00

           Step           Time
         700000      700.00000

   Energies (kJ/mol)
        G96Bond       G96Angle    Proper Dih.  Improper Dih.          LJ-14
    1.08060e+04    2.31720e+04    5.25768e+03    1.54553e+03    1.43749e+04
     Coulomb-14        LJ (SR)   Coulomb (SR)   Coul. recip.      Potential
   -6.22902e+04    4.05206e+04   -4.60172e+05    1.66718e+03   -4.25119e+05
    Kinetic En.   Total Energy  Conserved En.    Temperature Pressure (bar)
    1.03660e+05   -3.21459e+05   -3.09422e+05    2.99859e+02    4.69451e+02
   Constr. rmsd
    0.00000e+00

           Step           Time
         705000      705.00000

   Energies (kJ/mol)
        G96Bond       G96Angle    Proper Dih.  Improper Dih.          LJ-14
    1.08359e+04    2.32776e+04    5.17752e+03    1.55081e+03    1.42039e+04
     Coulomb-14        LJ (SR)   Coulomb (SR)   Coul. recip.      Potential
   -6.25266e+04    4.03805e+04   -4.60075e+05    1.56169e+03   -4.25613e+05
    Kinetic En.   Total Energy  Conserved En.    Temperature Pressure (bar)
    1.03596e+05   -3.22017e+05   -3.09479e+05    2.99676e+02    1.23139e+02
   Constr. rmsd
    0.00000e+00

           Step           Time
         710000      710.00000

   Energies (kJ/mol)
        G96Bond       G96Angle    Proper Dih.  Improper Dih.          LJ-14
    1.07969e+04    2.34602e+04    5.08753e+03    1.61769e+03    1.40883e+04
     Coulomb-14        LJ (SR)   Coulomb (SR)   Coul. recip.      Potential
   -6.22782e+04    4.00212e+04   -4.60498e+05    1.69778e+03   -4.26006e+05
    Kinetic En.   Total Energy  Conserved En.    Temperature Pressure (bar)
    1.04110e+05   -3.21896e+05   -3.09493e+05    3.01161e+02    6.25738e+01
   Constr. rmsd
    0.00000e+00

           Step           Time
         715000      715.00000

   Energies (kJ/mol)
        G96Bond       G96Angle    Proper Dih.  Improper Dih.          LJ-14
    1.11912e+04    2.30133e+04    5.17376e+03    1.43665e+03    1.43050e+04
     Coulomb-14        LJ (SR)   Coulomb (SR)   Coul. recip.      Potential
   -6.22829e+04    4.02210e+04   -4.60008e+05    1.58803e+03   -4.25362e+05
    Kinetic En.   Total Energy  Conserved En.    Temperature Pressure (bar)
    1.03589e+05   -3.21773e+05   -3.09165e+05    2.99654e+02   -1.87894e+01
   Constr. rmsd
    0.00000e+00

           Step           Time
         720000      720.00000

   Energies (kJ/mol)
        G96Bond       G96Angle    Proper Dih.  Improper Dih.          LJ-14
    1.11568e+04    2.29785e+04    5.08119e+03    1.55143e+03    1.40240e+04
     Coulomb-14        LJ (SR)   Coulomb (SR)   Coul. recip.      Potential
   -6.22550e+04    3.97270e+04   -4.59399e+05    1.53541e+03   -4.25600e+05
    Kinetic En.   Total Energy  Conserved En.    Temperature Pressure (bar)
    1.04321e+05   -3.21279e+05   -3.09147e+05    3.01771e+02    4.81717e+01
   Constr. rmsd
    0.00000e+00

           Step           Time
         725000      725.00000

   Energies (kJ/mol)
        G96Bond       G96Angle    Proper Dih.  Improper Dih.          LJ-14
    1.09647e+04    2.30018e+04    5.16139e+03    1.53548e+03    1.39516e+04
     Coulomb-14        LJ (SR)   Coulomb (SR)   Coul. recip.      Potential
   -6.21970e+04    4.01429e+04   -4.59629e+05    1.53892e+03   -4.25529e+05
    Kinetic En.   Total Energy  Conserved En.    Temperature Pressure (bar)
    1.04054e+05   -3.21475e+05   -3.09234e+05    3.01000e+02   -1.60197e+02
   Constr. rmsd
    0.00000e+00

           Step           Time
         730000      730.00000

   Energies (kJ/mol)
        G96Bond       G96Angle    Proper Dih.  Improper Dih.          LJ-14
    1.08028e+04    2.35883e+04    5.30026e+03    1.61976e+03    1.41554e+04
     Coulomb-14        LJ (SR)   Coulomb (SR)   Coul. recip.      Potential
   -6.23728e+04    3.92125e+04   -4.58836e+05    1.57118e+03   -4.24959e+05
    Kinetic En.   Total Energy  Conserved En.    Temperature Pressure (bar)
    1.03865e+05   -3.21094e+05   -3.09090e+05    3.00453e+02    3.77958e+01
   Constr. rmsd
    0.00000e+00

           Step           Time
         735000      735.00000

   Energies (kJ/mol)
        G96Bond       G96Angle    Proper Dih.  Improper Dih.          LJ-14
    1.09178e+04    2.34120e+04    5.05945e+03    1.54600e+03    1.41811e+04
     Coulomb-14        LJ (SR)   Coulomb (SR)   Coul. recip.      Potential
   -6.22364e+04    3.96072e+04   -4.59063e+05    1.63289e+03   -4.24943e+05
    Kinetic En.   Total Energy  Conserved En.    Temperature Pressure (bar)
    1.03650e+05   -3.21292e+05   -3.08973e+05    2.99833e+02   -9.93769e+01
   Constr. rmsd
    0.00000e+00

           Step           Time
         740000      740.00000

   Energies (kJ/mol)
        G96Bond       G96Angle    Proper Dih.  Improper Dih.          LJ-14
    1.09960e+04    2.31808e+04    5.17955e+03    1.48060e+03    1.38716e+04
     Coulomb-14        LJ (SR)   Coulomb (SR)   Coul. recip.      Potential
   -6.19686e+04    3.96778e+04   -4.59850e+05    1.60973e+03   -4.25822e+05
    Kinetic En.   Total Energy  Conserved En.    Temperature Pressure (bar)
    1.03328e+05   -3.22494e+05   -3.08794e+05    2.98900e+02   -8.66834e+01
   Constr. rmsd
    0.00000e+00

           Step           Time
         745000      745.00000

   Energies (kJ/mol)
        G96Bond       G96Angle    Proper Dih.  Improper Dih.          LJ-14
    1.04836e+04    2.31962e+04    5.11440e+03    1.56213e+03    1.42500e+04
     Coulomb-14        LJ (SR)   Coulomb (SR)   Coul. recip.      Potential
   -6.23776e+04    4.02894e+04   -4.59762e+05    1.60455e+03   -4.25639e+05
    Kinetic En.   Total Energy  Conserved En.    Temperature Pressure (bar)
    1.02720e+05   -3.22919e+05   -3.08784e+05    2.97142e+02    3.17627e+02
   Constr. rmsd
    0.00000e+00

           Step           Time
         750000      750.00000

   Energies (kJ/mol)
        G96Bond       G96Angle    Proper Dih.  Improper Dih.          LJ-14
    1.05897e+04    2.29527e+04    5.14507e+03    1.53974e+03    1.41900e+04
     Coulomb-14        LJ (SR)   Coulomb (SR)   Coul. recip.      Potential
   -6.22946e+04    4.01516e+04   -4.59352e+05    1.64376e+03   -4.25434e+05
    Kinetic En.   Total Energy  Conserved En.    Temperature Pressure (bar)
    1.03707e+05   -3.21727e+05   -3.08753e+05    2.99997e+02    1.39852e+02
   Constr. rmsd
    0.00000e+00

           Step           Time
         755000      755.00000

   Energies (kJ/mol)
        G96Bond       G96Angle    Proper Dih.  Improper Dih.          LJ-14
    1.05431e+04    2.25486e+04    5.26277e+03    1.56894e+03    1.42051e+04
     Coulomb-14        LJ (SR)   Coulomb (SR)   Coul. recip.      Potential
   -6.21358e+04    3.96545e+04   -4.60154e+05    1.59905e+03   -4.26908e+05
    Kinetic En.   Total Energy  Conserved En.    Temperature Pressure (bar)
    1.03981e+05   -3.22927e+05   -3.08570e+05    3.00788e+02    3.72723e+01
   Constr. rmsd
    0.00000e+00

           Step           Time
         760000      760.00000

   Energies (kJ/mol)
        G96Bond       G96Angle    Proper Dih.  Improper Dih.          LJ-14
    1.08669e+04    2.32232e+04    5.14763e+03    1.58216e+03    1.42237e+04
     Coulomb-14        LJ (SR)   Coulomb (SR)   Coul. recip.      Potential
   -6.25389e+04    4.06709e+04   -4.60146e+05    1.63310e+03   -4.25337e+05
    Kinetic En.   Total Energy  Conserved En.    Temperature Pressure (bar)
    1.04378e+05   -3.20959e+05   -3.08461e+05    3.01936e+02    3.47826e+02
   Constr. rmsd
    0.00000e+00

           Step           Time
         765000      765.00000

   Energies (kJ/mol)
        G96Bond       G96Angle    Proper Dih.  Improper Dih.          LJ-14
    1.10203e+04    2.34124e+04    5.28417e+03    1.50395e+03    1.40557e+04
     Coulomb-14        LJ (SR)   Coulomb (SR)   Coul. recip.      Potential
   -6.25780e+04    4.11537e+04   -4.62220e+05    1.60051e+03   -4.26767e+05
    Kinetic En.   Total Energy  Conserved En.    Temperature Pressure (bar)
    1.02694e+05   -3.24073e+05   -3.08471e+05    2.97067e+02   -1.45461e+01
   Constr. rmsd
    0.00000e+00

           Step           Time
         770000      770.00000

   Energies (kJ/mol)
        G96Bond       G96Angle    Proper Dih.  Improper Dih.          LJ-14
    1.10071e+04    2.30822e+04    5.12598e+03    1.53863e+03    1.40255e+04
     Coulomb-14        LJ (SR)   Coulomb (SR)   Coul. recip.      Potential
   -6.24940e+04    3.93342e+04   -4.58622e+05    1.62560e+03   -4.25377e+05
    Kinetic En.   Total Energy  Conserved En.    Temperature Pressure (bar)
    1.03959e+05   -3.21417e+05   -3.08514e+05    3.00726e+02   -1.72210e+02
   Constr. rmsd
    0.00000e+00

           Step           Time
         775000      775.00000

   Energies (kJ/mol)
        G96Bond       G96Angle    Proper Dih.  Improper Dih.          LJ-14
    1.08509e+04    2.29575e+04    5.09574e+03    1.55646e+03    1.41167e+04
     Coulomb-14        LJ (SR)   Coulomb (SR)   Coul. recip.      Potential
   -6.24308e+04    3.98777e+04   -4.59693e+05    1.57326e+03   -4.26096e+05
    Kinetic En.   Total Energy  Conserved En.    Temperature Pressure (bar)
    1.03697e+05   -3.22398e+05   -3.08342e+05    2.99968e+02    2.02176e+01
   Constr. rmsd
    0.00000e+00

           Step           Time
         780000      780.00000

   Energies (kJ/mol)
        G96Bond       G96Angle    Proper Dih.  Improper Dih.          LJ-14
    1.10137e+04    2.29965e+04    5.10603e+03    1.52895e+03    1.41743e+04
     Coulomb-14        LJ (SR)   Coulomb (SR)   Coul. recip.      Potential
   -6.22298e+04    3.86479e+04   -4.58671e+05    1.58359e+03   -4.25850e+05
    Kinetic En.   Total Energy  Conserved En.    Temperature Pressure (bar)
    1.03300e+05   -3.22550e+05   -3.08207e+05    2.98818e+02   -3.11161e+02
   Constr. rmsd
    0.00000e+00

           Step           Time
         785000      785.00000

   Energies (kJ/mol)
        G96Bond       G96Angle    Proper Dih.  Improper Dih.          LJ-14
    1.06407e+04    2.31682e+04    5.21769e+03    1.59573e+03    1.43356e+04
     Coulomb-14        LJ (SR)   Coulomb (SR)   Coul. recip.      Potential
   -6.21433e+04    4.00818e+04   -4.60294e+05    1.59894e+03   -4.25799e+05
    Kinetic En.   Total Energy  Conserved En.    Temperature Pressure (bar)
    1.03420e+05   -3.22379e+05   -3.08057e+05    2.99165e+02    1.03654e+02
   Constr. rmsd
    0.00000e+00

           Step           Time
         790000      790.00000

   Energies (kJ/mol)
        G96Bond       G96Angle    Proper Dih.  Improper Dih.          LJ-14
    1.07784e+04    2.33155e+04    5.05962e+03    1.60176e+03    1.42005e+04
     Coulomb-14        LJ (SR)   Coulomb (SR)   Coul. recip.      Potential
   -6.22920e+04    3.93793e+04   -4.59502e+05    1.54695e+03   -4.25912e+05
    Kinetic En.   Total Energy  Conserved En.    Temperature Pressure (bar)
    1.02599e+05   -3.23312e+05   -3.08090e+05    2.96792e+02   -3.59963e+01
   Constr. rmsd
    0.00000e+00

           Step           Time
         795000      795.00000

   Energies (kJ/mol)
        G96Bond       G96Angle    Proper Dih.  Improper Dih.          LJ-14
    1.09528e+04    2.31570e+04    5.16105e+03    1.52750e+03    1.41167e+04
     Coulomb-14        LJ (SR)   Coulomb (SR)   Coul. recip.      Potential
   -6.22075e+04    3.94553e+04   -4.59918e+05    1.61417e+03   -4.26141e+05
    Kinetic En.   Total Energy  Conserved En.    Temperature Pressure (bar)
    1.03426e+05   -3.22715e+05   -3.08022e+05    2.99184e+02   -9.87736e+01
   Constr. rmsd
    0.00000e+00

           Step           Time
         800000      800.00000

   Energies (kJ/mol)
        G96Bond       G96Angle    Proper Dih.  Improper Dih.          LJ-14
    1.05585e+04    2.34250e+04    4.94168e+03    1.59498e+03    1.41625e+04
     Coulomb-14        LJ (SR)   Coulomb (SR)   Coul. recip.      Potential
   -6.21610e+04    3.99046e+04   -4.59677e+05    1.64216e+03   -4.25609e+05
    Kinetic En.   Total Energy  Conserved En.    Temperature Pressure (bar)
    1.03188e+05   -3.22421e+05   -3.08032e+05    2.98496e+02    1.59864e+02
   Constr. rmsd
    0.00000e+00

           Step           Time
         805000      805.00000

   Energies (kJ/mol)
        G96Bond       G96Angle    Proper Dih.  Improper Dih.          LJ-14
    1.07241e+04    2.30957e+04    5.15465e+03    1.59752e+03    1.41433e+04
     Coulomb-14        LJ (SR)   Coulomb (SR)   Coul. recip.      Potential
   -6.19884e+04    4.00303e+04   -4.60846e+05    1.59021e+03   -4.26498e+05
    Kinetic En.   Total Energy  Conserved En.    Temperature Pressure (bar)
    1.02965e+05   -3.23534e+05   -3.07972e+05    2.97849e+02    2.65062e+01
   Constr. rmsd
    0.00000e+00

           Step           Time
         810000      810.00000

   Energies (kJ/mol)
        G96Bond       G96Angle    Proper Dih.  Improper Dih.          LJ-14
    1.07941e+04    2.32598e+04    4.95617e+03    1.59445e+03    1.40078e+04
     Coulomb-14        LJ (SR)   Coulomb (SR)   Coul. recip.      Potential
   -6.18421e+04    4.14621e+04   -4.61525e+05    1.57141e+03   -4.25721e+05
    Kinetic En.   Total Energy  Conserved En.    Temperature Pressure (bar)
    1.03441e+05   -3.22280e+05   -3.07983e+05    2.99226e+02   -4.01778e+00
   Constr. rmsd
    0.00000e+00

           Step           Time
         815000      815.00000

   Energies (kJ/mol)
        G96Bond       G96Angle    Proper Dih.  Improper Dih.          LJ-14
    1.08868e+04    2.34377e+04    5.19589e+03    1.53663e+03    1.39829e+04
     Coulomb-14        LJ (SR)   Coulomb (SR)   Coul. recip.      Potential
   -6.22614e+04    4.03351e+04   -4.60472e+05    1.59543e+03   -4.25763e+05
    Kinetic En.   Total Energy  Conserved En.    Temperature Pressure (bar)
    1.04086e+05   -3.21677e+05   -3.07963e+05    3.01092e+02   -1.48138e+02
   Constr. rmsd
    0.00000e+00

           Step           Time
         820000      820.00000

   Energies (kJ/mol)
        G96Bond       G96Angle    Proper Dih.  Improper Dih.          LJ-14
    1.06293e+04    2.30945e+04    5.18571e+03    1.52205e+03    1.44138e+04
     Coulomb-14        LJ (SR)   Coulomb (SR)   Coul. recip.      Potential
   -6.20700e+04    3.92780e+04   -4.59737e+05    1.60258e+03   -4.26081e+05
    Kinetic En.   Total Energy  Conserved En.    Temperature Pressure (bar)
    1.03524e+05   -3.22557e+05   -3.07844e+05    2.99467e+02    4.28305e+01
   Constr. rmsd
    0.00000e+00

           Step           Time
         825000      825.00000

   Energies (kJ/mol)
        G96Bond       G96Angle    Proper Dih.  Improper Dih.          LJ-14
    1.08471e+04    2.30933e+04    5.09883e+03    1.59123e+03    1.41857e+04
     Coulomb-14        LJ (SR)   Coulomb (SR)   Coul. recip.      Potential
   -6.21526e+04    4.07991e+04   -4.60474e+05    1.65446e+03   -4.25356e+05
    Kinetic En.   Total Energy  Conserved En.    Temperature Pressure (bar)
    1.03844e+05   -3.21513e+05   -3.07788e+05    3.00392e+02    1.30270e+02
   Constr. rmsd
    0.00000e+00

           Step           Time
         830000      830.00000

   Energies (kJ/mol)
        G96Bond       G96Angle    Proper Dih.  Improper Dih.          LJ-14
    1.11528e+04    2.31706e+04    4.98216e+03    1.45051e+03    1.39363e+04
     Coulomb-14        LJ (SR)   Coulomb (SR)   Coul. recip.      Potential
   -6.23563e+04    4.20535e+04   -4.62202e+05    1.62436e+03   -4.26188e+05
    Kinetic En.   Total Energy  Conserved En.    Temperature Pressure (bar)
    1.03829e+05   -3.22359e+05   -3.07858e+05    3.00349e+02    1.51520e+02
   Constr. rmsd
    0.00000e+00

           Step           Time
         835000      835.00000

   Energies (kJ/mol)
        G96Bond       G96Angle    Proper Dih.  Improper Dih.          LJ-14
    1.08252e+04    2.31760e+04    5.15830e+03    1.51796e+03    1.43846e+04
     Coulomb-14        LJ (SR)   Coulomb (SR)   Coul. recip.      Potential
   -6.21997e+04    4.09633e+04   -4.60964e+05    1.57799e+03   -4.25560e+05
    Kinetic En.   Total Energy  Conserved En.    Temperature Pressure (bar)
    1.03507e+05   -3.22053e+05   -3.07420e+05    2.99417e+02    3.31101e+02
   Constr. rmsd
    0.00000e+00

           Step           Time
         840000      840.00000

   Energies (kJ/mol)
        G96Bond       G96Angle    Proper Dih.  Improper Dih.          LJ-14
    1.09139e+04    2.30549e+04    5.10775e+03    1.51082e+03    1.41025e+04
     Coulomb-14        LJ (SR)   Coulomb (SR)   Coul. recip.      Potential
   -6.19838e+04    4.04468e+04   -4.61058e+05    1.58442e+03   -4.26321e+05
    Kinetic En.   Total Energy  Conserved En.    Temperature Pressure (bar)
    1.03718e+05   -3.22602e+05   -3.07487e+05    3.00028e+02   -8.29454e+01
   Constr. rmsd
    0.00000e+00

           Step           Time
         845000      845.00000

   Energies (kJ/mol)
        G96Bond       G96Angle    Proper Dih.  Improper Dih.          LJ-14
    1.12104e+04    2.28600e+04    5.08741e+03    1.54197e+03    1.40101e+04
     Coulomb-14        LJ (SR)   Coulomb (SR)   Coul. recip.      Potential
   -6.21940e+04    4.04830e+04   -4.60597e+05    1.65031e+03   -4.25948e+05
    Kinetic En.   Total Energy  Conserved En.    Temperature Pressure (bar)
    1.04351e+05   -3.21597e+05   -3.07518e+05    3.01859e+02   -7.58001e+01
   Constr. rmsd
    0.00000e+00

           Step           Time
         850000      850.00000

   Energies (kJ/mol)
        G96Bond       G96Angle    Proper Dih.  Improper Dih.          LJ-14
    1.09369e+04    2.33589e+04    5.23342e+03    1.53979e+03    1.41707e+04
     Coulomb-14        LJ (SR)   Coulomb (SR)   Coul. recip.      Potential
   -6.20073e+04    4.00668e+04   -4.60340e+05    1.61365e+03   -4.25427e+05
    Kinetic En.   Total Energy  Conserved En.    Temperature Pressure (bar)
    1.03709e+05   -3.21719e+05   -3.07276e+05    3.00001e+02    1.45803e+02
   Constr. rmsd
    0.00000e+00

           Step           Time
         855000      855.00000

   Energies (kJ/mol)
        G96Bond       G96Angle    Proper Dih.  Improper Dih.          LJ-14
    1.07967e+04    2.26749e+04    5.12061e+03    1.57523e+03    1.38749e+04
     Coulomb-14        LJ (SR)   Coulomb (SR)   Coul. recip.      Potential
   -6.19026e+04    3.88180e+04   -4.58427e+05    1.57030e+03   -4.25898e+05
    Kinetic En.   Total Energy  Conserved En.    Temperature Pressure (bar)
    1.04122e+05   -3.21776e+05   -3.07402e+05    3.01197e+02   -2.30990e+00
   Constr. rmsd
    0.00000e+00

           Step           Time
         860000      860.00000

   Energies (kJ/mol)
        G96Bond       G96Angle    Proper Dih.  Improper Dih.          LJ-14
    1.08358e+04    2.34852e+04    5.23891e+03    1.54726e+03    1.41822e+04
     Coulomb-14        LJ (SR)   Coulomb (SR)   Coul. recip.      Potential
   -6.22119e+04    3.93034e+04   -4.58244e+05    1.66553e+03   -4.24197e+05
    Kinetic En.   Total Energy  Conserved En.    Temperature Pressure (bar)
    1.04055e+05   -3.20143e+05   -3.07307e+05    3.01002e+02   -2.05306e+02
   Constr. rmsd
    0.00000e+00

           Step           Time
         865000      865.00000

   Energies (kJ/mol)
        G96Bond       G96Angle    Proper Dih.  Improper Dih.          LJ-14
    1.09168e+04    2.27322e+04    5.19764e+03    1.59965e+03    1.40263e+04
     Coulomb-14        LJ (SR)   Coulomb (SR)   Coul. recip.      Potential
   -6.23166e+04    3.95469e+04   -4.59668e+05    1.61958e+03   -4.26346e+05
    Kinetic En.   Total Energy  Conserved En.    Temperature Pressure (bar)
    1.04276e+05   -3.22070e+05   -3.07223e+05    3.01642e+02   -2.21980e+02
   Constr. rmsd
    0.00000e+00

           Step           Time
         870000      870.00000

   Energies (kJ/mol)
        G96Bond       G96Angle    Proper Dih.  Improper Dih.          LJ-14
    1.09629e+04    2.30161e+04    5.12153e+03    1.53609e+03    1.39278e+04
     Coulomb-14        LJ (SR)   Coulomb (SR)   Coul. recip.      Potential
   -6.22676e+04    4.06552e+04   -4.60591e+05    1.61439e+03   -4.26025e+05
    Kinetic En.   Total Energy  Conserved En.    Temperature Pressure (bar)
    1.04447e+05   -3.21578e+05   -3.07283e+05    3.02136e+02   -2.10956e+02
   Constr. rmsd
    0.00000e+00

           Step           Time
         875000      875.00000

   Energies (kJ/mol)
        G96Bond       G96Angle    Proper Dih.  Improper Dih.          LJ-14
    1.11413e+04    2.33217e+04    5.15967e+03    1.50258e+03    1.38809e+04
     Coulomb-14        LJ (SR)   Coulomb (SR)   Coul. recip.      Potential
   -6.25110e+04    3.95306e+04   -4.58838e+05    1.59885e+03   -4.25213e+05
    Kinetic En.   Total Energy  Conserved En.    Temperature Pressure (bar)
    1.03213e+05   -3.22000e+05   -3.07192e+05    2.98567e+02   -2.89450e+02
   Constr. rmsd
    0.00000e+00

           Step           Time
         880000      880.00000

   Energies (kJ/mol)
        G96Bond       G96Angle    Proper Dih.  Improper Dih.          LJ-14
    1.10496e+04    2.30044e+04    5.21920e+03    1.57571e+03    1.40780e+04
     Coulomb-14        LJ (SR)   Coulomb (SR)   Coul. recip.      Potential
   -6.25303e+04    3.89951e+04   -4.57973e+05    1.61568e+03   -4.24965e+05
    Kinetic En.   Total Energy  Conserved En.    Temperature Pressure (bar)
    1.03997e+05   -3.20969e+05   -3.07237e+05    3.00834e+02   -4.06468e+02
   Constr. rmsd
    0.00000e+00

           Step           Time
         885000      885.00000

   Energies (kJ/mol)
        G96Bond       G96Angle    Proper Dih.  Improper Dih.          LJ-14
    1.09591e+04    2.31800e+04    5.01354e+03    1.54324e+03    1.41992e+04
     Coulomb-14        LJ (SR)   Coulomb (SR)   Coul. recip.      Potential
   -6.23344e+04    3.95834e+04   -4.58962e+05    1.59353e+03   -4.25224e+05
    Kinetic En.   Total Energy  Conserved En.    Temperature Pressure (bar)
    1.04824e+05   -3.20401e+05   -3.07177e+05    3.03226e+02   -3.29063e+02
   Constr. rmsd
    0.00000e+00

           Step           Time
         890000      890.00000

   Energies (kJ/mol)
        G96Bond       G96Angle    Proper Dih.  Improper Dih.          LJ-14
    1.08707e+04    2.30950e+04    5.00415e+03    1.60857e+03    1.40986e+04
     Coulomb-14        LJ (SR)   Coulomb (SR)   Coul. recip.      Potential
   -6.22766e+04    3.94486e+04   -4.59504e+05    1.67676e+03   -4.25978e+05
    Kinetic En.   Total Energy  Conserved En.    Temperature Pressure (bar)
    1.04739e+05   -3.21239e+05   -3.07059e+05    3.02981e+02   -1.05478e+02
   Constr. rmsd
    0.00000e+00

           Step           Time
         895000      895.00000

   Energies (kJ/mol)
        G96Bond       G96Angle    Proper Dih.  Improper Dih.          LJ-14
    1.08416e+04    2.25859e+04    5.00295e+03    1.46985e+03    1.42645e+04
     Coulomb-14        LJ (SR)   Coulomb (SR)   Coul. recip.      Potential
   -6.23511e+04    4.00364e+04   -4.59557e+05    1.58313e+03   -4.26124e+05
    Kinetic En.   Total Energy  Conserved En.    Temperature Pressure (bar)
    1.04132e+05   -3.21992e+05   -3.06930e+05    3.01225e+02   -1.14976e+02
   Constr. rmsd
    0.00000e+00

           Step           Time
         900000      900.00000

   Energies (kJ/mol)
        G96Bond       G96Angle    Proper Dih.  Improper Dih.          LJ-14
    1.08482e+04    2.27440e+04    4.99281e+03    1.55416e+03    1.42498e+04
     Coulomb-14        LJ (SR)   Coulomb (SR)   Coul. recip.      Potential
   -6.24072e+04    4.03903e+04   -4.60683e+05    1.62131e+03   -4.26690e+05
    Kinetic En.   Total Energy  Conserved En.    Temperature Pressure (bar)
    1.03463e+05   -3.23226e+05   -3.06673e+05    2.99292e+02   -3.61131e+01
   Constr. rmsd
    0.00000e+00

           Step           Time
         905000      905.00000

   Energies (kJ/mol)
        G96Bond       G96Angle    Proper Dih.  Improper Dih.          LJ-14
    1.06601e+04    2.28304e+04    5.17465e+03    1.57195e+03    1.40101e+04
     Coulomb-14        LJ (SR)   Coulomb (SR)   Coul. recip.      Potential
   -6.21848e+04    4.01307e+04   -4.59744e+05    1.61564e+03   -4.25935e+05
    Kinetic En.   Total Energy  Conserved En.    Temperature Pressure (bar)
    1.04079e+05   -3.21856e+05   -3.06658e+05    3.01072e+02    8.72762e+01
   Constr. rmsd
    0.00000e+00

           Step           Time
         910000      910.00000

   Energies (kJ/mol)
        G96Bond       G96Angle    Proper Dih.  Improper Dih.          LJ-14
    1.03676e+04    2.29068e+04    5.21808e+03    1.57837e+03    1.41963e+04
     Coulomb-14        LJ (SR)   Coulomb (SR)   Coul. recip.      Potential
   -6.23771e+04    4.00505e+04   -4.59327e+05    1.65427e+03   -4.25732e+05
    Kinetic En.   Total Energy  Conserved En.    Temperature Pressure (bar)
    1.03475e+05   -3.22257e+05   -3.06746e+05    2.99326e+02   -4.42873e+01
   Constr. rmsd
    0.00000e+00

           Step           Time
         915000      915.00000

   Energies (kJ/mol)
        G96Bond       G96Angle    Proper Dih.  Improper Dih.          LJ-14
    1.07384e+04    2.31379e+04    5.01636e+03    1.53649e+03    1.42654e+04
     Coulomb-14        LJ (SR)   Coulomb (SR)   Coul. recip.      Potential
   -6.20675e+04    3.87480e+04   -4.56704e+05    1.63637e+03   -4.23692e+05
    Kinetic En.   Total Energy  Conserved En.    Temperature Pressure (bar)
    1.04178e+05   -3.19514e+05   -3.06688e+05    3.01359e+02    7.03212e+01
   Constr. rmsd
    0.00000e+00

           Step           Time
         920000      920.00000

   Energies (kJ/mol)
        G96Bond       G96Angle    Proper Dih.  Improper Dih.          LJ-14
    1.07627e+04    2.31519e+04    5.02301e+03    1.56728e+03    1.39044e+04
     Coulomb-14        LJ (SR)   Coulomb (SR)   Coul. recip.      Potential
   -6.19079e+04    4.01283e+04   -4.59298e+05    1.56174e+03   -4.25107e+05
    Kinetic En.   Total Energy  Conserved En.    Temperature Pressure (bar)
    1.04304e+05   -3.20802e+05   -3.06594e+05    3.01723e+02   -1.44449e+02
   Constr. rmsd
    0.00000e+00

           Step           Time
         925000      925.00000

   Energies (kJ/mol)
        G96Bond       G96Angle    Proper Dih.  Improper Dih.          LJ-14
    1.07030e+04    2.29509e+04    5.07470e+03    1.59627e+03    1.40561e+04
     Coulomb-14        LJ (SR)   Coulomb (SR)   Coul. recip.      Potential
   -6.19890e+04    3.97228e+04   -4.58405e+05    1.64837e+03   -4.24641e+05
    Kinetic En.   Total Energy  Conserved En.    Temperature Pressure (bar)
    1.04221e+05   -3.20421e+05   -3.06473e+05    3.01482e+02    1.65671e+02
   Constr. rmsd
    0.00000e+00

           Step           Time
         930000      930.00000

   Energies (kJ/mol)
        G96Bond       G96Angle    Proper Dih.  Improper Dih.          LJ-14
    1.09513e+04    2.28178e+04    5.05019e+03    1.49208e+03    1.39829e+04
     Coulomb-14        LJ (SR)   Coulomb (SR)   Coul. recip.      Potential
   -6.20472e+04    3.97236e+04   -4.59731e+05    1.57925e+03   -4.26181e+05
    Kinetic En.   Total Energy  Conserved En.    Temperature Pressure (bar)
    1.03894e+05   -3.22286e+05   -3.06366e+05    3.00538e+02   -1.59109e+02
   Constr. rmsd
    0.00000e+00

           Step           Time
         935000      935.00000

   Energies (kJ/mol)
        G96Bond       G96Angle    Proper Dih.  Improper Dih.          LJ-14
    1.08850e+04    2.31056e+04    4.93809e+03    1.61462e+03    1.41059e+04
     Coulomb-14        LJ (SR)   Coulomb (SR)   Coul. recip.      Potential
   -6.22424e+04    4.02113e+04   -4.60147e+05    1.63152e+03   -4.25897e+05
    Kinetic En.   Total Energy  Conserved En.    Temperature Pressure (bar)
    1.03050e+05   -3.22847e+05   -3.06242e+05    2.98096e+02   -7.43330e+00
   Constr. rmsd
    0.00000e+00

           Step           Time
         940000      940.00000

   Energies (kJ/mol)
        G96Bond       G96Angle    Proper Dih.  Improper Dih.          LJ-14
    1.06821e+04    2.34294e+04    4.91647e+03    1.47562e+03    1.44749e+04
     Coulomb-14        LJ (SR)   Coulomb (SR)   Coul. recip.      Potential
   -6.22700e+04    4.05362e+04   -4.60210e+05    1.61585e+03   -4.25349e+05
    Kinetic En.   Total Energy  Conserved En.    Temperature Pressure (bar)
    1.03971e+05   -3.21378e+05   -3.06300e+05    3.00761e+02    3.14347e+02
   Constr. rmsd
    0.00000e+00

           Step           Time
         945000      945.00000

   Energies (kJ/mol)
        G96Bond       G96Angle    Proper Dih.  Improper Dih.          LJ-14
    1.06485e+04    2.30943e+04    5.16002e+03    1.57144e+03    1.42636e+04
     Coulomb-14        LJ (SR)   Coulomb (SR)   Coul. recip.      Potential
   -6.21516e+04    3.85710e+04   -4.57562e+05    1.62736e+03   -4.24777e+05
    Kinetic En.   Total Energy  Conserved En.    Temperature Pressure (bar)
    1.03237e+05   -3.21540e+05   -3.06317e+05    2.98636e+02    3.49857e+00
   Constr. rmsd
    0.00000e+00

           Step           Time
         950000      950.00000

   Energies (kJ/mol)
        G96Bond       G96Angle    Proper Dih.  Improper Dih.          LJ-14
    1.10935e+04    2.32860e+04    5.14443e+03    1.59993e+03    1.38400e+04
     Coulomb-14        LJ (SR)   Coulomb (SR)   Coul. recip.      Potential
   -6.19993e+04    3.98941e+04   -4.59000e+05    1.62808e+03   -4.24513e+05
    Kinetic En.   Total Energy  Conserved En.    Temperature Pressure (bar)
    1.02940e+05   -3.21572e+05   -3.06197e+05    2.97779e+02   -1.64650e+02
   Constr. rmsd
    0.00000e+00

           Step           Time
         955000      955.00000

   Energies (kJ/mol)
        G96Bond       G96Angle    Proper Dih.  Improper Dih.          LJ-14
    1.10034e+04    2.26587e+04    4.98320e+03    1.57659e+03    1.41293e+04
     Coulomb-14        LJ (SR)   Coulomb (SR)   Coul. recip.      Potential
   -6.22663e+04    4.00170e+04   -4.61761e+05    1.59958e+03   -4.28059e+05
    Kinetic En.   Total Energy  Conserved En.    Temperature Pressure (bar)
    1.04375e+05   -3.23684e+05   -3.06339e+05    3.01928e+02   -2.94510e+02
   Constr. rmsd
    0.00000e+00

           Step           Time
         960000      960.00000

   Energies (kJ/mol)
        G96Bond       G96Angle    Proper Dih.  Improper Dih.          LJ-14
    1.08353e+04    2.30642e+04    5.16152e+03    1.51646e+03    1.43414e+04
     Coulomb-14        LJ (SR)   Coulomb (SR)   Coul. recip.      Potential
   -6.19038e+04    4.01670e+04   -4.61006e+05    1.63618e+03   -4.26188e+05
    Kinetic En.   Total Energy  Conserved En.    Temperature Pressure (bar)
    1.03360e+05   -3.22828e+05   -3.06217e+05    2.98991e+02    6.29402e+01
   Constr. rmsd
    0.00000e+00

           Step           Time
         965000      965.00000

   Energies (kJ/mol)
        G96Bond       G96Angle    Proper Dih.  Improper Dih.          LJ-14
    1.08741e+04    2.31324e+04    5.19781e+03    1.52599e+03    1.41589e+04
     Coulomb-14        LJ (SR)   Coulomb (SR)   Coul. recip.      Potential
   -6.19891e+04    4.11814e+04   -4.62429e+05    1.64475e+03   -4.26702e+05
    Kinetic En.   Total Energy  Conserved En.    Temperature Pressure (bar)
    1.03695e+05   -3.23008e+05   -3.06177e+05    2.99961e+02    3.32003e+01
   Constr. rmsd
    0.00000e+00

           Step           Time
         970000      970.00000

   Energies (kJ/mol)
        G96Bond       G96Angle    Proper Dih.  Improper Dih.          LJ-14
    1.09859e+04    2.33798e+04    5.20720e+03    1.56475e+03    1.41773e+04
     Coulomb-14        LJ (SR)   Coulomb (SR)   Coul. recip.      Potential
   -6.20484e+04    4.02783e+04   -4.60656e+05    1.63014e+03   -4.25481e+05
    Kinetic En.   Total Energy  Conserved En.    Temperature Pressure (bar)
    1.03970e+05   -3.21511e+05   -3.05999e+05    3.00757e+02   -1.25691e+02
   Constr. rmsd
    0.00000e+00

           Step           Time
         975000      975.00000

   Energies (kJ/mol)
        G96Bond       G96Angle    Proper Dih.  Improper Dih.          LJ-14
    1.12803e+04    2.33353e+04    5.06635e+03    1.57761e+03    1.42629e+04
     Coulomb-14        LJ (SR)   Coulomb (SR)   Coul. recip.      Potential
   -6.22782e+04    4.06535e+04   -4.60634e+05    1.61938e+03   -4.25117e+05
    Kinetic En.   Total Energy  Conserved En.    Temperature Pressure (bar)
    1.04200e+05   -3.20917e+05   -3.05975e+05    3.01421e+02    2.64267e+01
   Constr. rmsd
    0.00000e+00

           Step           Time
         980000      980.00000

   Energies (kJ/mol)
        G96Bond       G96Angle    Proper Dih.  Improper Dih.          LJ-14
    1.08314e+04    2.33967e+04    5.07945e+03    1.59677e+03    1.44021e+04
     Coulomb-14        LJ (SR)   Coulomb (SR)   Coul. recip.      Potential
   -6.19317e+04    3.94127e+04   -4.60335e+05    1.67746e+03   -4.25870e+05
    Kinetic En.   Total Energy  Conserved En.    Temperature Pressure (bar)
    1.04549e+05   -3.21321e+05   -3.06020e+05    3.02430e+02    2.10971e+02
   Constr. rmsd
    0.00000e+00

           Step           Time
         985000      985.00000

   Energies (kJ/mol)
        G96Bond       G96Angle    Proper Dih.  Improper Dih.          LJ-14
    1.08879e+04    2.32955e+04    5.19083e+03    1.63472e+03    1.41637e+04
     Coulomb-14        LJ (SR)   Coulomb (SR)   Coul. recip.      Potential
   -6.20989e+04    3.91027e+04   -4.58385e+05    1.56938e+03   -4.24639e+05
    Kinetic En.   Total Energy  Conserved En.    Temperature Pressure (bar)
    1.03461e+05   -3.21178e+05   -3.05747e+05    2.99285e+02   -1.46090e+02
   Constr. rmsd
    0.00000e+00

           Step           Time
         990000      990.00000

   Energies (kJ/mol)
        G96Bond       G96Angle    Proper Dih.  Improper Dih.          LJ-14
    1.05783e+04    2.31867e+04    5.01594e+03    1.50771e+03    1.41244e+04
     Coulomb-14        LJ (SR)   Coulomb (SR)   Coul. recip.      Potential
   -6.20885e+04    4.04246e+04   -4.60748e+05    1.62094e+03   -4.26378e+05
    Kinetic En.   Total Energy  Conserved En.    Temperature Pressure (bar)
    1.03809e+05   -3.22569e+05   -3.05511e+05    3.00291e+02    1.88060e+02
   Constr. rmsd
    0.00000e+00

           Step           Time
         995000      995.00000

   Energies (kJ/mol)
        G96Bond       G96Angle    Proper Dih.  Improper Dih.          LJ-14
    1.04479e+04    2.30952e+04    5.06800e+03    1.60467e+03    1.43555e+04
     Coulomb-14        LJ (SR)   Coulomb (SR)   Coul. recip.      Potential
   -6.20329e+04    3.94795e+04   -4.59344e+05    1.59992e+03   -4.25726e+05
    Kinetic En.   Total Energy  Conserved En.    Temperature Pressure (bar)
    1.04012e+05   -3.21714e+05   -3.05582e+05    3.00878e+02    6.53819e+01
   Constr. rmsd
    0.00000e+00

           Step           Time
        1000000     1000.00000

   Energies (kJ/mol)
        G96Bond       G96Angle    Proper Dih.  Improper Dih.          LJ-14
    1.09676e+04    2.31592e+04    4.96760e+03    1.57430e+03    1.42551e+04
     Coulomb-14        LJ (SR)   Coulomb (SR)   Coul. recip.      Potential
   -6.21061e+04    3.96087e+04   -4.59062e+05    1.59965e+03   -4.25036e+05
    Kinetic En.   Total Energy  Conserved En.    Temperature Pressure (bar)
    1.04293e+05   -3.20743e+05   -3.05257e+05    3.01691e+02    1.72391e+02
   Constr. rmsd
    0.00000e+00

           Step           Time
        1005000     1005.00000

   Energies (kJ/mol)
        G96Bond       G96Angle    Proper Dih.  Improper Dih.          LJ-14
    1.09659e+04    2.35666e+04    5.22064e+03    1.57005e+03    1.40829e+04
     Coulomb-14        LJ (SR)   Coulomb (SR)   Coul. recip.      Potential
   -6.21836e+04    3.91018e+04   -4.59498e+05    1.62653e+03   -4.25547e+05
    Kinetic En.   Total Energy  Conserved En.    Temperature Pressure (bar)
    1.03888e+05   -3.21659e+05   -3.04926e+05    3.00518e+02   -3.02708e+02
   Constr. rmsd
    0.00000e+00

           Step           Time
        1010000     1010.00000

   Energies (kJ/mol)
        G96Bond       G96Angle    Proper Dih.  Improper Dih.          LJ-14
    1.07344e+04    2.32834e+04    5.05325e+03    1.60149e+03    1.41828e+04
     Coulomb-14        LJ (SR)   Coulomb (SR)   Coul. recip.      Potential
   -6.21507e+04    3.97015e+04   -4.60035e+05    1.56438e+03   -4.26065e+05
    Kinetic En.   Total Energy  Conserved En.    Temperature Pressure (bar)
    1.03985e+05   -3.22080e+05   -3.05200e+05    3.00799e+02   -6.09260e+01
   Constr. rmsd
    0.00000e+00

           Step           Time
        1015000     1015.00000

   Energies (kJ/mol)
        G96Bond       G96Angle    Proper Dih.  Improper Dih.          LJ-14
    1.11724e+04    2.30029e+04    5.23429e+03    1.56839e+03    1.42539e+04
     Coulomb-14        LJ (SR)   Coulomb (SR)   Coul. recip.      Potential
   -6.21146e+04    4.06940e+04   -4.60928e+05    1.60944e+03   -4.25507e+05
    Kinetic En.   Total Energy  Conserved En.    Temperature Pressure (bar)
    1.03130e+05   -3.22377e+05   -3.05146e+05    2.98328e+02   -2.69718e+01
   Constr. rmsd
    0.00000e+00

           Step           Time
        1020000     1020.00000

   Energies (kJ/mol)
        G96Bond       G96Angle    Proper Dih.  Improper Dih.          LJ-14
    1.10424e+04    2.32939e+04    5.17644e+03    1.61112e+03    1.40907e+04
     Coulomb-14        LJ (SR)   Coulomb (SR)   Coul. recip.      Potential
   -6.23955e+04    4.03481e+04   -4.60821e+05    1.62258e+03   -4.26031e+05
    Kinetic En.   Total Energy  Conserved En.    Temperature Pressure (bar)
    1.03203e+05   -3.22828e+05   -3.05096e+05    2.98537e+02   -1.47916e+02
   Constr. rmsd
    0.00000e+00

           Step           Time
        1025000     1025.00000

   Energies (kJ/mol)
        G96Bond       G96Angle    Proper Dih.  Improper Dih.          LJ-14
    1.07721e+04    2.34631e+04    5.02215e+03    1.56170e+03    1.40219e+04
     Coulomb-14        LJ (SR)   Coulomb (SR)   Coul. recip.      Potential
   -6.21008e+04    4.09062e+04   -4.60534e+05    1.59289e+03   -4.25294e+05
    Kinetic En.   Total Energy  Conserved En.    Temperature Pressure (bar)
    1.03543e+05   -3.21752e+05   -3.04860e+05    2.99520e+02    1.46427e+02
   Constr. rmsd
    0.00000e+00

           Step           Time
        1030000     1030.00000

   Energies (kJ/mol)
        G96Bond       G96Angle    Proper Dih.  Improper Dih.          LJ-14
    1.12004e+04    2.32471e+04    5.11266e+03    1.56432e+03    1.40652e+04
     Coulomb-14        LJ (SR)   Coulomb (SR)   Coul. recip.      Potential
   -6.22750e+04    4.00314e+04   -4.60020e+05    1.61110e+03   -4.25463e+05
    Kinetic En.   Total Energy  Conserved En.    Temperature Pressure (bar)
    1.03848e+05   -3.21615e+05   -3.04891e+05    3.00404e+02   -9.63328e+01
   Constr. rmsd
    0.00000e+00

           Step           Time
        1035000     1035.00000

   Energies (kJ/mol)
        G96Bond       G96Angle    Proper Dih.  Improper Dih.          LJ-14
    1.11859e+04    2.29450e+04    5.15580e+03    1.62815e+03    1.39600e+04
     Coulomb-14        LJ (SR)   Coulomb (SR)   Coul. recip.      Potential
   -6.22972e+04    4.03892e+04   -4.60811e+05    1.68539e+03   -4.26159e+05
    Kinetic En.   Total Energy  Conserved En.    Temperature Pressure (bar)
    1.03678e+05   -3.22481e+05   -3.04722e+05    2.99911e+02    3.53313e+01
   Constr. rmsd
    0.00000e+00

           Step           Time
        1040000     1040.00000

   Energies (kJ/mol)
        G96Bond       G96Angle    Proper Dih.  Improper Dih.          LJ-14
    1.08564e+04    2.33164e+04    5.01916e+03    1.54339e+03    1.40105e+04
     Coulomb-14        LJ (SR)   Coulomb (SR)   Coul. recip.      Potential
   -6.21791e+04    3.97385e+04   -4.59455e+05    1.61969e+03   -4.25530e+05
    Kinetic En.   Total Energy  Conserved En.    Temperature Pressure (bar)
    1.03190e+05   -3.22340e+05   -3.04717e+05    2.98501e+02   -4.61812e+01
   Constr. rmsd
    0.00000e+00

           Step           Time
        1045000     1045.00000

   Energies (kJ/mol)
        G96Bond       G96Angle    Proper Dih.  Improper Dih.          LJ-14
    1.07486e+04    2.30786e+04    4.98027e+03    1.54521e+03    1.43472e+04
     Coulomb-14        LJ (SR)   Coulomb (SR)   Coul. recip.      Potential
   -6.24471e+04    3.99627e+04   -4.59186e+05    1.60679e+03   -4.25364e+05
    Kinetic En.   Total Energy  Conserved En.    Temperature Pressure (bar)
    1.04218e+05   -3.21146e+05   -3.04806e+05    3.01474e+02    6.61698e+01
   Constr. rmsd
    0.00000e+00

           Step           Time
        1050000     1050.00000

   Energies (kJ/mol)
        G96Bond       G96Angle    Proper Dih.  Improper Dih.          LJ-14
    1.11034e+04    2.31097e+04    5.18727e+03    1.57980e+03    1.41823e+04
     Coulomb-14        LJ (SR)   Coulomb (SR)   Coul. recip.      Potential
   -6.22403e+04    4.03849e+04   -4.59734e+05    1.68804e+03   -4.24739e+05
    Kinetic En.   Total Energy  Conserved En.    Temperature Pressure (bar)
    1.03793e+05   -3.20947e+05   -3.04570e+05    3.00244e+02   -1.48061e+02
   Constr. rmsd
    0.00000e+00

           Step           Time
        1055000     1055.00000

   Energies (kJ/mol)
        G96Bond       G96Angle    Proper Dih.  Improper Dih.          LJ-14
    1.11143e+04    2.31065e+04    5.05232e+03    1.51174e+03    1.41112e+04
     Coulomb-14        LJ (SR)   Coulomb (SR)   Coul. recip.      Potential
   -6.20871e+04    4.02681e+04   -4.59639e+05    1.65628e+03   -4.24906e+05
    Kinetic En.   Total Energy  Conserved En.    Temperature Pressure (bar)
    1.04003e+05   -3.20903e+05   -3.04394e+05    3.00853e+02   -3.98411e+01
   Constr. rmsd
    0.00000e+00

           Step           Time
        1060000     1060.00000

   Energies (kJ/mol)
        G96Bond       G96Angle    Proper Dih.  Improper Dih.          LJ-14
    1.08542e+04    2.29631e+04    5.07026e+03    1.55936e+03    1.40092e+04
     Coulomb-14        LJ (SR)   Coulomb (SR)   Coul. recip.      Potential
   -6.19045e+04    3.90782e+04   -4.58734e+05    1.59623e+03   -4.25507e+05
    Kinetic En.   Total Energy  Conserved En.    Temperature Pressure (bar)
    1.03379e+05   -3.22129e+05   -3.04169e+05    2.99047e+02   -1.91418e+02
   Constr. rmsd
    0.00000e+00

           Step           Time
        1065000     1065.00000

   Energies (kJ/mol)
        G96Bond       G96Angle    Proper Dih.  Improper Dih.          LJ-14
    1.05965e+04    2.34526e+04    5.08293e+03    1.54027e+03    1.43468e+04
     Coulomb-14        LJ (SR)   Coulomb (SR)   Coul. recip.      Potential
   -6.22551e+04    3.98095e+04   -4.59985e+05    1.69397e+03   -4.25717e+05
    Kinetic En.   Total Energy  Conserved En.    Temperature Pressure (bar)
    1.02933e+05   -3.22784e+05   -3.04149e+05    2.97758e+02    8.70140e+01
   Constr. rmsd
    0.00000e+00

           Step           Time
        1070000     1070.00000

   Energies (kJ/mol)
        G96Bond       G96Angle    Proper Dih.  Improper Dih.          LJ-14
    1.11927e+04    2.28697e+04    5.06091e+03    1.50126e+03    1.40990e+04
     Coulomb-14        LJ (SR)   Coulomb (SR)   Coul. recip.      Potential
   -6.19910e+04    4.00955e+04   -4.59554e+05    1.61856e+03   -4.25107e+05
    Kinetic En.   Total Energy  Conserved En.    Temperature Pressure (bar)
    1.03179e+05   -3.21928e+05   -3.04164e+05    2.98469e+02   -2.12451e+02
   Constr. rmsd
    0.00000e+00

           Step           Time
        1075000     1075.00000

   Energies (kJ/mol)
        G96Bond       G96Angle    Proper Dih.  Improper Dih.          LJ-14
    1.09122e+04    2.32487e+04    5.03214e+03    1.51667e+03    1.39087e+04
     Coulomb-14        LJ (SR)   Coulomb (SR)   Coul. recip.      Potential
   -6.19069e+04    3.95944e+04   -4.59179e+05    1.65568e+03   -4.25218e+05
    Kinetic En.   Total Energy  Conserved En.    Temperature Pressure (bar)
    1.03273e+05   -3.21945e+05   -3.03823e+05    2.98740e+02   -2.06209e+02
   Constr. rmsd
    0.00000e+00

           Step           Time
        1080000     1080.00000

   Energies (kJ/mol)
        G96Bond       G96Angle    Proper Dih.  Improper Dih.          LJ-14
    1.15283e+04    2.33338e+04    5.07596e+03    1.63316e+03    1.38787e+04
     Coulomb-14        LJ (SR)   Coulomb (SR)   Coul. recip.      Potential
   -6.20967e+04    4.08014e+04   -4.61283e+05    1.59213e+03   -4.25536e+05
    Kinetic En.   Total Energy  Conserved En.    Temperature Pressure (bar)
    1.03829e+05   -3.21707e+05   -3.03669e+05    3.00349e+02   -2.85380e+02
   Constr. rmsd
    0.00000e+00

           Step           Time
        1085000     1085.00000

   Energies (kJ/mol)
        G96Bond       G96Angle    Proper Dih.  Improper Dih.          LJ-14
    1.07821e+04    2.30321e+04    5.08509e+03    1.56310e+03    1.41434e+04
     Coulomb-14        LJ (SR)   Coulomb (SR)   Coul. recip.      Potential
   -6.21586e+04    4.09354e+04   -4.60614e+05    1.60863e+03   -4.25623e+05
    Kinetic En.   Total Energy  Conserved En.    Temperature Pressure (bar)
    1.03969e+05   -3.21654e+05   -3.03573e+05    3.00754e+02    2.28409e+02
   Constr. rmsd
    0.00000e+00

           Step           Time
        1090000     1090.00000

   Energies (kJ/mol)
        G96Bond       G96Angle    Proper Dih.  Improper Dih.          LJ-14
    1.06236e+04    2.28946e+04    5.13360e+03    1.51810e+03    1.40547e+04
     Coulomb-14        LJ (SR)   Coulomb (SR)   Coul. recip.      Potential
   -6.19084e+04    3.92380e+04   -4.59290e+05    1.63666e+03   -4.26099e+05
    Kinetic En.   Total Energy  Conserved En.    Temperature Pressure (bar)
    1.02855e+05   -3.23244e+05   -3.03612e+05    2.97532e+02   -1.64806e+01
   Constr. rmsd
    0.00000e+00

           Step           Time
        1095000     1095.00000

   Energies (kJ/mol)
        G96Bond       G96Angle    Proper Dih.  Improper Dih.          LJ-14
    1.08250e+04    2.33002e+04    5.17423e+03    1.44056e+03    1.41912e+04
     Coulomb-14        LJ (SR)   Coulomb (SR)   Coul. recip.      Potential
   -6.21976e+04    3.92539e+04   -4.58540e+05    1.63160e+03   -4.24921e+05
    Kinetic En.   Total Energy  Conserved En.    Temperature Pressure (bar)
    1.03402e+05   -3.21518e+05   -3.03553e+05    2.99114e+02    1.00176e+02
   Constr. rmsd
    0.00000e+00

           Step           Time
        1100000     1100.00000

   Energies (kJ/mol)
        G96Bond       G96Angle    Proper Dih.  Improper Dih.          LJ-14
    1.06864e+04    2.27207e+04    5.17111e+03    1.62097e+03    1.42172e+04
     Coulomb-14        LJ (SR)   Coulomb (SR)   Coul. recip.      Potential
   -6.20108e+04    3.94393e+04   -4.59748e+05    1.60175e+03   -4.26302e+05
    Kinetic En.   Total Energy  Conserved En.    Temperature Pressure (bar)
    1.02967e+05   -3.23335e+05   -3.03506e+05    2.97855e+02    5.85622e+01
   Constr. rmsd
    0.00000e+00

           Step           Time
        1105000     1105.00000

   Energies (kJ/mol)
        G96Bond       G96Angle    Proper Dih.  Improper Dih.          LJ-14
    1.07385e+04    2.27527e+04    4.99938e+03    1.51272e+03    1.44130e+04
     Coulomb-14        LJ (SR)   Coulomb (SR)   Coul. recip.      Potential
   -6.22669e+04    3.99229e+04   -4.60497e+05    1.61717e+03   -4.26807e+05
    Kinetic En.   Total Energy  Conserved En.    Temperature Pressure (bar)
    1.03703e+05   -3.23105e+05   -3.03391e+05    2.99983e+02    2.18570e+02
   Constr. rmsd
    0.00000e+00

           Step           Time
        1110000     1110.00000

   Energies (kJ/mol)
        G96Bond       G96Angle    Proper Dih.  Improper Dih.          LJ-14
    1.06865e+04    2.27272e+04    5.11944e+03    1.48872e+03    1.41057e+04
     Coulomb-14        LJ (SR)   Coulomb (SR)   Coul. recip.      Potential
   -6.20902e+04    4.03049e+04   -4.60675e+05    1.58740e+03   -4.26745e+05
    Kinetic En.   Total Energy  Conserved En.    Temperature Pressure (bar)
    1.04372e+05   -3.22373e+05   -3.03266e+05    3.01920e+02    4.58875e+01
   Constr. rmsd
    0.00000e+00

           Step           Time
        1115000     1115.00000

   Energies (kJ/mol)
        G96Bond       G96Angle    Proper Dih.  Improper Dih.          LJ-14
    1.09657e+04    2.28934e+04    5.19438e+03    1.54125e+03    1.42778e+04
     Coulomb-14        LJ (SR)   Coulomb (SR)   Coul. recip.      Potential
   -6.20892e+04    4.06324e+04   -4.60338e+05    1.60103e+03   -4.25321e+05
    Kinetic En.   Total Energy  Conserved En.    Temperature Pressure (bar)
    1.03806e+05   -3.21514e+05   -3.03180e+05    3.00284e+02    1.65682e+02
   Constr. rmsd
    0.00000e+00

           Step           Time
        1120000     1120.00000

   Energies (kJ/mol)
        G96Bond       G96Angle    Proper Dih.  Improper Dih.          LJ-14
    1.11404e+04    2.31220e+04    5.15857e+03    1.53496e+03    1.41939e+04
     Coulomb-14        LJ (SR)   Coulomb (SR)   Coul. recip.      Potential
   -6.20815e+04    3.93140e+04   -4.58408e+05    1.59180e+03   -4.24434e+05
    Kinetic En.   Total Energy  Conserved En.    Temperature Pressure (bar)
    1.03580e+05   -3.20854e+05   -3.03280e+05    2.99627e+02    8.59302e+01
   Constr. rmsd
    0.00000e+00

           Step           Time
        1125000     1125.00000

   Energies (kJ/mol)
        G96Bond       G96Angle    Proper Dih.  Improper Dih.          LJ-14
    1.05752e+04    2.29660e+04    5.07755e+03    1.56013e+03    1.41504e+04
     Coulomb-14        LJ (SR)   Coulomb (SR)   Coul. recip.      Potential
   -6.17333e+04    3.98208e+04   -4.59662e+05    1.55018e+03   -4.25695e+05
    Kinetic En.   Total Energy  Conserved En.    Temperature Pressure (bar)
    1.03620e+05   -3.22075e+05   -3.03037e+05    2.99745e+02    1.94518e+02
   Constr. rmsd
    0.00000e+00

           Step           Time
        1130000     1130.00000

   Energies (kJ/mol)
        G96Bond       G96Angle    Proper Dih.  Improper Dih.          LJ-14
    1.06969e+04    2.29845e+04    5.11017e+03    1.60177e+03    1.42561e+04
     Coulomb-14        LJ (SR)   Coulomb (SR)   Coul. recip.      Potential
   -6.21125e+04    4.01209e+04   -4.60087e+05    1.62291e+03   -4.25806e+05
    Kinetic En.   Total Energy  Conserved En.    Temperature Pressure (bar)
    1.03252e+05   -3.22555e+05   -3.03116e+05    2.98679e+02    4.22333e+02
   Constr. rmsd
    0.00000e+00

           Step           Time
        1135000     1135.00000

   Energies (kJ/mol)
        G96Bond       G96Angle    Proper Dih.  Improper Dih.          LJ-14
    1.08637e+04    2.33251e+04    5.09213e+03    1.48975e+03    1.39511e+04
     Coulomb-14        LJ (SR)   Coulomb (SR)   Coul. recip.      Potential
   -6.19805e+04    4.06035e+04   -4.59686e+05    1.64040e+03   -4.24701e+05
    Kinetic En.   Total Energy  Conserved En.    Temperature Pressure (bar)
    1.03531e+05   -3.21170e+05   -3.03026e+05    2.99487e+02    1.31368e+02
   Constr. rmsd
    0.00000e+00

           Step           Time
        1140000     1140.00000

   Energies (kJ/mol)
        G96Bond       G96Angle    Proper Dih.  Improper Dih.          LJ-14
    1.10089e+04    2.28837e+04    5.18726e+03    1.49668e+03    1.42169e+04
     Coulomb-14        LJ (SR)   Coulomb (SR)   Coul. recip.      Potential
   -6.21437e+04    3.91840e+04   -4.57779e+05    1.59632e+03   -4.24349e+05
    Kinetic En.   Total Energy  Conserved En.    Temperature Pressure (bar)
    1.04139e+05   -3.20210e+05   -3.03130e+05    3.01245e+02   -3.80116e+01
   Constr. rmsd
    0.00000e+00

           Step           Time
        1145000     1145.00000

   Energies (kJ/mol)
        G96Bond       G96Angle    Proper Dih.  Improper Dih.          LJ-14
    1.06252e+04    2.28668e+04    5.20569e+03    1.50016e+03    1.42659e+04
     Coulomb-14        LJ (SR)   Coulomb (SR)   Coul. recip.      Potential
   -6.18561e+04    4.05094e+04   -4.60948e+05    1.63224e+03   -4.26198e+05
    Kinetic En.   Total Energy  Conserved En.    Temperature Pressure (bar)
    1.03803e+05   -3.22395e+05   -3.03133e+05    3.00274e+02    1.35926e+02
   Constr. rmsd
    0.00000e+00

           Step           Time
        1150000     1150.00000

   Energies (kJ/mol)
        G96Bond       G96Angle    Proper Dih.  Improper Dih.          LJ-14
    1.10724e+04    2.28218e+04    5.16068e+03    1.52694e+03    1.39726e+04
     Coulomb-14        LJ (SR)   Coulomb (SR)   Coul. recip.      Potential
   -6.20905e+04    3.92742e+04   -4.59247e+05    1.58870e+03   -4.25920e+05
    Kinetic En.   Total Energy  Conserved En.    Temperature Pressure (bar)
    1.03692e+05   -3.22228e+05   -3.02825e+05    2.99953e+02   -4.25224e+02
   Constr. rmsd
    0.00000e+00

           Step           Time
        1155000     1155.00000

   Energies (kJ/mol)
        G96Bond       G96Angle    Proper Dih.  Improper Dih.          LJ-14
    1.09762e+04    2.29820e+04    5.17438e+03    1.53222e+03    1.42193e+04
     Coulomb-14        LJ (SR)   Coulomb (SR)   Coul. recip.      Potential
   -6.20107e+04    4.00761e+04   -4.60445e+05    1.61201e+03   -4.25883e+05
    Kinetic En.   Total Energy  Conserved En.    Temperature Pressure (bar)
    1.04125e+05   -3.21758e+05   -3.02731e+05    3.01205e+02   -2.54592e+02
   Constr. rmsd
    0.00000e+00

           Step           Time
        1160000     1160.00000

   Energies (kJ/mol)
        G96Bond       G96Angle    Proper Dih.  Improper Dih.          LJ-14
    1.06733e+04    2.27910e+04    5.15469e+03    1.55186e+03    1.42539e+04
     Coulomb-14        LJ (SR)   Coulomb (SR)   Coul. recip.      Potential
   -6.21204e+04    4.11907e+04   -4.61271e+05    1.66264e+03   -4.26113e+05
    Kinetic En.   Total Energy  Conserved En.    Temperature Pressure (bar)
    1.03485e+05   -3.22628e+05   -3.02650e+05    2.99355e+02    2.64525e+02
   Constr. rmsd
    0.00000e+00

           Step           Time
        1165000     1165.00000

   Energies (kJ/mol)
        G96Bond       G96Angle    Proper Dih.  Improper Dih.          LJ-14
    1.04769e+04    2.30742e+04    5.00243e+03    1.60085e+03    1.43737e+04
     Coulomb-14        LJ (SR)   Coulomb (SR)   Coul. recip.      Potential
   -6.21156e+04    3.89221e+04   -4.58281e+05    1.63268e+03   -4.25314e+05
    Kinetic En.   Total Energy  Conserved En.    Temperature Pressure (bar)
    1.03184e+05   -3.22130e+05   -3.02545e+05    2.98484e+02    2.87318e+01
   Constr. rmsd
    0.00000e+00

           Step           Time
        1170000     1170.00000

   Energies (kJ/mol)
        G96Bond       G96Angle    Proper Dih.  Improper Dih.          LJ-14
    1.08876e+04    2.32266e+04    5.09917e+03    1.52346e+03    1.42780e+04
     Coulomb-14        LJ (SR)   Coulomb (SR)   Coul. recip.      Potential
   -6.19139e+04    4.00462e+04   -4.60189e+05    1.57553e+03   -4.25466e+05
    Kinetic En.   Total Energy  Conserved En.    Temperature Pressure (bar)
    1.03556e+05   -3.21910e+05   -3.02434e+05    2.99560e+02    1.57432e+02
   Constr. rmsd
    0.00000e+00

           Step           Time
        1175000     1175.00000

   Energies (kJ/mol)
        G96Bond       G96Angle    Proper Dih.  Improper Dih.          LJ-14
    1.10148e+04    2.30021e+04    5.03707e+03    1.55266e+03    1.41998e+04
     Coulomb-14        LJ (SR)   Coulomb (SR)   Coul. recip.      Potential
   -6.20903e+04    4.05771e+04   -4.60558e+05    1.59266e+03   -4.25672e+05
    Kinetic En.   Total Energy  Conserved En.    Temperature Pressure (bar)
    1.03734e+05   -3.21938e+05   -3.02174e+05    3.00075e+02    1.75064e+02
   Constr. rmsd
    0.00000e+00

           Step           Time
        1180000     1180.00000

   Energies (kJ/mol)
        G96Bond       G96Angle    Proper Dih.  Improper Dih.          LJ-14
    1.05923e+04    2.32461e+04    5.13961e+03    1.58144e+03    1.44707e+04
     Coulomb-14        LJ (SR)   Coulomb (SR)   Coul. recip.      Potential
   -6.17750e+04    3.99061e+04   -4.59205e+05    1.56330e+03   -4.24480e+05
    Kinetic En.   Total Energy  Conserved En.    Temperature Pressure (bar)
    1.03736e+05   -3.20744e+05   -3.02237e+05    3.00079e+02    4.54998e+02
   Constr. rmsd
    0.00000e+00

           Step           Time
        1185000     1185.00000

   Energies (kJ/mol)
        G96Bond       G96Angle    Proper Dih.  Improper Dih.          LJ-14
    1.10823e+04    2.34649e+04    5.20702e+03    1.61278e+03    1.41143e+04
     Coulomb-14        LJ (SR)   Coulomb (SR)   Coul. recip.      Potential
   -6.20036e+04    4.05296e+04   -4.60043e+05    1.59656e+03   -4.24439e+05
    Kinetic En.   Total Energy  Conserved En.    Temperature Pressure (bar)
    1.04277e+05   -3.20162e+05   -3.02106e+05    3.01646e+02    1.10538e+02
   Constr. rmsd
    0.00000e+00

           Step           Time
        1190000     1190.00000

   Energies (kJ/mol)
        G96Bond       G96Angle    Proper Dih.  Improper Dih.          LJ-14
    1.10068e+04    2.32140e+04    5.09743e+03    1.63487e+03    1.42319e+04
     Coulomb-14        LJ (SR)   Coulomb (SR)   Coul. recip.      Potential
   -6.19682e+04    3.99779e+04   -4.60270e+05    1.63746e+03   -4.25438e+05
    Kinetic En.   Total Energy  Conserved En.    Temperature Pressure (bar)
    1.03600e+05   -3.21838e+05   -3.01974e+05    2.99686e+02    2.87922e+01
   Constr. rmsd
    0.00000e+00

           Step           Time
        1195000     1195.00000

   Energies (kJ/mol)
        G96Bond       G96Angle    Proper Dih.  Improper Dih.          LJ-14
    1.07124e+04    2.31875e+04    5.14064e+03    1.48886e+03    1.43809e+04
     Coulomb-14        LJ (SR)   Coulomb (SR)   Coul. recip.      Potential
   -6.19334e+04    4.04125e+04   -4.60142e+05    1.55442e+03   -4.25198e+05
    Kinetic En.   Total Energy  Conserved En.    Temperature Pressure (bar)
    1.02650e+05   -3.22548e+05   -3.01813e+05    2.96939e+02    3.67383e+02
   Constr. rmsd
    0.00000e+00

           Step           Time
        1200000     1200.00000

   Energies (kJ/mol)
        G96Bond       G96Angle    Proper Dih.  Improper Dih.          LJ-14
    1.09599e+04    2.30119e+04    5.10617e+03    1.62339e+03    1.40367e+04
     Coulomb-14        LJ (SR)   Coulomb (SR)   Coul. recip.      Potential
   -6.19511e+04    4.00390e+04   -4.61200e+05    1.57381e+03   -4.26800e+05
    Kinetic En.   Total Energy  Conserved En.    Temperature Pressure (bar)
    1.03621e+05   -3.23179e+05   -3.01806e+05    2.99747e+02   -1.65643e+02
   Constr. rmsd
    0.00000e+00

           Step           Time
        1205000     1205.00000

   Energies (kJ/mol)
        G96Bond       G96Angle    Proper Dih.  Improper Dih.          LJ-14
    1.11182e+04    2.29922e+04    5.10677e+03    1.67053e+03    1.40429e+04
     Coulomb-14        LJ (SR)   Coulomb (SR)   Coul. recip.      Potential
   -6.15034e+04    3.91111e+04   -4.58862e+05    1.63095e+03   -4.24693e+05
    Kinetic En.   Total Energy  Conserved En.    Temperature Pressure (bar)
    1.04568e+05   -3.20125e+05   -3.01765e+05    3.02487e+02   -3.18716e+02
   Constr. rmsd
    0.00000e+00

           Step           Time
        1210000     1210.00000

   Energies (kJ/mol)
        G96Bond       G96Angle    Proper Dih.  Improper Dih.          LJ-14
    1.10733e+04    2.30400e+04    5.16392e+03    1.54720e+03    1.40637e+04
     Coulomb-14        LJ (SR)   Coulomb (SR)   Coul. recip.      Potential
   -6.17800e+04    3.98917e+04   -4.59742e+05    1.66311e+03   -4.25079e+05
    Kinetic En.   Total Energy  Conserved En.    Temperature Pressure (bar)
    1.04029e+05   -3.21050e+05   -3.01636e+05    3.00928e+02   -3.01399e+02
   Constr. rmsd
    0.00000e+00

           Step           Time
        1215000     1215.00000

   Energies (kJ/mol)
        G96Bond       G96Angle    Proper Dih.  Improper Dih.          LJ-14
    1.08974e+04    2.31167e+04    5.22837e+03    1.56254e+03    1.41462e+04
     Coulomb-14        LJ (SR)   Coulomb (SR)   Coul. recip.      Potential
   -6.18588e+04    3.92093e+04   -4.59447e+05    1.57251e+03   -4.25573e+05
    Kinetic En.   Total Energy  Conserved En.    Temperature Pressure (bar)
    1.03362e+05   -3.22211e+05   -3.01462e+05    2.98997e+02   -1.60478e+02
   Constr. rmsd
    0.00000e+00

           Step           Time
        1220000     1220.00000

   Energies (kJ/mol)
        G96Bond       G96Angle    Proper Dih.  Improper Dih.          LJ-14
    1.06602e+04    2.32093e+04    5.02248e+03    1.51855e+03    1.44159e+04
     Coulomb-14        LJ (SR)   Coulomb (SR)   Coul. recip.      Potential
   -6.16001e+04    4.12457e+04   -4.61306e+05    1.63760e+03   -4.25196e+05
    Kinetic En.   Total Energy  Conserved En.    Temperature Pressure (bar)
    1.04519e+05   -3.20677e+05   -3.01385e+05    3.02344e+02    2.31635e+02
   Constr. rmsd
    0.00000e+00

           Step           Time
        1225000     1225.00000

   Energies (kJ/mol)
        G96Bond       G96Angle    Proper Dih.  Improper Dih.          LJ-14
    1.09854e+04    2.28943e+04    5.08093e+03    1.62982e+03    1.42510e+04
     Coulomb-14        LJ (SR)   Coulomb (SR)   Coul. recip.      Potential
   -6.15945e+04    3.90685e+04   -4.59257e+05    1.66257e+03   -4.25279e+05
    Kinetic En.   Total Energy  Conserved En.    Temperature Pressure (bar)
    1.03290e+05   -3.21989e+05   -3.01322e+05    2.98789e+02   -2.01244e+02
   Constr. rmsd
    0.00000e+00

           Step           Time
        1230000     1230.00000

   Energies (kJ/mol)
        G96Bond       G96Angle    Proper Dih.  Improper Dih.          LJ-14
    1.08380e+04    2.32336e+04    5.03638e+03    1.52826e+03    1.41846e+04
     Coulomb-14        LJ (SR)   Coulomb (SR)   Coul. recip.      Potential
   -6.18371e+04    3.93678e+04   -4.59721e+05    1.67324e+03   -4.25697e+05
    Kinetic En.   Total Energy  Conserved En.    Temperature Pressure (bar)
    1.04837e+05   -3.20860e+05   -3.01125e+05    3.03265e+02    5.70058e+01
   Constr. rmsd
    0.00000e+00

           Step           Time
        1235000     1235.00000

   Energies (kJ/mol)
        G96Bond       G96Angle    Proper Dih.  Improper Dih.          LJ-14
    1.06423e+04    2.29333e+04    5.05500e+03    1.52835e+03    1.42247e+04
     Coulomb-14        LJ (SR)   Coulomb (SR)   Coul. recip.      Potential
   -6.17409e+04    3.91205e+04   -4.59861e+05    1.65498e+03   -4.26443e+05
    Kinetic En.   Total Energy  Conserved En.    Temperature Pressure (bar)
    1.03744e+05   -3.22699e+05   -3.00967e+05    3.00104e+02    3.28566e+01
   Constr. rmsd
    0.00000e+00

           Step           Time
        1240000     1240.00000

   Energies (kJ/mol)
        G96Bond       G96Angle    Proper Dih.  Improper Dih.          LJ-14
    1.08089e+04    2.31581e+04    5.16754e+03    1.56728e+03    1.41547e+04
     Coulomb-14        LJ (SR)   Coulomb (SR)   Coul. recip.      Potential
   -6.20286e+04    3.90247e+04   -4.59474e+05    1.60398e+03   -4.26018e+05
    Kinetic En.   Total Energy  Conserved En.    Temperature Pressure (bar)
    1.04242e+05   -3.21775e+05   -3.00731e+05    3.01545e+02   -1.66843e+02
   Constr. rmsd
    0.00000e+00

           Step           Time
        1245000     1245.00000

   Energies (kJ/mol)
        G96Bond       G96Angle    Proper Dih.  Improper Dih.          LJ-14
    1.10501e+04    2.29689e+04    5.08560e+03    1.61268e+03    1.40052e+04
     Coulomb-14        LJ (SR)   Coulomb (SR)   Coul. recip.      Potential
   -6.20963e+04    3.97766e+04   -4.61151e+05    1.67803e+03   -4.27071e+05
    Kinetic En.   Total Energy  Conserved En.    Temperature Pressure (bar)
    1.03945e+05   -3.23126e+05   -3.00504e+05    3.00685e+02    1.22930e+01
   Constr. rmsd
    0.00000e+00

           Step           Time
        1250000     1250.00000

   Energies (kJ/mol)
        G96Bond       G96Angle    Proper Dih.  Improper Dih.          LJ-14
    1.10488e+04    2.30664e+04    5.10896e+03    1.52306e+03    1.41957e+04
     Coulomb-14        LJ (SR)   Coulomb (SR)   Coul. recip.      Potential
   -6.16966e+04    4.07773e+04   -4.61565e+05    1.65241e+03   -4.25889e+05
    Kinetic En.   Total Energy  Conserved En.    Temperature Pressure (bar)
    1.02975e+05   -3.22914e+05   -3.00535e+05    2.97879e+02    2.76448e+02
   Constr. rmsd
    0.00000e+00

           Step           Time
        1255000     1255.00000

   Energies (kJ/mol)
        G96Bond       G96Angle    Proper Dih.  Improper Dih.          LJ-14
    1.10165e+04    2.30639e+04    5.12538e+03    1.61189e+03    1.40877e+04
     Coulomb-14        LJ (SR)   Coulomb (SR)   Coul. recip.      Potential
   -6.18901e+04    3.94068e+04   -4.60718e+05    1.62216e+03   -4.26674e+05
    Kinetic En.   Total Energy  Conserved En.    Temperature Pressure (bar)
    1.03333e+05   -3.23341e+05   -3.00484e+05    2.98915e+02    8.09993e+01
   Constr. rmsd
    0.00000e+00

           Step           Time
        1260000     1260.00000

   Energies (kJ/mol)
        G96Bond       G96Angle    Proper Dih.  Improper Dih.          LJ-14
    1.08904e+04    2.27770e+04    5.09869e+03    1.55217e+03    1.41260e+04
     Coulomb-14        LJ (SR)   Coulomb (SR)   Coul. recip.      Potential
   -6.18868e+04    3.98461e+04   -4.59538e+05    1.57746e+03   -4.25557e+05
    Kinetic En.   Total Energy  Conserved En.    Temperature Pressure (bar)
    1.03271e+05   -3.22286e+05   -3.00324e+05    2.98734e+02    7.70459e+01
   Constr. rmsd
    0.00000e+00

           Step           Time
        1265000     1265.00000

   Energies (kJ/mol)
        G96Bond       G96Angle    Proper Dih.  Improper Dih.          LJ-14
    1.08205e+04    2.32890e+04    5.17389e+03    1.47383e+03    1.42498e+04
     Coulomb-14        LJ (SR)   Coulomb (SR)   Coul. recip.      Potential
   -6.17631e+04    3.99846e+04   -4.60316e+05    1.65730e+03   -4.25431e+05
    Kinetic En.   Total Energy  Conserved En.    Temperature Pressure (bar)
    1.03365e+05   -3.22066e+05   -3.00361e+05    2.99006e+02    2.40904e+02
   Constr. rmsd
    0.00000e+00

           Step           Time
        1270000     1270.00000

   Energies (kJ/mol)
        G96Bond       G96Angle    Proper Dih.  Improper Dih.          LJ-14
    1.05219e+04    2.33487e+04    5.04631e+03    1.59584e+03    1.43094e+04
     Coulomb-14        LJ (SR)   Coulomb (SR)   Coul. recip.      Potential
   -6.17642e+04    3.99949e+04   -4.59834e+05    1.57049e+03   -4.25210e+05
    Kinetic En.   Total Energy  Conserved En.    Temperature Pressure (bar)
    1.03590e+05   -3.21620e+05   -3.00396e+05    2.99658e+02    1.27383e+02
   Constr. rmsd
    0.00000e+00

           Step           Time
        1275000     1275.00000

   Energies (kJ/mol)
        G96Bond       G96Angle    Proper Dih.  Improper Dih.          LJ-14
    1.05944e+04    2.31312e+04    5.24326e+03    1.52925e+03    1.40868e+04
     Coulomb-14        LJ (SR)   Coulomb (SR)   Coul. recip.      Potential
   -6.19752e+04    4.00526e+04   -4.59732e+05    1.65265e+03   -4.25417e+05
    Kinetic En.   Total Energy  Conserved En.    Temperature Pressure (bar)
    1.03506e+05   -3.21911e+05   -3.00302e+05    2.99416e+02   -5.62782e+01
   Constr. rmsd
    0.00000e+00

           Step           Time
        1280000     1280.00000

   Energies (kJ/mol)
        G96Bond       G96Angle    Proper Dih.  Improper Dih.          LJ-14
    1.07862e+04    2.31727e+04    5.09425e+03    1.50963e+03    1.42012e+04
     Coulomb-14        LJ (SR)   Coulomb (SR)   Coul. recip.      Potential
   -6.21615e+04    4.02784e+04   -4.60479e+05    1.54437e+03   -4.26054e+05
    Kinetic En.   Total Energy  Conserved En.    Temperature Pressure (bar)
    1.03734e+05   -3.22320e+05   -3.00261e+05    3.00073e+02    3.58948e+00
   Constr. rmsd
    0.00000e+00

           Step           Time
        1285000     1285.00000

   Energies (kJ/mol)
        G96Bond       G96Angle    Proper Dih.  Improper Dih.          LJ-14
    1.06165e+04    2.31913e+04    5.03356e+03    1.61927e+03    1.43296e+04
     Coulomb-14        LJ (SR)   Coulomb (SR)   Coul. recip.      Potential
   -6.18597e+04    4.02346e+04   -4.59716e+05    1.66089e+03   -4.24890e+05
    Kinetic En.   Total Energy  Conserved En.    Temperature Pressure (bar)
    1.03727e+05   -3.21163e+05   -3.00360e+05    3.00055e+02    1.36331e+02
   Constr. rmsd
    0.00000e+00

           Step           Time
        1290000     1290.00000

   Energies (kJ/mol)
        G96Bond       G96Angle    Proper Dih.  Improper Dih.          LJ-14
    1.07420e+04    2.26099e+04    5.07169e+03    1.55614e+03    1.45202e+04
     Coulomb-14        LJ (SR)   Coulomb (SR)   Coul. recip.      Potential
   -6.20542e+04    3.89780e+04   -4.59001e+05    1.59209e+03   -4.25985e+05
    Kinetic En.   Total Energy  Conserved En.    Temperature Pressure (bar)
    1.03390e+05   -3.22594e+05   -3.00110e+05    2.99080e+02   -7.54700e+01
   Constr. rmsd
    0.00000e+00

           Step           Time
        1295000     1295.00000

   Energies (kJ/mol)
        G96Bond       G96Angle    Proper Dih.  Improper Dih.          LJ-14
    1.06900e+04    2.29187e+04    5.16224e+03    1.63018e+03    1.41206e+04
     Coulomb-14        LJ (SR)   Coulomb (SR)   Coul. recip.      Potential
   -6.23036e+04    3.88039e+04   -4.58516e+05    1.58963e+03   -4.25904e+05
    Kinetic En.   Total Energy  Conserved En.    Temperature Pressure (bar)
    1.03566e+05   -3.22338e+05   -2.99997e+05    2.99589e+02   -1.60227e+01
   Constr. rmsd
    0.00000e+00

           Step           Time
        1300000     1300.00000

   Energies (kJ/mol)
        G96Bond       G96Angle    Proper Dih.  Improper Dih.          LJ-14
    1.09325e+04    2.29337e+04    5.10962e+03    1.58918e+03    1.43105e+04
     Coulomb-14        LJ (SR)   Coulomb (SR)   Coul. recip.      Potential
   -6.21953e+04    3.99651e+04   -4.59562e+05    1.64785e+03   -4.25269e+05
    Kinetic En.   Total Energy  Conserved En.    Temperature Pressure (bar)
    1.03808e+05   -3.21461e+05   -2.99824e+05    3.00288e+02    2.38003e+01
   Constr. rmsd
    0.00000e+00

           Step           Time
        1305000     1305.00000

   Energies (kJ/mol)
        G96Bond       G96Angle    Proper Dih.  Improper Dih.          LJ-14
    1.10250e+04    2.32518e+04    5.24356e+03    1.62332e+03    1.38831e+04
     Coulomb-14        LJ (SR)   Coulomb (SR)   Coul. recip.      Potential
   -6.23413e+04    4.00433e+04   -4.58804e+05    1.59830e+03   -4.24477e+05
    Kinetic En.   Total Energy  Conserved En.    Temperature Pressure (bar)
    1.04591e+05   -3.19885e+05   -2.99677e+05    3.02554e+02   -1.37435e+02
   Constr. rmsd
    0.00000e+00

           Step           Time
        1310000     1310.00000

   Energies (kJ/mol)
        G96Bond       G96Angle    Proper Dih.  Improper Dih.          LJ-14
    1.10617e+04    2.30073e+04    5.15405e+03    1.48239e+03    1.42431e+04
     Coulomb-14        LJ (SR)   Coulomb (SR)   Coul. recip.      Potential
   -6.23254e+04    4.00193e+04   -4.59342e+05    1.59727e+03   -4.25103e+05
    Kinetic En.   Total Energy  Conserved En.    Temperature Pressure (bar)
    1.03640e+05   -3.21463e+05   -2.99704e+05    2.99801e+02    1.15144e+01
   Constr. rmsd
    0.00000e+00

           Step           Time
        1315000     1315.00000

   Energies (kJ/mol)
        G96Bond       G96Angle    Proper Dih.  Improper Dih.          LJ-14
    1.08421e+04    2.27818e+04    5.14037e+03    1.60261e+03    1.42848e+04
     Coulomb-14        LJ (SR)   Coulomb (SR)   Coul. recip.      Potential
   -6.22830e+04    3.95663e+04   -4.58632e+05    1.59365e+03   -4.25103e+05
    Kinetic En.   Total Energy  Conserved En.    Temperature Pressure (bar)
    1.03643e+05   -3.21461e+05   -2.99838e+05    2.99810e+02   -1.10796e+02
   Constr. rmsd
    0.00000e+00

           Step           Time
        1320000     1320.00000

   Energies (kJ/mol)
        G96Bond       G96Angle    Proper Dih.  Improper Dih.          LJ-14
    1.09719e+04    2.28087e+04    5.03034e+03    1.56393e+03    1.42268e+04
     Coulomb-14        LJ (SR)   Coulomb (SR)   Coul. recip.      Potential
   -6.25347e+04    3.90190e+04   -4.58187e+05    1.67209e+03   -4.25429e+05
    Kinetic En.   Total Energy  Conserved En.    Temperature Pressure (bar)
    1.03975e+05   -3.21453e+05   -2.99896e+05    3.00773e+02   -2.96997e+02
   Constr. rmsd
    0.00000e+00

           Step           Time
        1325000     1325.00000

   Energies (kJ/mol)
        G96Bond       G96Angle    Proper Dih.  Improper Dih.          LJ-14
    1.06851e+04    2.32780e+04    5.04660e+03    1.65213e+03    1.39871e+04
     Coulomb-14        LJ (SR)   Coulomb (SR)   Coul. recip.      Potential
   -6.23965e+04    3.90503e+04   -4.57873e+05    1.58314e+03   -4.24987e+05
    Kinetic En.   Total Energy  Conserved En.    Temperature Pressure (bar)
    1.02920e+05   -3.22067e+05   -2.99878e+05    2.97720e+02   -1.19140e+02
   Constr. rmsd
    0.00000e+00

           Step           Time
        1330000     1330.00000

   Energies (kJ/mol)
        G96Bond       G96Angle    Proper Dih.  Improper Dih.          LJ-14
    1.08115e+04    2.28644e+04    5.17468e+03    1.57611e+03    1.41527e+04
     Coulomb-14        LJ (SR)   Coulomb (SR)   Coul. recip.      Potential
   -6.23147e+04    4.04169e+04   -4.60349e+05    1.61325e+03   -4.26054e+05
    Kinetic En.   Total Energy  Conserved En.    Temperature Pressure (bar)
    1.03724e+05   -3.22330e+05   -2.99796e+05    3.00046e+02   -1.32721e+02
   Constr. rmsd
    0.00000e+00

           Step           Time
        1335000     1335.00000

   Energies (kJ/mol)
        G96Bond       G96Angle    Proper Dih.  Improper Dih.          LJ-14
    1.10795e+04    2.33200e+04    5.13169e+03    1.54779e+03    1.41773e+04
     Coulomb-14        LJ (SR)   Coulomb (SR)   Coul. recip.      Potential
   -6.19790e+04    4.00892e+04   -4.59875e+05    1.59007e+03   -4.24918e+05
    Kinetic En.   Total Energy  Conserved En.    Temperature Pressure (bar)
    1.05125e+05   -3.19793e+05   -2.99551e+05    3.04098e+02   -8.98425e+01
   Constr. rmsd
    0.00000e+00

           Step           Time
        1340000     1340.00000

   Energies (kJ/mol)
        G96Bond       G96Angle    Proper Dih.  Improper Dih.          LJ-14
    1.07425e+04    2.28933e+04    5.25728e+03    1.56282e+03    1.42215e+04
     Coulomb-14        LJ (SR)   Coulomb (SR)   Coul. recip.      Potential
   -6.20926e+04    4.03348e+04   -4.60508e+05    1.60606e+03   -4.25982e+05
    Kinetic En.   Total Energy  Conserved En.    Temperature Pressure (bar)
    1.03463e+05   -3.22519e+05   -2.99493e+05    2.99290e+02   -5.65211e-03
   Constr. rmsd
    0.00000e+00

           Step           Time
        1345000     1345.00000

   Energies (kJ/mol)
        G96Bond       G96Angle    Proper Dih.  Improper Dih.          LJ-14
    1.08298e+04    2.29534e+04    5.16838e+03    1.43943e+03    1.42213e+04
     Coulomb-14        LJ (SR)   Coulomb (SR)   Coul. recip.      Potential
   -6.21174e+04    4.04057e+04   -4.59307e+05    1.63436e+03   -4.24772e+05
    Kinetic En.   Total Energy  Conserved En.    Temperature Pressure (bar)
    1.03679e+05   -3.21093e+05   -2.99291e+05    2.99916e+02    8.08324e+01
   Constr. rmsd
    0.00000e+00

           Step           Time
        1350000     1350.00000

   Energies (kJ/mol)
        G96Bond       G96Angle    Proper Dih.  Improper Dih.          LJ-14
    1.08140e+04    2.26915e+04    5.12758e+03    1.67098e+03    1.42276e+04
     Coulomb-14        LJ (SR)   Coulomb (SR)   Coul. recip.      Potential
   -6.21328e+04    3.95781e+04   -4.60670e+05    1.62554e+03   -4.27067e+05
    Kinetic En.   Total Energy  Conserved En.    Temperature Pressure (bar)
    1.03725e+05   -3.23342e+05   -2.99301e+05    3.00049e+02   -1.66664e+02
   Constr. rmsd
    0.00000e+00

           Step           Time
        1355000     1355.00000

   Energies (kJ/mol)
        G96Bond       G96Angle    Proper Dih.  Improper Dih.          LJ-14
    1.11410e+04    2.34191e+04    5.07541e+03    1.57562e+03    1.39862e+04
     Coulomb-14        LJ (SR)   Coulomb (SR)   Coul. recip.      Potential
   -6.19603e+04    3.85370e+04   -4.57902e+05    1.73179e+03   -4.24396e+05
    Kinetic En.   Total Energy  Conserved En.    Temperature Pressure (bar)
    1.03853e+05   -3.20543e+05   -2.99190e+05    3.00418e+02   -2.69391e+02
   Constr. rmsd
    0.00000e+00

           Step           Time
        1360000     1360.00000

   Energies (kJ/mol)
        G96Bond       G96Angle    Proper Dih.  Improper Dih.          LJ-14
    1.08803e+04    2.31973e+04    5.23146e+03    1.59147e+03    1.40842e+04
     Coulomb-14        LJ (SR)   Coulomb (SR)   Coul. recip.      Potential
   -6.21897e+04    4.06778e+04   -4.60786e+05    1.61105e+03   -4.25702e+05
    Kinetic En.   Total Energy  Conserved En.    Temperature Pressure (bar)
    1.04128e+05   -3.21573e+05   -2.99115e+05    3.01215e+02   -1.77225e+02
   Constr. rmsd
    0.00000e+00

Writing checkpoint, step 1364100 at Fri Aug 15 18:06:52 2025


           Step           Time
        1365000     1365.00000

   Energies (kJ/mol)
        G96Bond       G96Angle    Proper Dih.  Improper Dih.          LJ-14
    1.08520e+04    2.29222e+04    5.26338e+03    1.61809e+03    1.41562e+04
     Coulomb-14        LJ (SR)   Coulomb (SR)   Coul. recip.      Potential
   -6.21990e+04    3.88019e+04   -4.58397e+05    1.65891e+03   -4.25323e+05
    Kinetic En.   Total Energy  Conserved En.    Temperature Pressure (bar)
    1.02893e+05   -3.22430e+05   -2.99123e+05    2.97642e+02   -3.63899e+02
   Constr. rmsd
    0.00000e+00

           Step           Time
        1370000     1370.00000

   Energies (kJ/mol)
        G96Bond       G96Angle    Proper Dih.  Improper Dih.          LJ-14
    1.07874e+04    2.35265e+04    4.99744e+03    1.59403e+03    1.41856e+04
     Coulomb-14        LJ (SR)   Coulomb (SR)   Coul. recip.      Potential
   -6.22878e+04    3.95501e+04   -4.59425e+05    1.59943e+03   -4.25472e+05
    Kinetic En.   Total Energy  Conserved En.    Temperature Pressure (bar)
    1.04173e+05   -3.21300e+05   -2.98957e+05    3.01343e+02    2.83247e+01
   Constr. rmsd
    0.00000e+00

           Step           Time
        1375000     1375.00000

   Energies (kJ/mol)
        G96Bond       G96Angle    Proper Dih.  Improper Dih.          LJ-14
    1.06140e+04    2.35376e+04    5.15370e+03    1.56892e+03    1.42061e+04
     Coulomb-14        LJ (SR)   Coulomb (SR)   Coul. recip.      Potential
   -6.21845e+04    3.98221e+04   -4.60115e+05    1.61327e+03   -4.25784e+05
    Kinetic En.   Total Energy  Conserved En.    Temperature Pressure (bar)
    1.03891e+05   -3.21893e+05   -2.98685e+05    3.00529e+02    9.32040e+00
   Constr. rmsd
    0.00000e+00

           Step           Time
        1380000     1380.00000

   Energies (kJ/mol)
        G96Bond       G96Angle    Proper Dih.  Improper Dih.          LJ-14
    1.05771e+04    2.32681e+04    5.23500e+03    1.56645e+03    1.42202e+04
     Coulomb-14        LJ (SR)   Coulomb (SR)   Coul. recip.      Potential
   -6.18159e+04    3.96247e+04   -4.59143e+05    1.59160e+03   -4.24875e+05
    Kinetic En.   Total Energy  Conserved En.    Temperature Pressure (bar)
    1.03953e+05   -3.20923e+05   -2.98773e+05    3.00707e+02    2.57418e+02
   Constr. rmsd
    0.00000e+00

           Step           Time
        1385000     1385.00000

   Energies (kJ/mol)
        G96Bond       G96Angle    Proper Dih.  Improper Dih.          LJ-14
    1.07699e+04    2.31588e+04    5.18110e+03    1.56251e+03    1.42895e+04
     Coulomb-14        LJ (SR)   Coulomb (SR)   Coul. recip.      Potential
   -6.21699e+04    3.99293e+04   -4.59843e+05    1.61566e+03   -4.25506e+05
    Kinetic En.   Total Energy  Conserved En.    Temperature Pressure (bar)
    1.04082e+05   -3.21424e+05   -2.98846e+05    3.01081e+02    7.86449e+01
   Constr. rmsd
    0.00000e+00

           Step           Time
        1390000     1390.00000

   Energies (kJ/mol)
        G96Bond       G96Angle    Proper Dih.  Improper Dih.          LJ-14
    1.09010e+04    2.31148e+04    5.18560e+03    1.60581e+03    1.41926e+04
     Coulomb-14        LJ (SR)   Coulomb (SR)   Coul. recip.      Potential
   -6.21220e+04    3.89765e+04   -4.58430e+05    1.64775e+03   -4.24928e+05
    Kinetic En.   Total Energy  Conserved En.    Temperature Pressure (bar)
    1.03945e+05   -3.20983e+05   -2.98774e+05    3.00684e+02   -2.85787e+02
   Constr. rmsd
    0.00000e+00

           Step           Time
        1395000     1395.00000

   Energies (kJ/mol)
        G96Bond       G96Angle    Proper Dih.  Improper Dih.          LJ-14
    1.06412e+04    2.28348e+04    5.14021e+03    1.65120e+03    1.44301e+04
     Coulomb-14        LJ (SR)   Coulomb (SR)   Coul. recip.      Potential
   -6.22009e+04    3.96610e+04   -4.60180e+05    1.63986e+03   -4.26382e+05
    Kinetic En.   Total Energy  Conserved En.    Temperature Pressure (bar)
    1.03859e+05   -3.22523e+05   -2.98740e+05    3.00435e+02   -6.85060e+01
   Constr. rmsd
    0.00000e+00

           Step           Time
        1400000     1400.00000

   Energies (kJ/mol)
        G96Bond       G96Angle    Proper Dih.  Improper Dih.          LJ-14
    1.09359e+04    2.29158e+04    5.20570e+03    1.53605e+03    1.41283e+04
     Coulomb-14        LJ (SR)   Coulomb (SR)   Coul. recip.      Potential
   -6.20967e+04    3.96380e+04   -4.59542e+05    1.62200e+03   -4.25657e+05
    Kinetic En.   Total Energy  Conserved En.    Temperature Pressure (bar)
    1.02977e+05   -3.22681e+05   -2.98501e+05    2.97883e+02   -2.05326e+02
   Constr. rmsd
    0.00000e+00

           Step           Time
        1405000     1405.00000

   Energies (kJ/mol)
        G96Bond       G96Angle    Proper Dih.  Improper Dih.          LJ-14
    1.08196e+04    2.30187e+04    5.15439e+03    1.57236e+03    1.42640e+04
     Coulomb-14        LJ (SR)   Coulomb (SR)   Coul. recip.      Potential
   -6.22546e+04    4.00533e+04   -4.60269e+05    1.57876e+03   -4.26062e+05
    Kinetic En.   Total Energy  Conserved En.    Temperature Pressure (bar)
    1.03456e+05   -3.22606e+05   -2.98580e+05    2.99270e+02    1.08445e+02
   Constr. rmsd
    0.00000e+00

           Step           Time
        1410000     1410.00000

   Energies (kJ/mol)
        G96Bond       G96Angle    Proper Dih.  Improper Dih.          LJ-14
    1.12307e+04    2.28679e+04    4.99681e+03    1.55201e+03    1.42102e+04
     Coulomb-14        LJ (SR)   Coulomb (SR)   Coul. recip.      Potential
   -6.20285e+04    3.93660e+04   -4.59004e+05    1.65582e+03   -4.25153e+05
    Kinetic En.   Total Energy  Conserved En.    Temperature Pressure (bar)
    1.03443e+05   -3.21710e+05   -2.98249e+05    2.99233e+02   -2.97354e+02
   Constr. rmsd
    0.00000e+00

           Step           Time
        1415000     1415.00000

   Energies (kJ/mol)
        G96Bond       G96Angle    Proper Dih.  Improper Dih.          LJ-14
    1.10819e+04    2.31775e+04    5.22937e+03    1.60833e+03    1.41573e+04
     Coulomb-14        LJ (SR)   Coulomb (SR)   Coul. recip.      Potential
   -6.22084e+04    4.03684e+04   -4.59845e+05    1.60516e+03   -4.24825e+05
    Kinetic En.   Total Energy  Conserved En.    Temperature Pressure (bar)
    1.04362e+05   -3.20464e+05   -2.98184e+05    3.01889e+02    1.02368e+02
   Constr. rmsd
    0.00000e+00

           Step           Time
        1420000     1420.00000

   Energies (kJ/mol)
        G96Bond       G96Angle    Proper Dih.  Improper Dih.          LJ-14
    1.09433e+04    2.31551e+04    5.08520e+03    1.55397e+03    1.43362e+04
     Coulomb-14        LJ (SR)   Coulomb (SR)   Coul. recip.      Potential
   -6.23048e+04    3.97062e+04   -4.58960e+05    1.63008e+03   -4.24854e+05
    Kinetic En.   Total Energy  Conserved En.    Temperature Pressure (bar)
    1.03518e+05   -3.21337e+05   -2.97887e+05    2.99448e+02   -1.27660e+02
   Constr. rmsd
    0.00000e+00

           Step           Time
        1425000     1425.00000

   Energies (kJ/mol)
        G96Bond       G96Angle    Proper Dih.  Improper Dih.          LJ-14
    1.10035e+04    2.26854e+04    5.06960e+03    1.64939e+03    1.40219e+04
     Coulomb-14        LJ (SR)   Coulomb (SR)   Coul. recip.      Potential
   -6.21174e+04    4.04327e+04   -4.61100e+05    1.65235e+03   -4.26702e+05
    Kinetic En.   Total Energy  Conserved En.    Temperature Pressure (bar)
    1.05163e+05   -3.21539e+05   -2.97993e+05    3.04208e+02   -1.04916e+02
   Constr. rmsd
    0.00000e+00

           Step           Time
        1430000     1430.00000

   Energies (kJ/mol)
        G96Bond       G96Angle    Proper Dih.  Improper Dih.          LJ-14
    1.07684e+04    2.32328e+04    5.17412e+03    1.56468e+03    1.41798e+04
     Coulomb-14        LJ (SR)   Coulomb (SR)   Coul. recip.      Potential
   -6.21890e+04    4.02837e+04   -4.60024e+05    1.56801e+03   -4.25442e+05
    Kinetic En.   Total Energy  Conserved En.    Temperature Pressure (bar)
    1.03554e+05   -3.21887e+05   -2.97695e+05    2.99554e+02    2.15330e+02
   Constr. rmsd
    0.00000e+00

           Step           Time
        1435000     1435.00000

   Energies (kJ/mol)
        G96Bond       G96Angle    Proper Dih.  Improper Dih.          LJ-14
    1.06992e+04    2.30837e+04    5.01572e+03    1.53230e+03    1.43123e+04
     Coulomb-14        LJ (SR)   Coulomb (SR)   Coul. recip.      Potential
   -6.19200e+04    4.04885e+04   -4.60546e+05    1.63485e+03   -4.25700e+05
    Kinetic En.   Total Energy  Conserved En.    Temperature Pressure (bar)
    1.04164e+05   -3.21536e+05   -2.97621e+05    3.01318e+02    2.91776e+02
   Constr. rmsd
    0.00000e+00

           Step           Time
        1440000     1440.00000

   Energies (kJ/mol)
        G96Bond       G96Angle    Proper Dih.  Improper Dih.          LJ-14
    1.09742e+04    2.29615e+04    5.05493e+03    1.54282e+03    1.39756e+04
     Coulomb-14        LJ (SR)   Coulomb (SR)   Coul. recip.      Potential
   -6.20189e+04    3.95925e+04   -4.59675e+05    1.64437e+03   -4.25948e+05
    Kinetic En.   Total Energy  Conserved En.    Temperature Pressure (bar)
    1.04004e+05   -3.21944e+05   -2.97786e+05    3.00855e+02   -2.84561e+02
   Constr. rmsd
    0.00000e+00

           Step           Time
        1445000     1445.00000

   Energies (kJ/mol)
        G96Bond       G96Angle    Proper Dih.  Improper Dih.          LJ-14
    1.04773e+04    2.28463e+04    5.15296e+03    1.49262e+03    1.39301e+04
     Coulomb-14        LJ (SR)   Coulomb (SR)   Coul. recip.      Potential
   -6.20108e+04    3.93678e+04   -4.59979e+05    1.74803e+03   -4.26974e+05
    Kinetic En.   Total Energy  Conserved En.    Temperature Pressure (bar)
    1.03262e+05   -3.23712e+05   -2.97734e+05    2.98709e+02   -1.25349e+02
   Constr. rmsd
    0.00000e+00

           Step           Time
        1450000     1450.00000

   Energies (kJ/mol)
        G96Bond       G96Angle    Proper Dih.  Improper Dih.          LJ-14
    1.09183e+04    2.28252e+04    5.13556e+03    1.54414e+03    1.40024e+04
     Coulomb-14        LJ (SR)   Coulomb (SR)   Coul. recip.      Potential
   -6.19439e+04    3.90242e+04   -4.59200e+05    1.55011e+03   -4.26144e+05
    Kinetic En.   Total Energy  Conserved En.    Temperature Pressure (bar)
    1.03838e+05   -3.22306e+05   -2.97589e+05    3.00375e+02   -1.59125e+02
   Constr. rmsd
    0.00000e+00

           Step           Time
        1455000     1455.00000

   Energies (kJ/mol)
        G96Bond       G96Angle    Proper Dih.  Improper Dih.          LJ-14
    1.06582e+04    2.32965e+04    5.21130e+03    1.65786e+03    1.40918e+04
     Coulomb-14        LJ (SR)   Coulomb (SR)   Coul. recip.      Potential
   -6.18977e+04    3.96974e+04   -4.59377e+05    1.62864e+03   -4.25033e+05
    Kinetic En.   Total Energy  Conserved En.    Temperature Pressure (bar)
    1.04359e+05   -3.20674e+05   -2.97372e+05    3.01882e+02    4.52500e+01
   Constr. rmsd
    0.00000e+00

           Step           Time
        1460000     1460.00000

   Energies (kJ/mol)
        G96Bond       G96Angle    Proper Dih.  Improper Dih.          LJ-14
    1.09086e+04    2.29609e+04    5.14310e+03    1.52295e+03    1.41947e+04
     Coulomb-14        LJ (SR)   Coulomb (SR)   Coul. recip.      Potential
   -6.19555e+04    4.07267e+04   -4.61403e+05    1.62973e+03   -4.26272e+05
    Kinetic En.   Total Energy  Conserved En.    Temperature Pressure (bar)
    1.03767e+05   -3.22504e+05   -2.97362e+05    3.00170e+02   -3.58209e+01
   Constr. rmsd
    0.00000e+00

           Step           Time
        1465000     1465.00000

   Energies (kJ/mol)
        G96Bond       G96Angle    Proper Dih.  Improper Dih.          LJ-14
    1.10617e+04    2.31331e+04    5.16755e+03    1.51266e+03    1.41656e+04
     Coulomb-14        LJ (SR)   Coulomb (SR)   Coul. recip.      Potential
   -6.22496e+04    3.82810e+04   -4.57964e+05    1.64796e+03   -4.25244e+05
    Kinetic En.   Total Energy  Conserved En.    Temperature Pressure (bar)
    1.03772e+05   -3.21472e+05   -2.97309e+05    3.00183e+02   -2.36603e+02
   Constr. rmsd
    0.00000e+00

           Step           Time
        1470000     1470.00000

   Energies (kJ/mol)
        G96Bond       G96Angle    Proper Dih.  Improper Dih.          LJ-14
    1.09533e+04    2.34688e+04    5.09010e+03    1.58282e+03    1.40027e+04
     Coulomb-14        LJ (SR)   Coulomb (SR)   Coul. recip.      Potential
   -6.20321e+04    3.99639e+04   -4.59683e+05    1.66803e+03   -4.24985e+05
    Kinetic En.   Total Energy  Conserved En.    Temperature Pressure (bar)
    1.04108e+05   -3.20878e+05   -2.97357e+05    3.01155e+02   -1.39141e+02
   Constr. rmsd
    0.00000e+00

           Step           Time
        1475000     1475.00000

   Energies (kJ/mol)
        G96Bond       G96Angle    Proper Dih.  Improper Dih.          LJ-14
    1.06149e+04    2.34179e+04    5.27022e+03    1.54833e+03    1.42558e+04
     Coulomb-14        LJ (SR)   Coulomb (SR)   Coul. recip.      Potential
   -6.20926e+04    3.92616e+04   -4.59331e+05    1.65436e+03   -4.25401e+05
    Kinetic En.   Total Energy  Conserved En.    Temperature Pressure (bar)
    1.03044e+05   -3.22357e+05   -2.97349e+05    2.98078e+02    1.01788e+02
   Constr. rmsd
    0.00000e+00

           Step           Time
        1480000     1480.00000

   Energies (kJ/mol)
        G96Bond       G96Angle    Proper Dih.  Improper Dih.          LJ-14
    1.09065e+04    2.32123e+04    5.01038e+03    1.63541e+03    1.42662e+04
     Coulomb-14        LJ (SR)   Coulomb (SR)   Coul. recip.      Potential
   -6.21760e+04    3.94097e+04   -4.59193e+05    1.67770e+03   -4.25251e+05
    Kinetic En.   Total Energy  Conserved En.    Temperature Pressure (bar)
    1.03677e+05   -3.21574e+05   -2.97340e+05    2.99908e+02    1.43536e+02
   Constr. rmsd
    0.00000e+00

           Step           Time
        1485000     1485.00000

   Energies (kJ/mol)
        G96Bond       G96Angle    Proper Dih.  Improper Dih.          LJ-14
    1.11567e+04    2.29314e+04    5.29460e+03    1.50800e+03    1.40519e+04
     Coulomb-14        LJ (SR)   Coulomb (SR)   Coul. recip.      Potential
   -6.20738e+04    3.89307e+04   -4.58588e+05    1.71080e+03   -4.25077e+05
    Kinetic En.   Total Energy  Conserved En.    Temperature Pressure (bar)
    1.03343e+05   -3.21734e+05   -2.97079e+05    2.98943e+02   -3.39108e+02
   Constr. rmsd
    0.00000e+00

           Step           Time
        1490000     1490.00000

   Energies (kJ/mol)
        G96Bond       G96Angle    Proper Dih.  Improper Dih.          LJ-14
    1.07816e+04    2.30323e+04    5.20218e+03    1.50116e+03    1.40783e+04
     Coulomb-14        LJ (SR)   Coulomb (SR)   Coul. recip.      Potential
   -6.21790e+04    4.01590e+04   -4.61137e+05    1.60157e+03   -4.26960e+05
    Kinetic En.   Total Energy  Conserved En.    Temperature Pressure (bar)
    1.04027e+05   -3.22933e+05   -2.96856e+05    3.00922e+02   -2.54205e+02
   Constr. rmsd
    0.00000e+00

           Step           Time
        1495000     1495.00000

   Energies (kJ/mol)
        G96Bond       G96Angle    Proper Dih.  Improper Dih.          LJ-14
    1.09234e+04    2.32298e+04    5.25555e+03    1.53435e+03    1.43117e+04
     Coulomb-14        LJ (SR)   Coulomb (SR)   Coul. recip.      Potential
   -6.23504e+04    3.98576e+04   -4.59342e+05    1.58351e+03   -4.24997e+05
    Kinetic En.   Total Energy  Conserved En.    Temperature Pressure (bar)
    1.03626e+05   -3.21371e+05   -2.96805e+05    2.99762e+02   -4.62038e+01
   Constr. rmsd
    0.00000e+00

           Step           Time
        1500000     1500.00000

   Energies (kJ/mol)
        G96Bond       G96Angle    Proper Dih.  Improper Dih.          LJ-14
    1.05549e+04    2.33897e+04    5.05207e+03    1.51783e+03    1.43767e+04
     Coulomb-14        LJ (SR)   Coulomb (SR)   Coul. recip.      Potential
   -6.21618e+04    3.99752e+04   -4.59756e+05    1.59806e+03   -4.25453e+05
    Kinetic En.   Total Energy  Conserved En.    Temperature Pressure (bar)
    1.04267e+05   -3.21186e+05   -2.96768e+05    3.01616e+02    4.63197e+02
   Constr. rmsd
    0.00000e+00

           Step           Time
        1505000     1505.00000

   Energies (kJ/mol)
        G96Bond       G96Angle    Proper Dih.  Improper Dih.          LJ-14
    1.11275e+04    2.30040e+04    5.10477e+03    1.54858e+03    1.38492e+04
     Coulomb-14        LJ (SR)   Coulomb (SR)   Coul. recip.      Potential
   -6.23054e+04    3.97736e+04   -4.59786e+05    1.59314e+03   -4.26091e+05
    Kinetic En.   Total Energy  Conserved En.    Temperature Pressure (bar)
    1.04112e+05   -3.21979e+05   -2.96674e+05    3.01166e+02   -1.80229e+02
   Constr. rmsd
    0.00000e+00

           Step           Time
        1510000     1510.00000

   Energies (kJ/mol)
        G96Bond       G96Angle    Proper Dih.  Improper Dih.          LJ-14
    1.07722e+04    2.34715e+04    5.23856e+03    1.57943e+03    1.43664e+04
     Coulomb-14        LJ (SR)   Coulomb (SR)   Coul. recip.      Potential
   -6.24508e+04    3.85522e+04   -4.57896e+05    1.65096e+03   -4.24715e+05
    Kinetic En.   Total Energy  Conserved En.    Temperature Pressure (bar)
    1.05410e+05   -3.19306e+05   -2.96444e+05    3.04921e+02    7.28739e+01
   Constr. rmsd
    0.00000e+00

           Step           Time
        1515000     1515.00000

   Energies (kJ/mol)
        G96Bond       G96Angle    Proper Dih.  Improper Dih.          LJ-14
    1.06103e+04    2.32675e+04    4.94644e+03    1.65197e+03    1.41969e+04
     Coulomb-14        LJ (SR)   Coulomb (SR)   Coul. recip.      Potential
   -6.25787e+04    3.98592e+04   -4.60037e+05    1.63022e+03   -4.26453e+05
    Kinetic En.   Total Energy  Conserved En.    Temperature Pressure (bar)
    1.03975e+05   -3.22478e+05   -2.96286e+05    3.00771e+02    1.55077e+02
   Constr. rmsd
    0.00000e+00

           Step           Time
        1520000     1520.00000

   Energies (kJ/mol)
        G96Bond       G96Angle    Proper Dih.  Improper Dih.          LJ-14
    1.07429e+04    2.32941e+04    5.06530e+03    1.60141e+03    1.41343e+04
     Coulomb-14        LJ (SR)   Coulomb (SR)   Coul. recip.      Potential
   -6.22865e+04    3.97793e+04   -4.60336e+05    1.59307e+03   -4.26412e+05
    Kinetic En.   Total Energy  Conserved En.    Temperature Pressure (bar)
    1.04242e+05   -3.22170e+05   -2.96187e+05    3.01543e+02   -2.31006e+02
   Constr. rmsd
    0.00000e+00

           Step           Time
        1525000     1525.00000

   Energies (kJ/mol)
        G96Bond       G96Angle    Proper Dih.  Improper Dih.          LJ-14
    1.06856e+04    2.31473e+04    5.10486e+03    1.65174e+03    1.42495e+04
     Coulomb-14        LJ (SR)   Coulomb (SR)   Coul. recip.      Potential
   -6.22380e+04    3.98525e+04   -4.60384e+05    1.59124e+03   -4.26340e+05
    Kinetic En.   Total Energy  Conserved En.    Temperature Pressure (bar)
    1.03201e+05   -3.23139e+05   -2.96115e+05    2.98531e+02    3.06803e+02
   Constr. rmsd
    0.00000e+00

           Step           Time
        1530000     1530.00000

   Energies (kJ/mol)
        G96Bond       G96Angle    Proper Dih.  Improper Dih.          LJ-14
    1.12255e+04    2.32254e+04    4.99981e+03    1.56357e+03    1.42123e+04
     Coulomb-14        LJ (SR)   Coulomb (SR)   Coul. recip.      Potential
   -6.22658e+04    3.93737e+04   -4.59999e+05    1.56907e+03   -4.26096e+05
    Kinetic En.   Total Energy  Conserved En.    Temperature Pressure (bar)
    1.03290e+05   -3.22806e+05   -2.95922e+05    2.98789e+02   -3.70910e+02
   Constr. rmsd
    0.00000e+00

           Step           Time
        1535000     1535.00000

   Energies (kJ/mol)
        G96Bond       G96Angle    Proper Dih.  Improper Dih.          LJ-14
    1.09842e+04    2.33025e+04    5.17411e+03    1.59247e+03    1.43013e+04
     Coulomb-14        LJ (SR)   Coulomb (SR)   Coul. recip.      Potential
   -6.20720e+04    3.91064e+04   -4.60042e+05    1.67362e+03   -4.25980e+05
    Kinetic En.   Total Energy  Conserved En.    Temperature Pressure (bar)
    1.04293e+05   -3.21687e+05   -2.95971e+05    3.01691e+02    1.44809e+02
   Constr. rmsd
    0.00000e+00

           Step           Time
        1540000     1540.00000

   Energies (kJ/mol)
        G96Bond       G96Angle    Proper Dih.  Improper Dih.          LJ-14
    1.09556e+04    2.35193e+04    5.14889e+03    1.59067e+03    1.38746e+04
     Coulomb-14        LJ (SR)   Coulomb (SR)   Coul. recip.      Potential
   -6.19872e+04    4.02442e+04   -4.60986e+05    1.60494e+03   -4.26035e+05
    Kinetic En.   Total Energy  Conserved En.    Temperature Pressure (bar)
    1.03605e+05   -3.22429e+05   -2.95894e+05    2.99702e+02   -3.85247e+01
   Constr. rmsd
    0.00000e+00

           Step           Time
        1545000     1545.00000

   Energies (kJ/mol)
        G96Bond       G96Angle    Proper Dih.  Improper Dih.          LJ-14
    1.07894e+04    2.30748e+04    5.12973e+03    1.47239e+03    1.42471e+04
     Coulomb-14        LJ (SR)   Coulomb (SR)   Coul. recip.      Potential
   -6.21135e+04    3.88054e+04   -4.59097e+05    1.66292e+03   -4.26029e+05
    Kinetic En.   Total Energy  Conserved En.    Temperature Pressure (bar)
    1.03350e+05   -3.22679e+05   -2.95685e+05    2.98963e+02   -8.69517e+01
   Constr. rmsd
    0.00000e+00

           Step           Time
        1550000     1550.00000

   Energies (kJ/mol)
        G96Bond       G96Angle    Proper Dih.  Improper Dih.          LJ-14
    1.10345e+04    2.28063e+04    5.13795e+03    1.54107e+03    1.40024e+04
     Coulomb-14        LJ (SR)   Coulomb (SR)   Coul. recip.      Potential
   -6.21415e+04    3.96227e+04   -4.60332e+05    1.65927e+03   -4.26669e+05
    Kinetic En.   Total Energy  Conserved En.    Temperature Pressure (bar)
    1.02795e+05   -3.23874e+05   -2.95715e+05    2.97358e+02   -2.09130e+02
   Constr. rmsd
    0.00000e+00

           Step           Time
        1555000     1555.00000

   Energies (kJ/mol)
        G96Bond       G96Angle    Proper Dih.  Improper Dih.          LJ-14
    1.10391e+04    2.33455e+04    5.19549e+03    1.56744e+03    1.40307e+04
     Coulomb-14        LJ (SR)   Coulomb (SR)   Coul. recip.      Potential
   -6.23483e+04    3.88716e+04   -4.57835e+05    1.62065e+03   -4.24513e+05
    Kinetic En.   Total Energy  Conserved En.    Temperature Pressure (bar)
    1.03387e+05   -3.21126e+05   -2.95613e+05    2.99070e+02   -2.58711e+02
   Constr. rmsd
    0.00000e+00

           Step           Time
        1560000     1560.00000

   Energies (kJ/mol)
        G96Bond       G96Angle    Proper Dih.  Improper Dih.          LJ-14
    1.10762e+04    2.32004e+04    5.22996e+03    1.54183e+03    1.39944e+04
     Coulomb-14        LJ (SR)   Coulomb (SR)   Coul. recip.      Potential
   -6.23587e+04    4.06180e+04   -4.60442e+05    1.66456e+03   -4.25475e+05
    Kinetic En.   Total Energy  Conserved En.    Temperature Pressure (bar)
    1.03872e+05   -3.21604e+05   -2.95428e+05    3.00472e+02    4.96815e+01
   Constr. rmsd
    0.00000e+00

           Step           Time
        1565000     1565.00000

   Energies (kJ/mol)
        G96Bond       G96Angle    Proper Dih.  Improper Dih.          LJ-14
    1.09065e+04    2.26977e+04    5.13985e+03    1.56680e+03    1.43322e+04
     Coulomb-14        LJ (SR)   Coulomb (SR)   Coul. recip.      Potential
   -6.25639e+04    4.02037e+04   -4.60838e+05    1.64610e+03   -4.26909e+05
    Kinetic En.   Total Energy  Conserved En.    Temperature Pressure (bar)
    1.03469e+05   -3.23440e+05   -2.95432e+05    2.99308e+02    1.38410e+02
   Constr. rmsd
    0.00000e+00

           Step           Time
        1570000     1570.00000

   Energies (kJ/mol)
        G96Bond       G96Angle    Proper Dih.  Improper Dih.          LJ-14
    1.05689e+04    2.26578e+04    5.14803e+03    1.61872e+03    1.45498e+04
     Coulomb-14        LJ (SR)   Coulomb (SR)   Coul. recip.      Potential
   -6.27167e+04    3.98788e+04   -4.59522e+05    1.64586e+03   -4.26170e+05
    Kinetic En.   Total Energy  Conserved En.    Temperature Pressure (bar)
    1.03055e+05   -3.23116e+05   -2.95516e+05    2.98109e+02    3.00427e+02
   Constr. rmsd
    0.00000e+00

           Step           Time
        1575000     1575.00000

   Energies (kJ/mol)
        G96Bond       G96Angle    Proper Dih.  Improper Dih.          LJ-14
    1.08250e+04    2.31887e+04    5.16522e+03    1.58047e+03    1.40469e+04
     Coulomb-14        LJ (SR)   Coulomb (SR)   Coul. recip.      Potential
   -6.22591e+04    3.99663e+04   -4.60391e+05    1.68807e+03   -4.26190e+05
    Kinetic En.   Total Energy  Conserved En.    Temperature Pressure (bar)
    1.03710e+05   -3.22480e+05   -2.95317e+05    3.00004e+02   -5.22523e+00
   Constr. rmsd
    0.00000e+00

           Step           Time
        1580000     1580.00000

   Energies (kJ/mol)
        G96Bond       G96Angle    Proper Dih.  Improper Dih.          LJ-14
    1.09666e+04    2.34207e+04    5.09900e+03    1.54445e+03    1.45068e+04
     Coulomb-14        LJ (SR)   Coulomb (SR)   Coul. recip.      Potential
   -6.28356e+04    3.95008e+04   -4.59151e+05    1.68393e+03   -4.25265e+05
    Kinetic En.   Total Energy  Conserved En.    Temperature Pressure (bar)
    1.03966e+05   -3.21299e+05   -2.95092e+05    3.00745e+02   -5.59569e+01
   Constr. rmsd
    0.00000e+00

           Step           Time
        1585000     1585.00000

   Energies (kJ/mol)
        G96Bond       G96Angle    Proper Dih.  Improper Dih.          LJ-14
    1.10183e+04    2.32285e+04    5.13438e+03    1.58483e+03    1.38890e+04
     Coulomb-14        LJ (SR)   Coulomb (SR)   Coul. recip.      Potential
   -6.22273e+04    4.01860e+04   -4.60402e+05    1.60197e+03   -4.25987e+05
    Kinetic En.   Total Energy  Conserved En.    Temperature Pressure (bar)
    1.04460e+05   -3.21527e+05   -2.95167e+05    3.02174e+02    6.45201e+01
   Constr. rmsd
    0.00000e+00

           Step           Time
        1590000     1590.00000

   Energies (kJ/mol)
        G96Bond       G96Angle    Proper Dih.  Improper Dih.          LJ-14
    1.09578e+04    2.24333e+04    5.07211e+03    1.52757e+03    1.41701e+04
     Coulomb-14        LJ (SR)   Coulomb (SR)   Coul. recip.      Potential
   -6.24835e+04    4.01525e+04   -4.59864e+05    1.61836e+03   -4.26415e+05
    Kinetic En.   Total Energy  Conserved En.    Temperature Pressure (bar)
    1.03311e+05   -3.23105e+05   -2.95075e+05    2.98850e+02   -2.93887e+01
   Constr. rmsd
    0.00000e+00

           Step           Time
        1595000     1595.00000

   Energies (kJ/mol)
        G96Bond       G96Angle    Proper Dih.  Improper Dih.          LJ-14
    1.10760e+04    2.30620e+04    5.12970e+03    1.50666e+03    1.41574e+04
     Coulomb-14        LJ (SR)   Coulomb (SR)   Coul. recip.      Potential
   -6.24561e+04    4.04492e+04   -4.60633e+05    1.65226e+03   -4.26056e+05
    Kinetic En.   Total Energy  Conserved En.    Temperature Pressure (bar)
    1.03598e+05   -3.22458e+05   -2.94898e+05    2.99681e+02    3.09456e+01
   Constr. rmsd
    0.00000e+00

           Step           Time
        1600000     1600.00000

   Energies (kJ/mol)
        G96Bond       G96Angle    Proper Dih.  Improper Dih.          LJ-14
    1.09797e+04    2.30670e+04    5.15985e+03    1.59937e+03    1.42838e+04
     Coulomb-14        LJ (SR)   Coulomb (SR)   Coul. recip.      Potential
   -6.22661e+04    4.00449e+04   -4.59712e+05    1.62534e+03   -4.25218e+05
    Kinetic En.   Total Energy  Conserved En.    Temperature Pressure (bar)
    1.04142e+05   -3.21076e+05   -2.94685e+05    3.01255e+02    3.98164e+01
   Constr. rmsd
    0.00000e+00

           Step           Time
        1605000     1605.00000

   Energies (kJ/mol)
        G96Bond       G96Angle    Proper Dih.  Improper Dih.          LJ-14
    1.07125e+04    2.32177e+04    5.20094e+03    1.55849e+03    1.40376e+04
     Coulomb-14        LJ (SR)   Coulomb (SR)   Coul. recip.      Potential
   -6.22799e+04    3.89463e+04   -4.58586e+05    1.61686e+03   -4.25576e+05
    Kinetic En.   Total Energy  Conserved En.    Temperature Pressure (bar)
    1.03300e+05   -3.22276e+05   -2.94532e+05    2.98819e+02   -1.16804e+02
   Constr. rmsd
    0.00000e+00

           Step           Time
        1610000     1610.00000

   Energies (kJ/mol)
        G96Bond       G96Angle    Proper Dih.  Improper Dih.          LJ-14
    1.04730e+04    2.31751e+04    5.18867e+03    1.58820e+03    1.43773e+04
     Coulomb-14        LJ (SR)   Coulomb (SR)   Coul. recip.      Potential
   -6.24983e+04    3.99852e+04   -4.59716e+05    1.64435e+03   -4.25783e+05
    Kinetic En.   Total Energy  Conserved En.    Temperature Pressure (bar)
    1.04191e+05   -3.21592e+05   -2.94464e+05    3.01395e+02    4.13092e+02
   Constr. rmsd
    0.00000e+00

           Step           Time
        1615000     1615.00000

   Energies (kJ/mol)
        G96Bond       G96Angle    Proper Dih.  Improper Dih.          LJ-14
    1.08860e+04    2.28318e+04    5.22680e+03    1.50367e+03    1.39774e+04
     Coulomb-14        LJ (SR)   Coulomb (SR)   Coul. recip.      Potential
   -6.23786e+04    3.95491e+04   -4.59651e+05    1.66217e+03   -4.26393e+05
    Kinetic En.   Total Energy  Conserved En.    Temperature Pressure (bar)
    1.03695e+05   -3.22698e+05   -2.94311e+05    2.99962e+02    1.86399e+01
   Constr. rmsd
    0.00000e+00

           Step           Time
        1620000     1620.00000

   Energies (kJ/mol)
        G96Bond       G96Angle    Proper Dih.  Improper Dih.          LJ-14
    1.08456e+04    2.26798e+04    5.22119e+03    1.52502e+03    1.42870e+04
     Coulomb-14        LJ (SR)   Coulomb (SR)   Coul. recip.      Potential
   -6.22367e+04    4.00727e+04   -4.60142e+05    1.61438e+03   -4.26133e+05
    Kinetic En.   Total Energy  Conserved En.    Temperature Pressure (bar)
    1.03834e+05   -3.22300e+05   -2.94311e+05    3.00363e+02    6.33807e+01
   Constr. rmsd
    0.00000e+00

           Step           Time
        1625000     1625.00000

   Energies (kJ/mol)
        G96Bond       G96Angle    Proper Dih.  Improper Dih.          LJ-14
    1.08337e+04    2.30082e+04    5.10834e+03    1.47432e+03    1.42237e+04
     Coulomb-14        LJ (SR)   Coulomb (SR)   Coul. recip.      Potential
   -6.23909e+04    3.91758e+04   -4.58936e+05    1.57496e+03   -4.25928e+05
    Kinetic En.   Total Energy  Conserved En.    Temperature Pressure (bar)
    1.03741e+05   -3.22187e+05   -2.94122e+05    3.00095e+02    2.24570e+01
   Constr. rmsd
    0.00000e+00

           Step           Time
        1630000     1630.00000

   Energies (kJ/mol)
        G96Bond       G96Angle    Proper Dih.  Improper Dih.          LJ-14
    1.07129e+04    2.29001e+04    5.16991e+03    1.52554e+03    1.43523e+04
     Coulomb-14        LJ (SR)   Coulomb (SR)   Coul. recip.      Potential
   -6.23784e+04    4.04091e+04   -4.60296e+05    1.56638e+03   -4.26038e+05
    Kinetic En.   Total Energy  Conserved En.    Temperature Pressure (bar)
    1.03557e+05   -3.22481e+05   -2.94173e+05    2.99563e+02    7.18640e+01
   Constr. rmsd
    0.00000e+00

           Step           Time
        1635000     1635.00000

   Energies (kJ/mol)
        G96Bond       G96Angle    Proper Dih.  Improper Dih.          LJ-14
    1.08482e+04    2.27618e+04    5.11792e+03    1.56568e+03    1.42751e+04
     Coulomb-14        LJ (SR)   Coulomb (SR)   Coul. recip.      Potential
   -6.23916e+04    3.96782e+04   -4.60170e+05    1.54918e+03   -4.26766e+05
    Kinetic En.   Total Energy  Conserved En.    Temperature Pressure (bar)
    1.03840e+05   -3.22926e+05   -2.94308e+05    3.00381e+02   -1.64459e+02
   Constr. rmsd
    0.00000e+00

           Step           Time
        1640000     1640.00000

   Energies (kJ/mol)
        G96Bond       G96Angle    Proper Dih.  Improper Dih.          LJ-14
    1.09597e+04    2.24436e+04    5.12706e+03    1.50612e+03    1.42737e+04
     Coulomb-14        LJ (SR)   Coulomb (SR)   Coul. recip.      Potential
   -6.23140e+04    4.01067e+04   -4.60496e+05    1.59349e+03   -4.26799e+05
    Kinetic En.   Total Energy  Conserved En.    Temperature Pressure (bar)
    1.02864e+05   -3.23935e+05   -2.94209e+05    2.97557e+02    2.91740e+02
   Constr. rmsd
    0.00000e+00

           Step           Time
        1645000     1645.00000

   Energies (kJ/mol)
        G96Bond       G96Angle    Proper Dih.  Improper Dih.          LJ-14
    1.07462e+04    2.32055e+04    5.10425e+03    1.54697e+03    1.43841e+04
     Coulomb-14        LJ (SR)   Coulomb (SR)   Coul. recip.      Potential
   -6.24169e+04    3.99438e+04   -4.61068e+05    1.61220e+03   -4.26942e+05
    Kinetic En.   Total Energy  Conserved En.    Temperature Pressure (bar)
    1.03892e+05   -3.23050e+05   -2.94222e+05    3.00531e+02    2.18932e+02
   Constr. rmsd
    0.00000e+00

           Step           Time
        1650000     1650.00000

   Energies (kJ/mol)
        G96Bond       G96Angle    Proper Dih.  Improper Dih.          LJ-14
    1.06726e+04    2.26319e+04    5.05995e+03    1.51445e+03    1.40255e+04
     Coulomb-14        LJ (SR)   Coulomb (SR)   Coul. recip.      Potential
   -6.22442e+04    3.98933e+04   -4.60002e+05    1.56431e+03   -4.26884e+05
    Kinetic En.   Total Energy  Conserved En.    Temperature Pressure (bar)
    1.02805e+05   -3.24079e+05   -2.94213e+05    2.97388e+02   -1.05695e+02
   Constr. rmsd
    0.00000e+00

           Step           Time
        1655000     1655.00000

   Energies (kJ/mol)
        G96Bond       G96Angle    Proper Dih.  Improper Dih.          LJ-14
    1.10762e+04    2.31765e+04    5.25212e+03    1.62094e+03    1.40254e+04
     Coulomb-14        LJ (SR)   Coulomb (SR)   Coul. recip.      Potential
   -6.25123e+04    4.13019e+04   -4.61645e+05    1.53422e+03   -4.26170e+05
    Kinetic En.   Total Energy  Conserved En.    Temperature Pressure (bar)
    1.04359e+05   -3.21811e+05   -2.94214e+05    3.01881e+02    3.02299e+02
   Constr. rmsd
    0.00000e+00

           Step           Time
        1660000     1660.00000

   Energies (kJ/mol)
        G96Bond       G96Angle    Proper Dih.  Improper Dih.          LJ-14
    1.08411e+04    2.36130e+04    5.07873e+03    1.57934e+03    1.41040e+04
     Coulomb-14        LJ (SR)   Coulomb (SR)   Coul. recip.      Potential
   -6.23141e+04    3.89269e+04   -4.58112e+05    1.51947e+03   -4.24763e+05
    Kinetic En.   Total Energy  Conserved En.    Temperature Pressure (bar)
    1.04024e+05   -3.20739e+05   -2.93985e+05    3.00914e+02   -2.92176e+02
   Constr. rmsd
    0.00000e+00

           Step           Time
        1665000     1665.00000

   Energies (kJ/mol)
        G96Bond       G96Angle    Proper Dih.  Improper Dih.          LJ-14
    1.09903e+04    2.35696e+04    5.29157e+03    1.60246e+03    1.42628e+04
     Coulomb-14        LJ (SR)   Coulomb (SR)   Coul. recip.      Potential
   -6.25074e+04    3.93764e+04   -4.58780e+05    1.59079e+03   -4.24603e+05
    Kinetic En.   Total Energy  Conserved En.    Temperature Pressure (bar)
    1.03968e+05   -3.20636e+05   -2.93812e+05    3.00750e+02   -1.56197e+02
   Constr. rmsd
    0.00000e+00

           Step           Time
        1670000     1670.00000

   Energies (kJ/mol)
        G96Bond       G96Angle    Proper Dih.  Improper Dih.          LJ-14
    1.08986e+04    2.35139e+04    5.17064e+03    1.55810e+03    1.40705e+04
     Coulomb-14        LJ (SR)   Coulomb (SR)   Coul. recip.      Potential
   -6.22475e+04    3.97983e+04   -4.59015e+05    1.59214e+03   -4.24660e+05
    Kinetic En.   Total Energy  Conserved En.    Temperature Pressure (bar)
    1.03633e+05   -3.21027e+05   -2.93672e+05    2.99782e+02   -1.88885e+01
   Constr. rmsd
    0.00000e+00

           Step           Time
        1675000     1675.00000

   Energies (kJ/mol)
        G96Bond       G96Angle    Proper Dih.  Improper Dih.          LJ-14
    1.08363e+04    2.30441e+04    5.09443e+03    1.51749e+03    1.41983e+04
     Coulomb-14        LJ (SR)   Coulomb (SR)   Coul. recip.      Potential
   -6.26599e+04    4.07756e+04   -4.61034e+05    1.59801e+03   -4.26630e+05
    Kinetic En.   Total Energy  Conserved En.    Temperature Pressure (bar)
    1.04318e+05   -3.22312e+05   -2.93678e+05    3.01764e+02    3.33223e+02
   Constr. rmsd
    0.00000e+00

           Step           Time
        1680000     1680.00000

   Energies (kJ/mol)
        G96Bond       G96Angle    Proper Dih.  Improper Dih.          LJ-14
    1.09739e+04    2.29261e+04    5.19330e+03    1.52952e+03    1.39696e+04
     Coulomb-14        LJ (SR)   Coulomb (SR)   Coul. recip.      Potential
   -6.25495e+04    4.00969e+04   -4.59733e+05    1.60194e+03   -4.25991e+05
    Kinetic En.   Total Energy  Conserved En.    Temperature Pressure (bar)
    1.03965e+05   -3.22027e+05   -2.93610e+05    3.00741e+02    3.35199e+00
   Constr. rmsd
    0.00000e+00

           Step           Time
        1685000     1685.00000

   Energies (kJ/mol)
        G96Bond       G96Angle    Proper Dih.  Improper Dih.          LJ-14
    1.07852e+04    2.28528e+04    5.14653e+03    1.51989e+03    1.40793e+04
     Coulomb-14        LJ (SR)   Coulomb (SR)   Coul. recip.      Potential
   -6.25792e+04    3.95022e+04   -4.60451e+05    1.62507e+03   -4.27519e+05
    Kinetic En.   Total Energy  Conserved En.    Temperature Pressure (bar)
    1.03052e+05   -3.24468e+05   -2.93176e+05    2.98100e+02   -3.10713e+02
   Constr. rmsd
    0.00000e+00

           Step           Time
        1690000     1690.00000

   Energies (kJ/mol)
        G96Bond       G96Angle    Proper Dih.  Improper Dih.          LJ-14
    1.09029e+04    2.27046e+04    5.07706e+03    1.43800e+03    1.41845e+04
     Coulomb-14        LJ (SR)   Coulomb (SR)   Coul. recip.      Potential
   -6.22882e+04    4.01455e+04   -4.60594e+05    1.59539e+03   -4.26834e+05
    Kinetic En.   Total Energy  Conserved En.    Temperature Pressure (bar)
    1.03023e+05   -3.23812e+05   -2.93057e+05    2.98016e+02    2.03238e+01
   Constr. rmsd
    0.00000e+00

           Step           Time
        1695000     1695.00000

   Energies (kJ/mol)
        G96Bond       G96Angle    Proper Dih.  Improper Dih.          LJ-14
    1.10725e+04    2.32303e+04    4.99851e+03    1.51515e+03    1.41029e+04
     Coulomb-14        LJ (SR)   Coulomb (SR)   Coul. recip.      Potential
   -6.25445e+04    3.99441e+04   -4.59589e+05    1.61157e+03   -4.25659e+05
    Kinetic En.   Total Energy  Conserved En.    Temperature Pressure (bar)
    1.04194e+05   -3.21465e+05   -2.93270e+05    3.01405e+02    1.30011e+02
   Constr. rmsd
    0.00000e+00

           Step           Time
        1700000     1700.00000

   Energies (kJ/mol)
        G96Bond       G96Angle    Proper Dih.  Improper Dih.          LJ-14
    1.09794e+04    2.31305e+04    5.11084e+03    1.46310e+03    1.41783e+04
     Coulomb-14        LJ (SR)   Coulomb (SR)   Coul. recip.      Potential
   -6.27598e+04    4.00132e+04   -4.59217e+05    1.56199e+03   -4.25540e+05
    Kinetic En.   Total Energy  Conserved En.    Temperature Pressure (bar)
    1.03439e+05   -3.22100e+05   -2.93286e+05    2.99221e+02   -1.12195e+02
   Constr. rmsd
    0.00000e+00

           Step           Time
        1705000     1705.00000

   Energies (kJ/mol)
        G96Bond       G96Angle    Proper Dih.  Improper Dih.          LJ-14
    1.06844e+04    2.34262e+04    5.07004e+03    1.50055e+03    1.40536e+04
     Coulomb-14        LJ (SR)   Coulomb (SR)   Coul. recip.      Potential
   -6.27058e+04    3.97088e+04   -4.58960e+05    1.60557e+03   -4.25616e+05
    Kinetic En.   Total Energy  Conserved En.    Temperature Pressure (bar)
    1.04060e+05   -3.21557e+05   -2.93094e+05    3.01017e+02    2.18451e+01
   Constr. rmsd
    0.00000e+00

           Step           Time
        1710000     1710.00000

   Energies (kJ/mol)
        G96Bond       G96Angle    Proper Dih.  Improper Dih.          LJ-14
    1.12234e+04    2.30292e+04    4.98816e+03    1.65834e+03    1.41828e+04
     Coulomb-14        LJ (SR)   Coulomb (SR)   Coul. recip.      Potential
   -6.26738e+04    3.96833e+04   -4.58957e+05    1.61282e+03   -4.25252e+05
    Kinetic En.   Total Energy  Conserved En.    Temperature Pressure (bar)
    1.02661e+05   -3.22591e+05   -2.93159e+05    2.96972e+02   -1.30454e+02
   Constr. rmsd
    0.00000e+00

           Step           Time
        1715000     1715.00000

   Energies (kJ/mol)
        G96Bond       G96Angle    Proper Dih.  Improper Dih.          LJ-14
    1.09346e+04    2.29904e+04    5.01279e+03    1.51752e+03    1.43377e+04
     Coulomb-14        LJ (SR)   Coulomb (SR)   Coul. recip.      Potential
   -6.25279e+04    4.01857e+04   -4.59464e+05    1.61783e+03   -4.25395e+05
    Kinetic En.   Total Energy  Conserved En.    Temperature Pressure (bar)
    1.03931e+05   -3.21465e+05   -2.93261e+05    3.00644e+02   -3.20971e+01
   Constr. rmsd
    0.00000e+00

           Step           Time
        1720000     1720.00000

   Energies (kJ/mol)
        G96Bond       G96Angle    Proper Dih.  Improper Dih.          LJ-14
    1.09432e+04    2.30105e+04    5.10942e+03    1.57949e+03    1.42703e+04
     Coulomb-14        LJ (SR)   Coulomb (SR)   Coul. recip.      Potential
   -6.26369e+04    3.98332e+04   -4.58663e+05    1.66114e+03   -4.24893e+05
    Kinetic En.   Total Energy  Conserved En.    Temperature Pressure (bar)
    1.03489e+05   -3.21404e+05   -2.93160e+05    2.99365e+02    9.70704e+01
   Constr. rmsd
    0.00000e+00

           Step           Time
        1725000     1725.00000

   Energies (kJ/mol)
        G96Bond       G96Angle    Proper Dih.  Improper Dih.          LJ-14
    1.07482e+04    2.28999e+04    5.15841e+03    1.60906e+03    1.43806e+04
     Coulomb-14        LJ (SR)   Coulomb (SR)   Coul. recip.      Potential
   -6.27346e+04    3.96400e+04   -4.58674e+05    1.57580e+03   -4.25396e+05
    Kinetic En.   Total Energy  Conserved En.    Temperature Pressure (bar)
    1.03703e+05   -3.21693e+05   -2.93031e+05    2.99985e+02   -1.34120e+02
   Constr. rmsd
    0.00000e+00

           Step           Time
        1730000     1730.00000

   Energies (kJ/mol)
        G96Bond       G96Angle    Proper Dih.  Improper Dih.          LJ-14
    1.07392e+04    2.34328e+04    5.13404e+03    1.62866e+03    1.41446e+04
     Coulomb-14        LJ (SR)   Coulomb (SR)   Coul. recip.      Potential
   -6.25465e+04    3.96516e+04   -4.58128e+05    1.57703e+03   -4.24367e+05
    Kinetic En.   Total Energy  Conserved En.    Temperature Pressure (bar)
    1.04146e+05   -3.20220e+05   -2.92844e+05    3.01267e+02   -2.48184e+01
   Constr. rmsd
    0.00000e+00

           Step           Time
        1735000     1735.00000

   Energies (kJ/mol)
        G96Bond       G96Angle    Proper Dih.  Improper Dih.          LJ-14
    1.08155e+04    2.31208e+04    5.11065e+03    1.53243e+03    1.39486e+04
     Coulomb-14        LJ (SR)   Coulomb (SR)   Coul. recip.      Potential
   -6.25359e+04    3.98723e+04   -4.59029e+05    1.58896e+03   -4.25576e+05
    Kinetic En.   Total Energy  Conserved En.    Temperature Pressure (bar)
    1.04359e+05   -3.21217e+05   -2.92508e+05    3.01882e+02   -1.90939e+02
   Constr. rmsd
    0.00000e+00

           Step           Time
        1740000     1740.00000

   Energies (kJ/mol)
        G96Bond       G96Angle    Proper Dih.  Improper Dih.          LJ-14
    1.09756e+04    2.32167e+04    5.13821e+03    1.50988e+03    1.40133e+04
     Coulomb-14        LJ (SR)   Coulomb (SR)   Coul. recip.      Potential
   -6.25288e+04    3.95182e+04   -4.59599e+05    1.65949e+03   -4.26097e+05
    Kinetic En.   Total Energy  Conserved En.    Temperature Pressure (bar)
    1.03307e+05   -3.22790e+05   -2.92444e+05    2.98838e+02    3.62366e+01
   Constr. rmsd
    0.00000e+00

           Step           Time
        1745000     1745.00000

   Energies (kJ/mol)
        G96Bond       G96Angle    Proper Dih.  Improper Dih.          LJ-14
    1.11382e+04    2.33074e+04    5.17568e+03    1.58472e+03    1.37938e+04
     Coulomb-14        LJ (SR)   Coulomb (SR)   Coul. recip.      Potential
   -6.24884e+04    4.03631e+04   -4.60578e+05    1.57339e+03   -4.26130e+05
    Kinetic En.   Total Energy  Conserved En.    Temperature Pressure (bar)
    1.03160e+05   -3.22970e+05   -2.92402e+05    2.98414e+02   -2.24311e+02
   Constr. rmsd
    0.00000e+00

           Step           Time
        1750000     1750.00000

   Energies (kJ/mol)
        G96Bond       G96Angle    Proper Dih.  Improper Dih.          LJ-14
    1.08626e+04    2.28612e+04    5.16272e+03    1.52698e+03    1.41179e+04
     Coulomb-14        LJ (SR)   Coulomb (SR)   Coul. recip.      Potential
   -6.25932e+04    4.04754e+04   -4.61351e+05    1.55981e+03   -4.27378e+05
    Kinetic En.   Total Energy  Conserved En.    Temperature Pressure (bar)
    1.03612e+05   -3.23765e+05   -2.92414e+05    2.99722e+02    6.15979e+01
   Constr. rmsd
    0.00000e+00

           Step           Time
        1755000     1755.00000

   Energies (kJ/mol)
        G96Bond       G96Angle    Proper Dih.  Improper Dih.          LJ-14
    1.08278e+04    2.29398e+04    4.90116e+03    1.60602e+03    1.39785e+04
     Coulomb-14        LJ (SR)   Coulomb (SR)   Coul. recip.      Potential
   -6.25397e+04    4.04639e+04   -4.59632e+05    1.65683e+03   -4.25798e+05
    Kinetic En.   Total Energy  Conserved En.    Temperature Pressure (bar)
    1.03300e+05   -3.22498e+05   -2.92207e+05    2.98817e+02    8.80106e+01
   Constr. rmsd
    0.00000e+00

           Step           Time
        1760000     1760.00000

   Energies (kJ/mol)
        G96Bond       G96Angle    Proper Dih.  Improper Dih.          LJ-14
    1.09061e+04    2.32202e+04    5.23963e+03    1.62284e+03    1.39881e+04
     Coulomb-14        LJ (SR)   Coulomb (SR)   Coul. recip.      Potential
   -6.21960e+04    4.14752e+04   -4.61618e+05    1.63091e+03   -4.25731e+05
    Kinetic En.   Total Energy  Conserved En.    Temperature Pressure (bar)
    1.03857e+05   -3.21874e+05   -2.92130e+05    3.00429e+02    2.07784e+01
   Constr. rmsd
    0.00000e+00

           Step           Time
        1765000     1765.00000

   Energies (kJ/mol)
        G96Bond       G96Angle    Proper Dih.  Improper Dih.          LJ-14
    1.08299e+04    2.28053e+04    5.18381e+03    1.46601e+03    1.44488e+04
     Coulomb-14        LJ (SR)   Coulomb (SR)   Coul. recip.      Potential
   -6.24189e+04    3.97808e+04   -4.59712e+05    1.56337e+03   -4.26053e+05
    Kinetic En.   Total Energy  Conserved En.    Temperature Pressure (bar)
    1.03251e+05   -3.22802e+05   -2.92048e+05    2.98677e+02    7.01766e+01
   Constr. rmsd
    0.00000e+00

           Step           Time
        1770000     1770.00000

   Energies (kJ/mol)
        G96Bond       G96Angle    Proper Dih.  Improper Dih.          LJ-14
    1.09967e+04    2.33234e+04    5.15087e+03    1.62567e+03    1.41688e+04
     Coulomb-14        LJ (SR)   Coulomb (SR)   Coul. recip.      Potential
   -6.24950e+04    3.99631e+04   -4.59548e+05    1.65255e+03   -4.25162e+05
    Kinetic En.   Total Energy  Conserved En.    Temperature Pressure (bar)
    1.04169e+05   -3.20992e+05   -2.91896e+05    3.01333e+02   -1.64990e+01
   Constr. rmsd
    0.00000e+00

           Step           Time
        1775000     1775.00000

   Energies (kJ/mol)
        G96Bond       G96Angle    Proper Dih.  Improper Dih.          LJ-14
    1.09100e+04    2.30387e+04    4.93024e+03    1.54030e+03    1.40244e+04
     Coulomb-14        LJ (SR)   Coulomb (SR)   Coul. recip.      Potential
   -6.25370e+04    3.91089e+04   -4.58063e+05    1.59243e+03   -4.25455e+05
    Kinetic En.   Total Energy  Conserved En.    Temperature Pressure (bar)
    1.03275e+05   -3.22180e+05   -2.91770e+05    2.98746e+02   -4.15811e+01
   Constr. rmsd
    0.00000e+00

           Step           Time
        1780000     1780.00000

   Energies (kJ/mol)
        G96Bond       G96Angle    Proper Dih.  Improper Dih.          LJ-14
    1.07563e+04    2.33242e+04    5.12366e+03    1.62497e+03    1.39928e+04
     Coulomb-14        LJ (SR)   Coulomb (SR)   Coul. recip.      Potential
   -6.26107e+04    3.92410e+04   -4.59625e+05    1.54721e+03   -4.26626e+05
    Kinetic En.   Total Energy  Conserved En.    Temperature Pressure (bar)
    1.03121e+05   -3.23505e+05   -2.91656e+05    2.98302e+02   -1.83348e+02
   Constr. rmsd
    0.00000e+00

           Step           Time
        1785000     1785.00000

   Energies (kJ/mol)
        G96Bond       G96Angle    Proper Dih.  Improper Dih.          LJ-14
    1.07303e+04    2.37001e+04    5.14921e+03    1.60336e+03    1.38748e+04
     Coulomb-14        LJ (SR)   Coulomb (SR)   Coul. recip.      Potential
   -6.25480e+04    4.11091e+04   -4.60681e+05    1.60745e+03   -4.25455e+05
    Kinetic En.   Total Energy  Conserved En.    Temperature Pressure (bar)
    1.02831e+05   -3.22624e+05   -2.91506e+05    2.97462e+02    1.45683e+02
   Constr. rmsd
    0.00000e+00

           Step           Time
        1790000     1790.00000

   Energies (kJ/mol)
        G96Bond       G96Angle    Proper Dih.  Improper Dih.          LJ-14
    1.07425e+04    2.31859e+04    5.21145e+03    1.62087e+03    1.42482e+04
     Coulomb-14        LJ (SR)   Coulomb (SR)   Coul. recip.      Potential
   -6.25135e+04    3.88243e+04   -4.58639e+05    1.59949e+03   -4.25719e+05
    Kinetic En.   Total Energy  Conserved En.    Temperature Pressure (bar)
    1.03887e+05   -3.21832e+05   -2.91625e+05    3.00517e+02   -2.97652e+02
   Constr. rmsd
    0.00000e+00

           Step           Time
        1795000     1795.00000

   Energies (kJ/mol)
        G96Bond       G96Angle    Proper Dih.  Improper Dih.          LJ-14
    1.09154e+04    2.32142e+04    5.19630e+03    1.53464e+03    1.41752e+04
     Coulomb-14        LJ (SR)   Coulomb (SR)   Coul. recip.      Potential
   -6.28714e+04    4.02212e+04   -4.59889e+05    1.58801e+03   -4.25915e+05
    Kinetic En.   Total Energy  Conserved En.    Temperature Pressure (bar)
    1.03603e+05   -3.22312e+05   -2.91415e+05    2.99695e+02    9.17375e+01
   Constr. rmsd
    0.00000e+00

           Step           Time
        1800000     1800.00000

   Energies (kJ/mol)
        G96Bond       G96Angle    Proper Dih.  Improper Dih.          LJ-14
    1.09135e+04    2.26015e+04    5.23363e+03    1.56300e+03    1.42389e+04
     Coulomb-14        LJ (SR)   Coulomb (SR)   Coul. recip.      Potential
   -6.28339e+04    3.99855e+04   -4.59785e+05    1.58955e+03   -4.26493e+05
    Kinetic En.   Total Energy  Conserved En.    Temperature Pressure (bar)
    1.03481e+05   -3.23013e+05   -2.91348e+05    2.99341e+02   -1.51059e+02
   Constr. rmsd
    0.00000e+00

           Step           Time
        1805000     1805.00000

   Energies (kJ/mol)
        G96Bond       G96Angle    Proper Dih.  Improper Dih.          LJ-14
    1.08509e+04    2.33948e+04    5.10829e+03    1.55193e+03    1.41009e+04
     Coulomb-14        LJ (SR)   Coulomb (SR)   Coul. recip.      Potential
   -6.25011e+04    3.91746e+04   -4.59493e+05    1.64636e+03   -4.26167e+05
    Kinetic En.   Total Energy  Conserved En.    Temperature Pressure (bar)
    1.02536e+05   -3.23630e+05   -2.91025e+05    2.96610e+02   -1.11732e+02
   Constr. rmsd
    0.00000e+00

           Step           Time
        1810000     1810.00000

   Energies (kJ/mol)
        G96Bond       G96Angle    Proper Dih.  Improper Dih.          LJ-14
    1.09119e+04    2.33566e+04    5.15878e+03    1.52914e+03    1.40922e+04
     Coulomb-14        LJ (SR)   Coulomb (SR)   Coul. recip.      Potential
   -6.27163e+04    4.03145e+04   -4.61143e+05    1.55195e+03   -4.26944e+05
    Kinetic En.   Total Energy  Conserved En.    Temperature Pressure (bar)
    1.03522e+05   -3.23422e+05   -2.90837e+05    2.99462e+02   -8.60747e+01
   Constr. rmsd
    0.00000e+00

           Step           Time
        1815000     1815.00000

   Energies (kJ/mol)
        G96Bond       G96Angle    Proper Dih.  Improper Dih.          LJ-14
    1.08718e+04    2.28255e+04    5.17339e+03    1.58167e+03    1.44031e+04
     Coulomb-14        LJ (SR)   Coulomb (SR)   Coul. recip.      Potential
   -6.25728e+04    4.00489e+04   -4.59876e+05    1.58341e+03   -4.25961e+05
    Kinetic En.   Total Energy  Conserved En.    Temperature Pressure (bar)
    1.03089e+05   -3.22872e+05   -2.90903e+05    2.98208e+02    1.01726e+02
   Constr. rmsd
    0.00000e+00

           Step           Time
        1820000     1820.00000

   Energies (kJ/mol)
        G96Bond       G96Angle    Proper Dih.  Improper Dih.          LJ-14
    1.09427e+04    2.30831e+04    5.15818e+03    1.58421e+03    1.39373e+04
     Coulomb-14        LJ (SR)   Coulomb (SR)   Coul. recip.      Potential
   -6.25467e+04    4.00093e+04   -4.60533e+05    1.59949e+03   -4.26765e+05
    Kinetic En.   Total Energy  Conserved En.    Temperature Pressure (bar)
    1.03637e+05   -3.23129e+05   -2.90980e+05    2.99793e+02   -2.21894e+02
   Constr. rmsd
    0.00000e+00

           Step           Time
        1825000     1825.00000

   Energies (kJ/mol)
        G96Bond       G96Angle    Proper Dih.  Improper Dih.          LJ-14
    1.08417e+04    2.31148e+04    5.10148e+03    1.53626e+03    1.41485e+04
     Coulomb-14        LJ (SR)   Coulomb (SR)   Coul. recip.      Potential
   -6.22489e+04    4.06659e+04   -4.61621e+05    1.66566e+03   -4.26795e+05
    Kinetic En.   Total Energy  Conserved En.    Temperature Pressure (bar)
    1.04130e+05   -3.22666e+05   -2.90781e+05    3.01219e+02    8.08191e+01
   Constr. rmsd
    0.00000e+00

           Step           Time
        1830000     1830.00000

   Energies (kJ/mol)
        G96Bond       G96Angle    Proper Dih.  Improper Dih.          LJ-14
    1.08004e+04    2.31677e+04    5.11356e+03    1.50570e+03    1.41154e+04
     Coulomb-14        LJ (SR)   Coulomb (SR)   Coul. recip.      Potential
   -6.27421e+04    3.96475e+04   -4.59685e+05    1.61110e+03   -4.26465e+05
    Kinetic En.   Total Energy  Conserved En.    Temperature Pressure (bar)
    1.04191e+05   -3.22274e+05   -2.90604e+05    3.01397e+02    1.56057e+02
   Constr. rmsd
    0.00000e+00

           Step           Time
        1835000     1835.00000

   Energies (kJ/mol)
        G96Bond       G96Angle    Proper Dih.  Improper Dih.          LJ-14
    1.07999e+04    2.32312e+04    5.10334e+03    1.61985e+03    1.40597e+04
     Coulomb-14        LJ (SR)   Coulomb (SR)   Coul. recip.      Potential
   -6.22465e+04    3.98904e+04   -4.60565e+05    1.61535e+03   -4.26492e+05
    Kinetic En.   Total Energy  Conserved En.    Temperature Pressure (bar)
    1.03576e+05   -3.22916e+05   -2.90591e+05    2.99616e+02   -8.24982e+01
   Constr. rmsd
    0.00000e+00

           Step           Time
        1840000     1840.00000

   Energies (kJ/mol)
        G96Bond       G96Angle    Proper Dih.  Improper Dih.          LJ-14
    1.07598e+04    2.32751e+04    5.15990e+03    1.54151e+03    1.43226e+04
     Coulomb-14        LJ (SR)   Coulomb (SR)   Coul. recip.      Potential
   -6.24353e+04    3.98728e+04   -4.60854e+05    1.55251e+03   -4.26806e+05
    Kinetic En.   Total Energy  Conserved En.    Temperature Pressure (bar)
    1.03136e+05   -3.23669e+05   -2.90442e+05    2.98345e+02    2.35709e+00
   Constr. rmsd
    0.00000e+00

           Step           Time
        1845000     1845.00000

   Energies (kJ/mol)
        G96Bond       G96Angle    Proper Dih.  Improper Dih.          LJ-14
    1.06231e+04    2.31912e+04    5.05050e+03    1.54870e+03    1.41745e+04
     Coulomb-14        LJ (SR)   Coulomb (SR)   Coul. recip.      Potential
   -6.21777e+04    3.98127e+04   -4.59728e+05    1.58814e+03   -4.25917e+05
    Kinetic En.   Total Energy  Conserved En.    Temperature Pressure (bar)
    1.04045e+05   -3.21872e+05   -2.90510e+05    3.00974e+02   -7.40526e+01
   Constr. rmsd
    0.00000e+00

           Step           Time
        1850000     1850.00000

   Energies (kJ/mol)
        G96Bond       G96Angle    Proper Dih.  Improper Dih.          LJ-14
    1.10554e+04    2.33526e+04    5.34041e+03    1.54352e+03    1.42650e+04
     Coulomb-14        LJ (SR)   Coulomb (SR)   Coul. recip.      Potential
   -6.27531e+04    4.07493e+04   -4.60640e+05    1.64530e+03   -4.25442e+05
    Kinetic En.   Total Energy  Conserved En.    Temperature Pressure (bar)
    1.03920e+05   -3.21521e+05   -2.90369e+05    3.00613e+02    2.63680e+02
   Constr. rmsd
    0.00000e+00

           Step           Time
        1855000     1855.00000

   Energies (kJ/mol)
        G96Bond       G96Angle    Proper Dih.  Improper Dih.          LJ-14
    1.09469e+04    2.30053e+04    5.09194e+03    1.67003e+03    1.41202e+04
     Coulomb-14        LJ (SR)   Coulomb (SR)   Coul. recip.      Potential
   -6.24130e+04    3.96805e+04   -4.59605e+05    1.58755e+03   -4.25915e+05
    Kinetic En.   Total Energy  Conserved En.    Temperature Pressure (bar)
    1.04182e+05   -3.21733e+05   -2.90398e+05    3.01371e+02    1.14002e+02
   Constr. rmsd
    0.00000e+00

           Step           Time
        1860000     1860.00000

   Energies (kJ/mol)
        G96Bond       G96Angle    Proper Dih.  Improper Dih.          LJ-14
    1.09169e+04    2.31726e+04    5.18427e+03    1.60333e+03    1.41556e+04
     Coulomb-14        LJ (SR)   Coulomb (SR)   Coul. recip.      Potential
   -6.22521e+04    3.99044e+04   -4.58871e+05    1.65678e+03   -4.24529e+05
    Kinetic En.   Total Energy  Conserved En.    Temperature Pressure (bar)
    1.04175e+05   -3.20355e+05   -2.90485e+05    3.01349e+02    1.59169e+02
   Constr. rmsd
    0.00000e+00

           Step           Time
        1865000     1865.00000

   Energies (kJ/mol)
        G96Bond       G96Angle    Proper Dih.  Improper Dih.          LJ-14
    1.08373e+04    2.29543e+04    5.11773e+03    1.51110e+03    1.41987e+04
     Coulomb-14        LJ (SR)   Coulomb (SR)   Coul. recip.      Potential
   -6.25398e+04    4.00290e+04   -4.59829e+05    1.60579e+03   -4.26115e+05
    Kinetic En.   Total Energy  Conserved En.    Temperature Pressure (bar)
    1.03316e+05   -3.22799e+05   -2.90329e+05    2.98865e+02    7.06088e+00
   Constr. rmsd
    0.00000e+00

           Step           Time
        1870000     1870.00000

   Energies (kJ/mol)
        G96Bond       G96Angle    Proper Dih.  Improper Dih.          LJ-14
    1.09639e+04    2.30792e+04    5.16010e+03    1.51302e+03    1.40653e+04
     Coulomb-14        LJ (SR)   Coulomb (SR)   Coul. recip.      Potential
   -6.22342e+04    4.10865e+04   -4.61352e+05    1.59786e+03   -4.26120e+05
    Kinetic En.   Total Energy  Conserved En.    Temperature Pressure (bar)
    1.03977e+05   -3.22143e+05   -2.90144e+05    3.00777e+02    1.23167e+02
   Constr. rmsd
    0.00000e+00

           Step           Time
        1875000     1875.00000

   Energies (kJ/mol)
        G96Bond       G96Angle    Proper Dih.  Improper Dih.          LJ-14
    1.06147e+04    2.33553e+04    5.23990e+03    1.55788e+03    1.40813e+04
     Coulomb-14        LJ (SR)   Coulomb (SR)   Coul. recip.      Potential
   -6.20345e+04    3.92001e+04   -4.59569e+05    1.56206e+03   -4.25993e+05
    Kinetic En.   Total Energy  Conserved En.    Temperature Pressure (bar)
    1.03449e+05   -3.22544e+05   -2.90148e+05    2.99249e+02   -1.20394e+02
   Constr. rmsd
    0.00000e+00

           Step           Time
        1880000     1880.00000

   Energies (kJ/mol)
        G96Bond       G96Angle    Proper Dih.  Improper Dih.          LJ-14
    1.09651e+04    2.34090e+04    5.22555e+03    1.61476e+03    1.41183e+04
     Coulomb-14        LJ (SR)   Coulomb (SR)   Coul. recip.      Potential
   -6.20646e+04    3.96413e+04   -4.60282e+05    1.57895e+03   -4.25794e+05
    Kinetic En.   Total Energy  Conserved En.    Temperature Pressure (bar)
    1.03259e+05   -3.22535e+05   -2.89967e+05    2.98700e+02    7.87187e+01
   Constr. rmsd
    0.00000e+00

           Step           Time
        1885000     1885.00000

   Energies (kJ/mol)
        G96Bond       G96Angle    Proper Dih.  Improper Dih.          LJ-14
    1.09440e+04    2.29718e+04    5.04637e+03    1.50384e+03    1.42765e+04
     Coulomb-14        LJ (SR)   Coulomb (SR)   Coul. recip.      Potential
   -6.20972e+04    4.14783e+04   -4.62114e+05    1.58688e+03   -4.26404e+05
    Kinetic En.   Total Energy  Conserved En.    Temperature Pressure (bar)
    1.03019e+05   -3.23385e+05   -2.89866e+05    2.98005e+02    2.27303e+01
   Constr. rmsd
    0.00000e+00

           Step           Time
        1890000     1890.00000

   Energies (kJ/mol)
        G96Bond       G96Angle    Proper Dih.  Improper Dih.          LJ-14
    1.10094e+04    2.30334e+04    5.16333e+03    1.60748e+03    1.42292e+04
     Coulomb-14        LJ (SR)   Coulomb (SR)   Coul. recip.      Potential
   -6.20265e+04    4.20631e+04   -4.62358e+05    1.62150e+03   -4.25657e+05
    Kinetic En.   Total Energy  Conserved En.    Temperature Pressure (bar)
    1.02746e+05   -3.22911e+05   -2.90067e+05    2.97217e+02    1.03993e+02
   Constr. rmsd
    0.00000e+00

           Step           Time
        1895000     1895.00000

   Energies (kJ/mol)
        G96Bond       G96Angle    Proper Dih.  Improper Dih.          LJ-14
    1.12187e+04    2.31539e+04    5.26341e+03    1.58030e+03    1.40076e+04
     Coulomb-14        LJ (SR)   Coulomb (SR)   Coul. recip.      Potential
   -6.20424e+04    3.85045e+04   -4.59040e+05    1.60792e+03   -4.25746e+05
    Kinetic En.   Total Energy  Conserved En.    Temperature Pressure (bar)
    1.04176e+05   -3.21571e+05   -2.89861e+05    3.01351e+02   -4.67382e+02
   Constr. rmsd
    0.00000e+00

           Step           Time
        1900000     1900.00000

   Energies (kJ/mol)
        G96Bond       G96Angle    Proper Dih.  Improper Dih.          LJ-14
    1.07336e+04    2.29756e+04    5.04860e+03    1.58697e+03    1.43730e+04
     Coulomb-14        LJ (SR)   Coulomb (SR)   Coul. recip.      Potential
   -6.19612e+04    4.06471e+04   -4.61603e+05    1.66809e+03   -4.26531e+05
    Kinetic En.   Total Energy  Conserved En.    Temperature Pressure (bar)
    1.03912e+05   -3.22619e+05   -2.89703e+05    3.00589e+02   -3.09224e+01
   Constr. rmsd
    0.00000e+00

           Step           Time
        1905000     1905.00000

   Energies (kJ/mol)
        G96Bond       G96Angle    Proper Dih.  Improper Dih.          LJ-14
    1.07207e+04    2.30087e+04    5.10856e+03    1.56355e+03    1.42590e+04
     Coulomb-14        LJ (SR)   Coulomb (SR)   Coul. recip.      Potential
   -6.21438e+04    4.05599e+04   -4.61015e+05    1.61609e+03   -4.26322e+05
    Kinetic En.   Total Energy  Conserved En.    Temperature Pressure (bar)
    1.03568e+05   -3.22754e+05   -2.89807e+05    2.99595e+02    3.16989e+02
   Constr. rmsd
    0.00000e+00

           Step           Time
        1910000     1910.00000

   Energies (kJ/mol)
        G96Bond       G96Angle    Proper Dih.  Improper Dih.          LJ-14
    1.09195e+04    2.32581e+04    5.12935e+03    1.57843e+03    1.40783e+04
     Coulomb-14        LJ (SR)   Coulomb (SR)   Coul. recip.      Potential
   -6.21946e+04    3.97961e+04   -4.60823e+05    1.60502e+03   -4.26653e+05
    Kinetic En.   Total Energy  Conserved En.    Temperature Pressure (bar)
    1.03757e+05   -3.22896e+05   -2.89604e+05    3.00141e+02   -1.65100e+02
   Constr. rmsd
    0.00000e+00

           Step           Time
        1915000     1915.00000

   Energies (kJ/mol)
        G96Bond       G96Angle    Proper Dih.  Improper Dih.          LJ-14
    1.07839e+04    2.34535e+04    5.23910e+03    1.60141e+03    1.41532e+04
     Coulomb-14        LJ (SR)   Coulomb (SR)   Coul. recip.      Potential
   -6.21530e+04    3.91772e+04   -4.59513e+05    1.53793e+03   -4.25719e+05
    Kinetic En.   Total Energy  Conserved En.    Temperature Pressure (bar)
    1.04077e+05   -3.21642e+05   -2.89671e+05    3.01067e+02   -5.80088e+01
   Constr. rmsd
    0.00000e+00

           Step           Time
        1920000     1920.00000

   Energies (kJ/mol)
        G96Bond       G96Angle    Proper Dih.  Improper Dih.          LJ-14
    1.11120e+04    2.31306e+04    5.12863e+03    1.55837e+03    1.42172e+04
     Coulomb-14        LJ (SR)   Coulomb (SR)   Coul. recip.      Potential
   -6.24802e+04    4.18039e+04   -4.62339e+05    1.53325e+03   -4.26336e+05
    Kinetic En.   Total Energy  Conserved En.    Temperature Pressure (bar)
    1.04483e+05   -3.21853e+05   -2.89660e+05    3.02240e+02    7.65945e+01
   Constr. rmsd
    0.00000e+00

           Step           Time
        1925000     1925.00000

   Energies (kJ/mol)
        G96Bond       G96Angle    Proper Dih.  Improper Dih.          LJ-14
    1.07889e+04    2.32006e+04    5.21730e+03    1.53183e+03    1.42962e+04
     Coulomb-14        LJ (SR)   Coulomb (SR)   Coul. recip.      Potential
   -6.24525e+04    3.96518e+04   -4.59642e+05    1.55810e+03   -4.25850e+05
    Kinetic En.   Total Energy  Conserved En.    Temperature Pressure (bar)
    1.04119e+05   -3.21731e+05   -2.89505e+05    3.01188e+02   -1.70513e+01
   Constr. rmsd
    0.00000e+00

           Step           Time
        1930000     1930.00000

   Energies (kJ/mol)
        G96Bond       G96Angle    Proper Dih.  Improper Dih.          LJ-14
    1.07670e+04    2.30927e+04    5.18000e+03    1.63992e+03    1.41941e+04
     Coulomb-14        LJ (SR)   Coulomb (SR)   Coul. recip.      Potential
   -6.22347e+04    4.02841e+04   -4.60687e+05    1.62414e+03   -4.26140e+05
    Kinetic En.   Total Energy  Conserved En.    Temperature Pressure (bar)
    1.03340e+05   -3.22800e+05   -2.89449e+05    2.98933e+02    4.20963e+01
   Constr. rmsd
    0.00000e+00

           Step           Time
        1935000     1935.00000

   Energies (kJ/mol)
        G96Bond       G96Angle    Proper Dih.  Improper Dih.          LJ-14
    1.08186e+04    2.31154e+04    5.14131e+03    1.53337e+03    1.41861e+04
     Coulomb-14        LJ (SR)   Coulomb (SR)   Coul. recip.      Potential
   -6.21619e+04    3.97602e+04   -4.59707e+05    1.54155e+03   -4.25772e+05
    Kinetic En.   Total Energy  Conserved En.    Temperature Pressure (bar)
    1.03959e+05   -3.21813e+05   -2.89467e+05    3.00726e+02   -1.79101e+02
   Constr. rmsd
    0.00000e+00

           Step           Time
        1940000     1940.00000

   Energies (kJ/mol)
        G96Bond       G96Angle    Proper Dih.  Improper Dih.          LJ-14
    1.09468e+04    2.28616e+04    5.16067e+03    1.51610e+03    1.41796e+04
     Coulomb-14        LJ (SR)   Coulomb (SR)   Coul. recip.      Potential
   -6.21768e+04    4.00972e+04   -4.61155e+05    1.56708e+03   -4.27002e+05
    Kinetic En.   Total Energy  Conserved En.    Temperature Pressure (bar)
    1.02637e+05   -3.24365e+05   -2.89305e+05    2.96902e+02   -1.61108e+02
   Constr. rmsd
    0.00000e+00

           Step           Time
        1945000     1945.00000

   Energies (kJ/mol)
        G96Bond       G96Angle    Proper Dih.  Improper Dih.          LJ-14
    1.08248e+04    2.32901e+04    5.10020e+03    1.51859e+03    1.40954e+04
     Coulomb-14        LJ (SR)   Coulomb (SR)   Coul. recip.      Potential
   -6.23179e+04    4.00883e+04   -4.60044e+05    1.60790e+03   -4.25836e+05
    Kinetic En.   Total Energy  Conserved En.    Temperature Pressure (bar)
    1.03214e+05   -3.22622e+05   -2.89278e+05    2.98569e+02    5.99748e+01
   Constr. rmsd
    0.00000e+00

           Step           Time
        1950000     1950.00000

   Energies (kJ/mol)
        G96Bond       G96Angle    Proper Dih.  Improper Dih.          LJ-14
    1.07412e+04    2.36280e+04    5.23492e+03    1.49472e+03    1.44097e+04
     Coulomb-14        LJ (SR)   Coulomb (SR)   Coul. recip.      Potential
   -6.23448e+04    4.03852e+04   -4.60491e+05    1.61212e+03   -4.25330e+05
    Kinetic En.   Total Energy  Conserved En.    Temperature Pressure (bar)
    1.03069e+05   -3.22262e+05   -2.89167e+05    2.98149e+02    1.29131e+02
   Constr. rmsd
    0.00000e+00

           Step           Time
        1955000     1955.00000

   Energies (kJ/mol)
        G96Bond       G96Angle    Proper Dih.  Improper Dih.          LJ-14
    1.10882e+04    2.32673e+04    5.14291e+03    1.53034e+03    1.43236e+04
     Coulomb-14        LJ (SR)   Coulomb (SR)   Coul. recip.      Potential
   -6.24407e+04    3.99514e+04   -4.60613e+05    1.58820e+03   -4.26162e+05
    Kinetic En.   Total Energy  Conserved En.    Temperature Pressure (bar)
    1.03694e+05   -3.22467e+05   -2.89046e+05    2.99960e+02    4.98612e+01
   Constr. rmsd
    0.00000e+00

           Step           Time
        1960000     1960.00000

   Energies (kJ/mol)
        G96Bond       G96Angle    Proper Dih.  Improper Dih.          LJ-14
    1.08252e+04    2.32258e+04    5.08643e+03    1.46487e+03    1.41921e+04
     Coulomb-14        LJ (SR)   Coulomb (SR)   Coul. recip.      Potential
   -6.25737e+04    4.09860e+04   -4.61392e+05    1.55809e+03   -4.26627e+05
    Kinetic En.   Total Energy  Conserved En.    Temperature Pressure (bar)
    1.04492e+05   -3.22135e+05   -2.89001e+05    3.02267e+02   -9.51510e+01
   Constr. rmsd
    0.00000e+00

           Step           Time
        1965000     1965.00000

   Energies (kJ/mol)
        G96Bond       G96Angle    Proper Dih.  Improper Dih.          LJ-14
    1.08578e+04    2.32056e+04    5.12212e+03    1.55168e+03    1.42589e+04
     Coulomb-14        LJ (SR)   Coulomb (SR)   Coul. recip.      Potential
   -6.24442e+04    4.00533e+04   -4.60588e+05    1.65988e+03   -4.26324e+05
    Kinetic En.   Total Energy  Conserved En.    Temperature Pressure (bar)
    1.02773e+05   -3.23550e+05   -2.88909e+05    2.97295e+02   -1.68498e+02
   Constr. rmsd
    0.00000e+00

           Step           Time
        1970000     1970.00000

   Energies (kJ/mol)
        G96Bond       G96Angle    Proper Dih.  Improper Dih.          LJ-14
    1.08359e+04    2.28196e+04    5.23249e+03    1.52293e+03    1.43660e+04
     Coulomb-14        LJ (SR)   Coulomb (SR)   Coul. recip.      Potential
   -6.24535e+04    4.03039e+04   -4.61017e+05    1.56108e+03   -4.26829e+05
    Kinetic En.   Total Energy  Conserved En.    Temperature Pressure (bar)
    1.03748e+05   -3.23081e+05   -2.88697e+05    3.00116e+02    2.35195e+02
   Constr. rmsd
    0.00000e+00

           Step           Time
        1975000     1975.00000

   Energies (kJ/mol)
        G96Bond       G96Angle    Proper Dih.  Improper Dih.          LJ-14
    1.06871e+04    2.31241e+04    5.16917e+03    1.48425e+03    1.42727e+04
     Coulomb-14        LJ (SR)   Coulomb (SR)   Coul. recip.      Potential
   -6.24156e+04    4.04143e+04   -4.61090e+05    1.63878e+03   -4.26715e+05
    Kinetic En.   Total Energy  Conserved En.    Temperature Pressure (bar)
    1.03868e+05   -3.22847e+05   -2.88379e+05    3.00462e+02   -4.27933e+01
   Constr. rmsd
    0.00000e+00

           Step           Time
        1980000     1980.00000

   Energies (kJ/mol)
        G96Bond       G96Angle    Proper Dih.  Improper Dih.          LJ-14
    1.09011e+04    2.34460e+04    5.05609e+03    1.52576e+03    1.41214e+04
     Coulomb-14        LJ (SR)   Coulomb (SR)   Coul. recip.      Potential
   -6.24781e+04    3.98365e+04   -4.59161e+05    1.65253e+03   -4.25100e+05
    Kinetic En.   Total Energy  Conserved En.    Temperature Pressure (bar)
    1.03428e+05   -3.21672e+05   -2.88278e+05    2.99189e+02    1.23154e+02
   Constr. rmsd
    0.00000e+00

           Step           Time
        1985000     1985.00000

   Energies (kJ/mol)
        G96Bond       G96Angle    Proper Dih.  Improper Dih.          LJ-14
    1.09281e+04    2.29055e+04    5.06917e+03    1.55200e+03    1.41215e+04
     Coulomb-14        LJ (SR)   Coulomb (SR)   Coul. recip.      Potential
   -6.23725e+04    4.00279e+04   -4.60887e+05    1.62127e+03   -4.27034e+05
    Kinetic En.   Total Energy  Conserved En.    Temperature Pressure (bar)
    1.03645e+05   -3.23389e+05   -2.88212e+05    2.99817e+02   -6.73316e+01
   Constr. rmsd
    0.00000e+00

           Step           Time
        1990000     1990.00000

   Energies (kJ/mol)
        G96Bond       G96Angle    Proper Dih.  Improper Dih.          LJ-14
    1.07263e+04    2.30677e+04    5.18027e+03    1.54393e+03    1.40083e+04
     Coulomb-14        LJ (SR)   Coulomb (SR)   Coul. recip.      Potential
   -6.23829e+04    3.86788e+04   -4.58261e+05    1.58063e+03   -4.25858e+05
    Kinetic En.   Total Energy  Conserved En.    Temperature Pressure (bar)
    1.03684e+05   -3.22175e+05   -2.88081e+05    2.99929e+02   -2.02942e+02
   Constr. rmsd
    0.00000e+00

           Step           Time
        1995000     1995.00000

   Energies (kJ/mol)
        G96Bond       G96Angle    Proper Dih.  Improper Dih.          LJ-14
    1.08289e+04    2.31785e+04    5.02137e+03    1.57857e+03    1.38289e+04
     Coulomb-14        LJ (SR)   Coulomb (SR)   Coul. recip.      Potential
   -6.24066e+04    3.93276e+04   -4.59029e+05    1.66342e+03   -4.26008e+05
    Kinetic En.   Total Energy  Conserved En.    Temperature Pressure (bar)
    1.03940e+05   -3.22068e+05   -2.88021e+05    3.00669e+02   -3.15675e+02
   Constr. rmsd
    0.00000e+00

           Step           Time
        2000000     2000.00000

Writing checkpoint, step 2000000 at Fri Aug 15 18:20:50 2025


   Energies (kJ/mol)
        G96Bond       G96Angle    Proper Dih.  Improper Dih.          LJ-14
    1.07765e+04    2.35733e+04    5.11499e+03    1.56917e+03    1.39934e+04
     Coulomb-14        LJ (SR)   Coulomb (SR)   Coul. recip.      Potential
   -6.23376e+04    4.02627e+04   -4.59862e+05    1.66129e+03   -4.25249e+05
    Kinetic En.   Total Energy  Conserved En.    Temperature Pressure (bar)
    1.04420e+05   -3.20829e+05   -2.87891e+05    3.02058e+02   -1.24672e+02
   Constr. rmsd
    0.00000e+00


Energy conservation over simulation part #1 of length 2000 ps, time 0 to 2000 ps
  Conserved energy drift: 4.31e-04 kJ/mol/ps per atom


	<======  ###############  ==>
	<====  A V E R A G E S  ====>
	<==  ###############  ======>

	Statistics over 2000001 steps using 20001 frames

   Energies (kJ/mol)
        G96Bond       G96Angle    Proper Dih.  Improper Dih.          LJ-14
    1.08739e+04    2.31058e+04    5.12025e+03    1.55936e+03    1.41591e+04
     Coulomb-14        LJ (SR)   Coulomb (SR)   Coul. recip.      Potential
   -6.22798e+04    3.99443e+04   -4.59755e+05    1.61746e+03   -4.25654e+05
    Kinetic En.   Total Energy  Conserved En.    Temperature Pressure (bar)
    1.03741e+05   -3.21913e+05   -3.04625e+05    3.00095e+02   -5.73967e+00
   Constr. rmsd
    0.00000e+00

          Box-X          Box-Y          Box-Z
    1.00000e+01    1.00000e+01    4.04319e+00

   Total Virial (kJ/mol)
    3.43908e+04    2.30359e+01   -2.94575e+01
    2.30470e+01    3.50484e+04   -1.68222e+01
   -2.94538e+01   -1.68229e+01    3.45154e+04

   Pressure (bar)
    2.19070e+01   -9.56700e-01   -1.22464e+00
   -9.57605e-01   -3.50556e+01    3.07492e+00
   -1.22495e+00    3.07497e+00   -4.07040e+00


	M E G A - F L O P S   A C C O U N T I N G

 NB=Group-cutoff nonbonded kernels    NxN=N-by-N cluster Verlet kernels
 RF=Reaction-Field  VdW=Van der Waals  QSTab=quadratic-spline table
 W3=SPC/TIP3p  W4=TIP4p (single or pairs)
 V&F=Potential and force  V=Potential only  F=Force only

 Computing:                               M-Number         M-Flops  % Flops
-----------------------------------------------------------------------------
 Pair Search distance check           84747.447200      762727.025     0.0
 NxN Ewald Elec. + LJ [F]          85824496.124928  6694310697.744    98.1
 NxN Ewald Elec. + LJ [V&F]          866957.447872   111837510.775     1.6
 1,4 nonbonded interactions           57224.028612     5150162.575     0.1
 Shift-X                                771.458571        4628.751     0.0
 Bonds                                12244.006122      722396.361     0.0
 Angles                               40040.020020     6726723.363     0.1
 Propers                              11856.005928     2715025.358     0.0
 Impropers                             4588.002294      954304.477     0.0
 Virial                                 772.358616       13902.455     0.0
 Stop-CM                                771.458571        7714.586     0.0
 P-Coupling                             771.458571        4628.751     0.0
 Calc-Ekin                             1542.917142       41658.763     0.0
-----------------------------------------------------------------------------
 Total                                              6823252080.985   100.0
-----------------------------------------------------------------------------


      R E A L   C Y C L E   A N D   T I M E   A C C O U N T I N G

On 1 MPI rank, each using 12 OpenMP threads

 Activity:              Num   Num      Call    Wall time         Giga-Cycles
                        Ranks Threads  Count      (s)         total sum    %
--------------------------------------------------------------------------------
 Neighbor search           1   12      20001      66.032       2129.947   2.5
 Launch PP GPU ops.        1   12    3980001      71.696       2312.673   2.7
 Force                     1   12    2000001     474.957      15320.436  18.0
 PME GPU mesh              1   12    2000001      63.108       2035.635   2.4
 Wait GPU NB local         1   12    2000001      39.301       1267.704   1.5
 Wait GPU state copy       1   12    2120003    1901.903      61348.658  72.1
 NB X/F buffer ops.        1   12      20001       0.766         24.696   0.0
 Write traj.               1   12        403       4.991        161.005   0.2
 Rest                                             15.355        495.304   0.6
--------------------------------------------------------------------------------
 Total                                          2638.109      85096.059 100.0
--------------------------------------------------------------------------------
 Breakdown of PME mesh activities
--------------------------------------------------------------------------------
 Wait PME GPU gather       1   12    2000001       2.290         73.863   0.1
 Reduce GPU PME F          1   12    2000001       0.319         10.282   0.0
 Launch PME GPU ops.       1   12   18000009      58.170       1876.344   2.2
--------------------------------------------------------------------------------

               Core t (s)   Wall t (s)        (%)
       Time:    31657.263     2638.109     1200.0
                         43:58
                 (ns/day)    (hour/ns)
Performance:       65.501        0.366
Finished mdrun on rank 0 Fri Aug 15 18:20:50 2025

